/*
SQLyog Ultimate v11.27 (32 bit)
MySQL - 5.7.11-log : Database - smertbox
*********************************************************************
*/

/*!40101 SET NAMES utf8 */;

/*!40101 SET SQL_MODE=''*/;

/*!40014 SET @OLD_UNIQUE_CHECKS=@@UNIQUE_CHECKS, UNIQUE_CHECKS=0 */;
/*!40014 SET @OLD_FOREIGN_KEY_CHECKS=@@FOREIGN_KEY_CHECKS, FOREIGN_KEY_CHECKS=0 */;
/*!40101 SET @OLD_SQL_MODE=@@SQL_MODE, SQL_MODE='NO_AUTO_VALUE_ON_ZERO' */;
/*!40111 SET @OLD_SQL_NOTES=@@SQL_NOTES, SQL_NOTES=0 */;
CREATE DATABASE /*!32312 IF NOT EXISTS*/`smertbox` /*!40100 DEFAULT CHARACTER SET utf8 COLLATE utf8_bin */;

USE `smertbox`;

/*Table structure for table `cm_attachment` */

DROP TABLE IF EXISTS `cm_attachment`;

CREATE TABLE `cm_attachment` (
  `attachment_id` varchar(50) COLLATE utf8_bin NOT NULL COMMENT '附件ID',
  `original_name` varchar(200) COLLATE utf8_bin DEFAULT NULL COMMENT '原文件名称',
  `name` varchar(200) COLLATE utf8_bin DEFAULT NULL COMMENT '附件名称',
  `description` varchar(100) COLLATE utf8_bin DEFAULT NULL COMMENT '附件描述',
  `type` varchar(50) COLLATE utf8_bin DEFAULT NULL COMMENT '附件类型',
  `prefix` varchar(200) COLLATE utf8_bin DEFAULT NULL COMMENT '附件前缀',
  `suffix` varchar(100) COLLATE utf8_bin DEFAULT NULL COMMENT '附件后缀',
  `physical_addr` varchar(200) COLLATE utf8_bin DEFAULT NULL COMMENT '附件物理地址',
  `relative_addr` varchar(200) COLLATE utf8_bin DEFAULT NULL COMMENT '附件相对位置',
  `access_addr` varchar(200) COLLATE utf8_bin DEFAULT NULL COMMENT '附件访问地址',
  `pk_table` varchar(100) COLLATE utf8_bin DEFAULT NULL COMMENT '附件所属表',
  `pk_id` varchar(50) COLLATE utf8_bin DEFAULT NULL COMMENT '附件所属表ID',
  `ct_user_id` varchar(50) COLLATE utf8_bin DEFAULT NULL COMMENT '附件上传人',
  `create_time` datetime DEFAULT NULL COMMENT '附件上传时间',
  `allow_del` decimal(1,0) DEFAULT NULL COMMENT '允许删除',
  `allow_edit` decimal(1,0) DEFAULT NULL COMMENT '允许修改',
  `up_user_id` varchar(50) COLLATE utf8_bin DEFAULT NULL COMMENT '修改人',
  `up_time` datetime DEFAULT NULL COMMENT '修改日期',
  `note` varchar(100) COLLATE utf8_bin DEFAULT NULL COMMENT '备注',
  `del` decimal(1,0) DEFAULT NULL COMMENT '删除标记',
  PRIMARY KEY (`attachment_id`)
) ENGINE=InnoDB DEFAULT CHARSET=utf8 COLLATE=utf8_bin COMMENT='附件表';

/*Data for the table `cm_attachment` */

insert  into `cm_attachment`(`attachment_id`,`original_name`,`name`,`description`,`type`,`prefix`,`suffix`,`physical_addr`,`relative_addr`,`access_addr`,`pk_table`,`pk_id`,`ct_user_id`,`create_time`,`allow_del`,`allow_edit`,`up_user_id`,`up_time`,`note`,`del`) values ('00481176-D721-4CBB-9C14-08054D29956C','0JwVZaW.jpg','00481176-D721-4CBB-9C14-08054D29956C.jpg',NULL,NULL,'0JwVZaW','jpg','D:/Software-cache/Server/File_Cache/20160929/00481176-D721-4CBB-9C14-08054D29956C.jpg','20160929/00481176-D721-4CBB-9C14-08054D29956C.jpg',NULL,NULL,NULL,'admin','2016-09-29 21:32:52',NULL,NULL,NULL,NULL,NULL,'0'),('00976272-64AE-4FAB-8F31-DCA57C24F4C7','1348626708243.jpg','00976272-64AE-4FAB-8F31-DCA57C24F4C7.jpg',NULL,NULL,'1348626708243','jpg','D:/Software-cache/Server/File_Cache/20161023/00976272-64AE-4FAB-8F31-DCA57C24F4C7.jpg','20161023/00976272-64AE-4FAB-8F31-DCA57C24F4C7.jpg',NULL,NULL,NULL,'admin','2016-10-23 20:00:59',NULL,NULL,NULL,NULL,NULL,'0'),('0216CA0F-2541-459C-9F21-6682C16EA83B','1.png','0216CA0F-2541-459C-9F21-6682C16EA83B.png',NULL,NULL,'1','png','D:/Software-cache/Server/File_Cache/20160928/0216CA0F-2541-459C-9F21-6682C16EA83B.png','20160928/0216CA0F-2541-459C-9F21-6682C16EA83B.png',NULL,NULL,NULL,'admin','2016-09-28 23:40:37',NULL,NULL,NULL,NULL,NULL,'0'),('025BBD15-EF9E-4A99-97EE-0E0D77E952B4','00007.jpg','025BBD15-EF9E-4A99-97EE-0E0D77E952B4.jpg',NULL,NULL,'00007','jpg','D:/Software-cache/Server/File_Cache/20160924/025BBD15-EF9E-4A99-97EE-0E0D77E952B4.jpg','20160924/025BBD15-EF9E-4A99-97EE-0E0D77E952B4.jpg',NULL,NULL,NULL,'admin','2016-09-24 18:23:17',NULL,NULL,NULL,NULL,NULL,'0'),('04C22FA6-8482-4043-BF5F-07D03AF87209','1348626579983.jpg','04C22FA6-8482-4043-BF5F-07D03AF87209.jpg',NULL,NULL,'1348626579983','jpg','D:/Software-cache/Server/File_Cache/20160929/04C22FA6-8482-4043-BF5F-07D03AF87209.jpg','20160929/04C22FA6-8482-4043-BF5F-07D03AF87209.jpg',NULL,NULL,NULL,'admin','2016-09-29 23:00:27',NULL,NULL,NULL,NULL,NULL,'0'),('05D6214F-3186-493C-A79B-BCFDDB03E3D9','16.jpg','05D6214F-3186-493C-A79B-BCFDDB03E3D9.jpg',NULL,NULL,'16','jpg','D:/Software-cache/Server/File_Cache/20160924/05D6214F-3186-493C-A79B-BCFDDB03E3D9.jpg','20160924/05D6214F-3186-493C-A79B-BCFDDB03E3D9.jpg',NULL,NULL,NULL,'admin','2016-09-24 19:14:50',NULL,NULL,NULL,NULL,NULL,'0'),('06A0A580-6ED8-4EEE-A5CD-50648522A440','02310198.jpg.thumb.jpg','06A0A580-6ED8-4EEE-A5CD-50648522A440.jpg',NULL,NULL,'02310198.jpg.thumb','jpg','D:/Software-cache/Server/File_Cache/20160924/06A0A580-6ED8-4EEE-A5CD-50648522A440.jpg','20160924/06A0A580-6ED8-4EEE-A5CD-50648522A440.jpg',NULL,NULL,NULL,'admin','2016-09-24 19:14:13',NULL,NULL,NULL,NULL,NULL,'0'),('0B65474E-F10D-4057-AA64-3829BB1620B5','logo-new.png','0B65474E-F10D-4057-AA64-3829BB1620B5.png',NULL,NULL,'logo-new','png','D:/Software-cache/Server/File_Cache/20160924/0B65474E-F10D-4057-AA64-3829BB1620B5.png','20160924/0B65474E-F10D-4057-AA64-3829BB1620B5.png',NULL,NULL,NULL,'admin','2016-09-24 18:06:48',NULL,NULL,NULL,NULL,NULL,'0'),('0CD35069-5B48-4791-8590-BBD190FEC88F','3GcqLNY.jpg','0CD35069-5B48-4791-8590-BBD190FEC88F.jpg',NULL,NULL,'3GcqLNY','jpg','D:/Software-cache/Server/File_Cache/20160924/0CD35069-5B48-4791-8590-BBD190FEC88F.jpg','20160924/0CD35069-5B48-4791-8590-BBD190FEC88F.jpg',NULL,NULL,NULL,'admin','2016-09-24 18:44:48',NULL,NULL,NULL,NULL,NULL,'0'),('0CF658CC-9FC6-496C-B560-1F77C6F9E62F','1348626579983.jpg','0CF658CC-9FC6-496C-B560-1F77C6F9E62F.jpg',NULL,NULL,'1348626579983','jpg','D:/Software-cache/Server/File_Cache/20161020/0CF658CC-9FC6-496C-B560-1F77C6F9E62F.jpg','20161020/0CF658CC-9FC6-496C-B560-1F77C6F9E62F.jpg',NULL,NULL,NULL,'admin','2016-10-20 22:59:53',NULL,NULL,NULL,NULL,NULL,'0'),('0E577694-D93E-4881-86D5-1F7D6ADD36C7','00003.jpg','0E577694-D93E-4881-86D5-1F7D6ADD36C7.jpg',NULL,NULL,'00003','jpg','D:/Software-cache/Server/File_Cache/20160929/0E577694-D93E-4881-86D5-1F7D6ADD36C7.jpg','20160929/0E577694-D93E-4881-86D5-1F7D6ADD36C7.jpg',NULL,NULL,NULL,'admin','2016-09-29 21:21:29',NULL,NULL,NULL,NULL,NULL,'0'),('0EB7D745-8279-4915-9A82-33B51B495293','5b2cc8fcc3cec3fd02777b08d588d43f869427c5.gif','0EB7D745-8279-4915-9A82-33B51B495293.gif',NULL,NULL,'5b2cc8fcc3cec3fd02777b08d588d43f869427c5','gif','D:/Software-cache/Server/File_Cache/20160927/0EB7D745-8279-4915-9A82-33B51B495293.gif','20160927/0EB7D745-8279-4915-9A82-33B51B495293.gif',NULL,NULL,NULL,'admin','2016-09-27 23:27:47',NULL,NULL,NULL,NULL,NULL,'0'),('11580528-281B-4BC7-9C9C-42257E08FA47','02310198.jpg.thumb.jpg','11580528-281B-4BC7-9C9C-42257E08FA47.jpg',NULL,NULL,'02310198.jpg.thumb','jpg','D:/Software-cache/Server/File_Cache/20161026/11580528-281B-4BC7-9C9C-42257E08FA47.jpg','20161026/11580528-281B-4BC7-9C9C-42257E08FA47.jpg',NULL,NULL,NULL,'admin','2016-10-26 22:51:46',NULL,NULL,NULL,NULL,NULL,'0'),('11878EB1-2EBF-4EBB-AC8A-B13BD0361948','2.jpg','11878EB1-2EBF-4EBB-AC8A-B13BD0361948.jpg',NULL,NULL,'2','jpg','D:/Software-cache/Server/File_Cache/20160928/11878EB1-2EBF-4EBB-AC8A-B13BD0361948.jpg','20160928/11878EB1-2EBF-4EBB-AC8A-B13BD0361948.jpg',NULL,NULL,NULL,'admin','2016-09-28 22:00:00',NULL,NULL,NULL,NULL,NULL,'0'),('14B628E7-0B44-4513-989C-9F734A52E2EB','00000.jpg','14B628E7-0B44-4513-989C-9F734A52E2EB.jpg',NULL,NULL,'00000','jpg','D:/Software-cache/Server/File_Cache/20160924/14B628E7-0B44-4513-989C-9F734A52E2EB.jpg','20160924/14B628E7-0B44-4513-989C-9F734A52E2EB.jpg',NULL,NULL,NULL,'admin','2016-09-24 18:48:22',NULL,NULL,NULL,NULL,NULL,'1'),('17E29818-D4F6-4388-945D-1AF69F6F0D11','3347542_085126865000_2.jpg','17E29818-D4F6-4388-945D-1AF69F6F0D11.jpg',NULL,NULL,'3347542_085126865000_2','jpg','D:/Software-cache/Server/File_Cache/20161023/17E29818-D4F6-4388-945D-1AF69F6F0D11.jpg','20161023/17E29818-D4F6-4388-945D-1AF69F6F0D11.jpg',NULL,NULL,NULL,'admin','2016-10-23 22:45:44',NULL,NULL,NULL,NULL,NULL,'0'),('19FDFFB7-FFE5-42E6-AF80-AD5E7B698699','b0b63529gw1eb1wwtgu13g209w05kqq4.gif','19FDFFB7-FFE5-42E6-AF80-AD5E7B698699.gif',NULL,NULL,'b0b63529gw1eb1wwtgu13g209w05kqq4','gif','D:/Software-cache/Server/File_Cache/20160928/19FDFFB7-FFE5-42E6-AF80-AD5E7B698699.gif','20160928/19FDFFB7-FFE5-42E6-AF80-AD5E7B698699.gif',NULL,NULL,NULL,'admin','2016-09-28 20:38:24',NULL,NULL,NULL,NULL,NULL,'0'),('1A5DA612-65C4-4363-9F95-10B84938DB01','1348218169475.jpg','1A5DA612-65C4-4363-9F95-10B84938DB01.jpg',NULL,NULL,'1348218169475','jpg','D:/Software-cache/Server/File_Cache/20161023/1A5DA612-65C4-4363-9F95-10B84938DB01.jpg','20161023/1A5DA612-65C4-4363-9F95-10B84938DB01.jpg',NULL,NULL,NULL,'admin','2016-10-23 20:01:58',NULL,NULL,NULL,NULL,NULL,'0'),('1E6279E4-955C-4060-97D4-59F1C9762CB0','1419385302679.jpg','1E6279E4-955C-4060-97D4-59F1C9762CB0.jpg',NULL,NULL,'1419385302679','jpg','D:/Software-cache/Server/File_Cache/20160929/1E6279E4-955C-4060-97D4-59F1C9762CB0.jpg','20160929/1E6279E4-955C-4060-97D4-59F1C9762CB0.jpg',NULL,NULL,NULL,'admin','2016-09-29 21:24:40',NULL,NULL,NULL,NULL,NULL,'0'),('1EEC829B-F20A-4E9A-9ECA-051D693B6FF8','b0b63529gw1eb1wwtgu13g209w05kqq4.gif','1EEC829B-F20A-4E9A-9ECA-051D693B6FF8.gif',NULL,NULL,'b0b63529gw1eb1wwtgu13g209w05kqq4','gif','D:/Software-cache/Server/File_Cache/20160928/1EEC829B-F20A-4E9A-9ECA-051D693B6FF8.gif','20160928/1EEC829B-F20A-4E9A-9ECA-051D693B6FF8.gif',NULL,NULL,NULL,'admin','2016-09-28 20:31:53',NULL,NULL,NULL,NULL,NULL,'0'),('1F44742E-AE88-4818-B187-E90BE247D86B','16.jpg','1F44742E-AE88-4818-B187-E90BE247D86B.jpg',NULL,NULL,'16','jpg','D:/Software-cache/Server/File_Cache/20160924/1F44742E-AE88-4818-B187-E90BE247D86B.jpg','20160924/1F44742E-AE88-4818-B187-E90BE247D86B.jpg',NULL,NULL,NULL,'admin','2016-09-24 19:04:56',NULL,NULL,NULL,NULL,NULL,'0'),('24B01AF2-E605-4080-8321-893AD8B0E25B','02310198.jpg.thumb.jpg','24B01AF2-E605-4080-8321-893AD8B0E25B.jpg',NULL,NULL,'02310198.jpg.thumb','jpg','D:/Software-cache/Server/File_Cache/20161027/24B01AF2-E605-4080-8321-893AD8B0E25B.jpg','20161027/24B01AF2-E605-4080-8321-893AD8B0E25B.jpg',NULL,NULL,NULL,'admin','2016-10-27 22:35:55',NULL,NULL,NULL,NULL,NULL,'0'),('2779E348-257D-4B96-909C-E16F21FB3262','00006.jpg','2779E348-257D-4B96-909C-E16F21FB3262.jpg',NULL,NULL,'00006','jpg','D:/Software-cache/Server/File_Cache/20160924/2779E348-257D-4B96-909C-E16F21FB3262.jpg','20160924/2779E348-257D-4B96-909C-E16F21FB3262.jpg',NULL,NULL,NULL,'admin','2016-09-24 21:38:16',NULL,NULL,NULL,NULL,NULL,'0'),('2C811085-EFCE-48EF-B8DF-B0F2FDA02B00','logo.jpg','2C811085-EFCE-48EF-B8DF-B0F2FDA02B00.jpg',NULL,NULL,'logo','jpg','D:/Software-cache/Server/File_Cache/20160924/2C811085-EFCE-48EF-B8DF-B0F2FDA02B00.jpg','20160924/2C811085-EFCE-48EF-B8DF-B0F2FDA02B00.jpg',NULL,NULL,NULL,'admin','2016-09-24 18:04:27',NULL,NULL,NULL,NULL,NULL,'0'),('2C85943A-2ECD-43E4-BAC3-D9572DCDD56F','3347542_085126865000_2.jpg','2C85943A-2ECD-43E4-BAC3-D9572DCDD56F.jpg',NULL,NULL,'3347542_085126865000_2','jpg','D:/Software-cache/Server/File_Cache/20161108/2C85943A-2ECD-43E4-BAC3-D9572DCDD56F.jpg','20161108/2C85943A-2ECD-43E4-BAC3-D9572DCDD56F.jpg',NULL,NULL,NULL,'admin','2016-11-08 21:53:29',NULL,NULL,NULL,NULL,NULL,'0'),('2CBE3B3B-8AA3-4133-9048-82D67DCFEB84','16.jpg','2CBE3B3B-8AA3-4133-9048-82D67DCFEB84.jpg',NULL,NULL,'16','jpg','D:/Software-cache/Server/File_Cache/20161023/2CBE3B3B-8AA3-4133-9048-82D67DCFEB84.jpg','20161023/2CBE3B3B-8AA3-4133-9048-82D67DCFEB84.jpg',NULL,NULL,NULL,'admin','2016-10-23 22:42:47',NULL,NULL,NULL,NULL,NULL,'0'),('307C1399-742F-43F0-BC77-5D7B6056A678','1348626579983.jpg','307C1399-742F-43F0-BC77-5D7B6056A678.jpg',NULL,NULL,'1348626579983','jpg','D:/Software-cache/Server/File_Cache/20160929/307C1399-742F-43F0-BC77-5D7B6056A678.jpg','20160929/307C1399-742F-43F0-BC77-5D7B6056A678.jpg',NULL,NULL,NULL,'admin','2016-09-29 22:20:23',NULL,NULL,NULL,NULL,NULL,'0'),('329729F9-1A8B-4316-908B-1ED908D21997','1348626708243.jpg','329729F9-1A8B-4316-908B-1ED908D21997.jpg',NULL,NULL,'1348626708243','jpg','D:/Software-cache/Server/File_Cache/20161023/329729F9-1A8B-4316-908B-1ED908D21997.jpg','20161023/329729F9-1A8B-4316-908B-1ED908D21997.jpg',NULL,NULL,NULL,'admin','2016-10-23 20:02:46',NULL,NULL,NULL,NULL,NULL,'0'),('331A074D-6931-4F9D-A3EA-41D3B08F98E5','16.jpg','331A074D-6931-4F9D-A3EA-41D3B08F98E5.jpg',NULL,NULL,'16','jpg','D:/Software-cache/Server/File_Cache/20160924/331A074D-6931-4F9D-A3EA-41D3B08F98E5.jpg','20160924/331A074D-6931-4F9D-A3EA-41D3B08F98E5.jpg',NULL,NULL,NULL,'admin','2016-09-24 19:24:46',NULL,NULL,NULL,NULL,NULL,'0'),('3CD69E11-4CE0-46E4-8C3B-26CFB028BF7F','2f74c1db7d74abf.jpg','3CD69E11-4CE0-46E4-8C3B-26CFB028BF7F.jpg',NULL,NULL,'2f74c1db7d74abf','jpg','D:/Software-cache/Server/File_Cache/20160928/3CD69E11-4CE0-46E4-8C3B-26CFB028BF7F.jpg','20160928/3CD69E11-4CE0-46E4-8C3B-26CFB028BF7F.jpg',NULL,NULL,NULL,'admin','2016-09-28 21:51:35',NULL,NULL,NULL,NULL,NULL,'0'),('3E474E2B-EC22-4F84-AEE5-5B62DA2D6684','1348560998933.jpg','3E474E2B-EC22-4F84-AEE5-5B62DA2D6684.jpg',NULL,NULL,'1348560998933','jpg','D:/Software-cache/Server/File_Cache/20161008/3E474E2B-EC22-4F84-AEE5-5B62DA2D6684.jpg','20161008/3E474E2B-EC22-4F84-AEE5-5B62DA2D6684.jpg',NULL,NULL,NULL,'admin','2016-10-08 21:22:07',NULL,NULL,NULL,NULL,NULL,'0'),('40F278A3-8E6A-4B46-A47D-31DDFE9699FD','1348626708243.jpg','40F278A3-8E6A-4B46-A47D-31DDFE9699FD.jpg',NULL,NULL,'1348626708243','jpg','D:/Software-cache/Server/File_Cache/20161017/40F278A3-8E6A-4B46-A47D-31DDFE9699FD.jpg','20161017/40F278A3-8E6A-4B46-A47D-31DDFE9699FD.jpg',NULL,NULL,NULL,'admin','2016-10-17 23:31:15',NULL,NULL,NULL,NULL,NULL,'0'),('421D984E-25F5-45BC-B009-5A731969E73F','00000.jpg','421D984E-25F5-45BC-B009-5A731969E73F.jpg',NULL,NULL,'00000','jpg','D:/Software-cache/Server/File_Cache/20160924/421D984E-25F5-45BC-B009-5A731969E73F.jpg','20160924/421D984E-25F5-45BC-B009-5A731969E73F.jpg',NULL,NULL,NULL,'admin','2016-09-24 21:34:44',NULL,NULL,NULL,NULL,NULL,'1'),('4469470E-240F-4330-AF30-C2E2757F0328','02310198.jpg.thumb.jpg','4469470E-240F-4330-AF30-C2E2757F0328.jpg',NULL,NULL,'02310198.jpg.thumb','jpg','D:/Software-cache/Server/File_Cache/20160924/4469470E-240F-4330-AF30-C2E2757F0328.jpg','20160924/4469470E-240F-4330-AF30-C2E2757F0328.jpg',NULL,NULL,NULL,'admin','2016-09-24 19:10:02',NULL,NULL,NULL,NULL,NULL,'0'),('4752F0CE-9F5E-4ECE-9CEE-3D42260094AE','sina-logo.jpg','4752F0CE-9F5E-4ECE-9CEE-3D42260094AE.jpg',NULL,NULL,'sina-logo','jpg','D:/Software-cache/Server/File_Cache/20160924/4752F0CE-9F5E-4ECE-9CEE-3D42260094AE.jpg','20160924/4752F0CE-9F5E-4ECE-9CEE-3D42260094AE.jpg',NULL,NULL,NULL,'admin','2016-09-24 18:01:16',NULL,NULL,NULL,NULL,NULL,'0'),('482BA32D-AF72-4F4C-903A-DF127063728C','16.jpg','482BA32D-AF72-4F4C-903A-DF127063728C.jpg',NULL,NULL,'16','jpg','D:/Software-cache/Server/File_Cache/20161108/482BA32D-AF72-4F4C-903A-DF127063728C.jpg','20161108/482BA32D-AF72-4F4C-903A-DF127063728C.jpg',NULL,NULL,NULL,'admin','2016-11-08 22:44:51',NULL,NULL,NULL,NULL,NULL,'0'),('4B09588E-DF26-4B3E-A3AD-4D932316D79B','02310198.jpg.thumb.jpg','4B09588E-DF26-4B3E-A3AD-4D932316D79B.jpg',NULL,NULL,'02310198.jpg.thumb','jpg','D:/Software-cache/Server/File_Cache/20160925/4B09588E-DF26-4B3E-A3AD-4D932316D79B.jpg','20160925/4B09588E-DF26-4B3E-A3AD-4D932316D79B.jpg',NULL,NULL,NULL,'admin','2016-09-25 00:16:41',NULL,NULL,NULL,NULL,NULL,'0'),('52CAEDDA-2A2B-4125-8618-7885BE84CB70','2f74c1db7d74abf.jpg','52CAEDDA-2A2B-4125-8618-7885BE84CB70.jpg',NULL,NULL,'2f74c1db7d74abf','jpg','D:/Software-cache/Server/File_Cache/20160927/52CAEDDA-2A2B-4125-8618-7885BE84CB70.jpg','20160927/52CAEDDA-2A2B-4125-8618-7885BE84CB70.jpg',NULL,NULL,NULL,'admin','2016-09-27 23:43:59',NULL,NULL,NULL,NULL,NULL,'0'),('5325EA16-B3BC-4EE8-8971-DE3B93E4C413','6f93422c11dfa9ecb47c597f62d0f703908fc1cc.gif','5325EA16-B3BC-4EE8-8971-DE3B93E4C413.gif',NULL,NULL,'6f93422c11dfa9ecb47c597f62d0f703908fc1cc','gif','D:/Software-cache/Server/File_Cache/20160927/5325EA16-B3BC-4EE8-8971-DE3B93E4C413.gif','20160927/5325EA16-B3BC-4EE8-8971-DE3B93E4C413.gif',NULL,NULL,NULL,'admin','2016-09-27 23:51:52',NULL,NULL,NULL,NULL,NULL,'0'),('5581EF1F-6E27-46B4-8AAD-B1B1ED25A583','3e184c2a6059252dc50e97a0349b033b5ab5b95f.gif','5581EF1F-6E27-46B4-8AAD-B1B1ED25A583.gif',NULL,NULL,'3e184c2a6059252dc50e97a0349b033b5ab5b95f','gif','D:/Software-cache/Server/File_Cache/20160928/5581EF1F-6E27-46B4-8AAD-B1B1ED25A583.gif','20160928/5581EF1F-6E27-46B4-8AAD-B1B1ED25A583.gif',NULL,NULL,NULL,'admin','2016-09-28 20:39:41',NULL,NULL,NULL,NULL,NULL,'0'),('573DE7D3-8AA8-4932-9B0C-7A68ABDE4729','02310198.jpg.thumb.jpg','573DE7D3-8AA8-4932-9B0C-7A68ABDE4729.jpg',NULL,NULL,'02310198.jpg.thumb','jpg','D:/Software-cache/Server/File_Cache/20161108/573DE7D3-8AA8-4932-9B0C-7A68ABDE4729.jpg','20161108/573DE7D3-8AA8-4932-9B0C-7A68ABDE4729.jpg',NULL,NULL,NULL,'admin','2016-11-08 23:19:24',NULL,NULL,NULL,NULL,NULL,'0'),('5C6B77CF-0EAA-4403-AA6C-32A1CF1D0FAD','02310198.jpg.thumb.jpg','5C6B77CF-0EAA-4403-AA6C-32A1CF1D0FAD.jpg',NULL,NULL,'02310198.jpg.thumb','jpg','D:/Software-cache/Server/File_Cache/20160925/5C6B77CF-0EAA-4403-AA6C-32A1CF1D0FAD.jpg','20160925/5C6B77CF-0EAA-4403-AA6C-32A1CF1D0FAD.jpg',NULL,NULL,NULL,'admin','2016-09-25 00:30:44',NULL,NULL,NULL,NULL,NULL,'0'),('5CDF440F-CA97-4DDF-AFAD-5C6206E35340','02310198.jpg.thumb.jpg','5CDF440F-CA97-4DDF-AFAD-5C6206E35340.jpg',NULL,NULL,'02310198.jpg.thumb','jpg','D:/Software-cache/Server/File_Cache/20160925/5CDF440F-CA97-4DDF-AFAD-5C6206E35340.jpg','20160925/5CDF440F-CA97-4DDF-AFAD-5C6206E35340.jpg',NULL,NULL,NULL,'admin','2016-09-25 15:11:41',NULL,NULL,NULL,NULL,NULL,'0'),('6066EB19-5FD8-4336-AAE6-1CED4F0B437C','16.jpg','6066EB19-5FD8-4336-AAE6-1CED4F0B437C.jpg',NULL,NULL,'16','jpg','D:/Software-cache/Server/File_Cache/20160924/6066EB19-5FD8-4336-AAE6-1CED4F0B437C.jpg','20160924/6066EB19-5FD8-4336-AAE6-1CED4F0B437C.jpg',NULL,NULL,NULL,'admin','2016-09-24 19:18:21',NULL,NULL,NULL,NULL,NULL,'0'),('6118A51D-4C24-4837-ADC2-FD163B70C7BC','AdminLTE-2.3.3.zip','6118A51D-4C24-4837-ADC2-FD163B70C7BC.zip',NULL,NULL,'AdminLTE-2.3.3','zip','D:/Software-cache/Server/File_Cache/20160924/6118A51D-4C24-4837-ADC2-FD163B70C7BC.zip','20160924/6118A51D-4C24-4837-ADC2-FD163B70C7BC.zip',NULL,NULL,NULL,'admin','2016-09-24 20:15:58',NULL,NULL,NULL,NULL,NULL,'0'),('61A7CA60-BF96-499F-8DD0-6AB50C8480F4','16.jpg','61A7CA60-BF96-499F-8DD0-6AB50C8480F4.jpg',NULL,NULL,'16','jpg','D:/Software-cache/Server/File_Cache/20160925/61A7CA60-BF96-499F-8DD0-6AB50C8480F4.jpg','20160925/61A7CA60-BF96-499F-8DD0-6AB50C8480F4.jpg',NULL,NULL,NULL,'admin','2016-09-25 00:47:39',NULL,NULL,NULL,NULL,NULL,'0'),('61EBB951-7E40-4BC6-B6CC-5AC65FEC2210','3e184c2a6059252dc50e97a0349b033b5ab5b95f.gif','61EBB951-7E40-4BC6-B6CC-5AC65FEC2210.gif',NULL,NULL,'3e184c2a6059252dc50e97a0349b033b5ab5b95f','gif','D:/Software-cache/Server/File_Cache/20160928/61EBB951-7E40-4BC6-B6CC-5AC65FEC2210.gif','20160928/61EBB951-7E40-4BC6-B6CC-5AC65FEC2210.gif',NULL,NULL,NULL,'admin','2016-09-28 20:41:03',NULL,NULL,NULL,NULL,NULL,'0'),('628C5E1E-CD1B-417D-9303-546330796E1C','1419385302679.jpg','628C5E1E-CD1B-417D-9303-546330796E1C.jpg',NULL,NULL,'1419385302679','jpg','D:/Software-cache/Server/File_Cache/20160929/628C5E1E-CD1B-417D-9303-546330796E1C.jpg','20160929/628C5E1E-CD1B-417D-9303-546330796E1C.jpg',NULL,NULL,NULL,'admin','2016-09-29 21:30:43',NULL,NULL,NULL,NULL,NULL,'0'),('65CE88B9-42A9-412D-9DB5-F184B41A7FF8','1.png','65CE88B9-42A9-412D-9DB5-F184B41A7FF8.png',NULL,NULL,'1','png','D:/Software-cache/Server/File_Cache/20160928/65CE88B9-42A9-412D-9DB5-F184B41A7FF8.png','20160928/65CE88B9-42A9-412D-9DB5-F184B41A7FF8.png',NULL,NULL,NULL,'admin','2016-09-28 21:47:59',NULL,NULL,NULL,NULL,NULL,'0'),('66B427D0-7FFC-474F-B035-344001A07B65','1348626708243.jpg','66B427D0-7FFC-474F-B035-344001A07B65.jpg',NULL,NULL,'1348626708243','jpg','D:/Software-cache/Server/File_Cache/20160929/66B427D0-7FFC-474F-B035-344001A07B65.jpg','20160929/66B427D0-7FFC-474F-B035-344001A07B65.jpg',NULL,NULL,NULL,'admin','2016-09-29 23:05:33',NULL,NULL,NULL,NULL,NULL,'0'),('6846A7A0-CE9E-4ABD-B732-0D5766E35785','1419385296233.jpg','6846A7A0-CE9E-4ABD-B732-0D5766E35785.jpg',NULL,NULL,'1419385296233','jpg','D:/Software-cache/Server/File_Cache/20160929/6846A7A0-CE9E-4ABD-B732-0D5766E35785.jpg','20160929/6846A7A0-CE9E-4ABD-B732-0D5766E35785.jpg',NULL,NULL,NULL,'admin','2016-09-29 21:32:15',NULL,NULL,NULL,NULL,NULL,'0'),('6ABBF50D-9B9D-4CF1-A561-9C960C82B924','1348626500448.jpg','6ABBF50D-9B9D-4CF1-A561-9C960C82B924.jpg',NULL,NULL,'1348626500448','jpg','D:/Software-cache/Server/File_Cache/20160929/6ABBF50D-9B9D-4CF1-A561-9C960C82B924.jpg','20160929/6ABBF50D-9B9D-4CF1-A561-9C960C82B924.jpg',NULL,NULL,NULL,'admin','2016-09-29 23:01:27',NULL,NULL,NULL,NULL,NULL,'0'),('6C300A41-52F4-4ADE-8F7E-8867415CDAE6','02310198.jpg.thumb.jpg','6C300A41-52F4-4ADE-8F7E-8867415CDAE6.jpg',NULL,NULL,'02310198.jpg.thumb','jpg','D:/Software-cache/Server/File_Cache/20161023/6C300A41-52F4-4ADE-8F7E-8867415CDAE6.jpg','20161023/6C300A41-52F4-4ADE-8F7E-8867415CDAE6.jpg',NULL,NULL,NULL,'admin','2016-10-23 22:58:11',NULL,NULL,NULL,NULL,NULL,'0'),('6D7DCC59-F0E6-4748-8960-A6D5D9CAF835','1348626579983.jpg','6D7DCC59-F0E6-4748-8960-A6D5D9CAF835.jpg',NULL,NULL,'1348626579983','jpg','D:/Software-cache/Server/File_Cache/20160929/6D7DCC59-F0E6-4748-8960-A6D5D9CAF835.jpg','20160929/6D7DCC59-F0E6-4748-8960-A6D5D9CAF835.jpg',NULL,NULL,NULL,'admin','2016-09-29 23:02:22',NULL,NULL,NULL,NULL,NULL,'0'),('6FE4B94F-8040-4750-9EE7-825A3D236D55','1348626500448.jpg','6FE4B94F-8040-4750-9EE7-825A3D236D55.jpg',NULL,NULL,'1348626500448','jpg','D:/Software-cache/Server/File_Cache/20160929/6FE4B94F-8040-4750-9EE7-825A3D236D55.jpg','20160929/6FE4B94F-8040-4750-9EE7-825A3D236D55.jpg',NULL,NULL,NULL,'admin','2016-09-29 23:45:19',NULL,NULL,NULL,NULL,NULL,'0'),('6FFC40E8-8582-449F-958B-9E526E6BA779','1348560998933.jpg','6FFC40E8-8582-449F-958B-9E526E6BA779.jpg',NULL,NULL,'1348560998933','jpg','D:/Software-cache/Server/File_Cache/20160929/6FFC40E8-8582-449F-958B-9E526E6BA779.jpg','20160929/6FFC40E8-8582-449F-958B-9E526E6BA779.jpg',NULL,NULL,NULL,'admin','2016-09-29 22:57:01',NULL,NULL,NULL,NULL,NULL,'0'),('7064E285-A0D1-438E-BCEE-62CBF824361B','1419385273972.jpg','7064E285-A0D1-438E-BCEE-62CBF824361B.jpg',NULL,NULL,'1419385273972','jpg','D:/Software-cache/Server/File_Cache/20160929/7064E285-A0D1-438E-BCEE-62CBF824361B.jpg','20160929/7064E285-A0D1-438E-BCEE-62CBF824361B.jpg',NULL,NULL,NULL,'admin','2016-09-29 21:37:26',NULL,NULL,NULL,NULL,NULL,'0'),('70CC68F5-E263-40CC-A82D-6AB168D97BAE','1419385261528.jpg','70CC68F5-E263-40CC-A82D-6AB168D97BAE.jpg',NULL,NULL,'1419385261528','jpg','D:/Software-cache/Server/File_Cache/20160929/70CC68F5-E263-40CC-A82D-6AB168D97BAE.jpg','20160929/70CC68F5-E263-40CC-A82D-6AB168D97BAE.jpg',NULL,NULL,NULL,'admin','2016-09-29 22:19:38',NULL,NULL,NULL,NULL,NULL,'0'),('774C0230-0184-4124-93B9-DCB8D2D52B6B','b0b63529gw1eb1wwtgu13g209w05kqq4.gif','774C0230-0184-4124-93B9-DCB8D2D52B6B.gif',NULL,NULL,'b0b63529gw1eb1wwtgu13g209w05kqq4','gif','D:/Software-cache/Server/File_Cache/20160928/774C0230-0184-4124-93B9-DCB8D2D52B6B.gif','20160928/774C0230-0184-4124-93B9-DCB8D2D52B6B.gif',NULL,NULL,NULL,'admin','2016-09-28 20:37:08',NULL,NULL,NULL,NULL,NULL,'0'),('7AE375BF-2F5A-4E7D-ADE7-789B8D9CB957','16.jpg','7AE375BF-2F5A-4E7D-ADE7-789B8D9CB957.jpg',NULL,NULL,'16','jpg','D:/Software-cache/Server/File_Cache/20160924/7AE375BF-2F5A-4E7D-ADE7-789B8D9CB957.jpg','20160924/7AE375BF-2F5A-4E7D-ADE7-789B8D9CB957.jpg',NULL,NULL,NULL,'admin','2016-09-24 19:11:07',NULL,NULL,NULL,NULL,NULL,'0'),('7B0D6456-76BC-42DA-9E88-ABD52504997D','0iOM94y.jpg','7B0D6456-76BC-42DA-9E88-ABD52504997D.jpg',NULL,NULL,'0iOM94y','jpg','D:/Software-cache/Server/File_Cache/20160924/7B0D6456-76BC-42DA-9E88-ABD52504997D.jpg','20160924/7B0D6456-76BC-42DA-9E88-ABD52504997D.jpg',NULL,NULL,NULL,'admin','2016-09-24 21:30:33',NULL,NULL,NULL,NULL,NULL,'0'),('7B97B48E-B304-42B6-AC46-B09D179706C3','b0b63529gw1eb1wwtgu13g209w05kqq4.gif','7B97B48E-B304-42B6-AC46-B09D179706C3.gif',NULL,NULL,'b0b63529gw1eb1wwtgu13g209w05kqq4','gif','D:/Software-cache/Server/File_Cache/20160928/7B97B48E-B304-42B6-AC46-B09D179706C3.gif','20160928/7B97B48E-B304-42B6-AC46-B09D179706C3.gif',NULL,NULL,NULL,'admin','2016-09-28 20:32:13',NULL,NULL,NULL,NULL,NULL,'0'),('7BBB7EE9-F6CC-4D6B-ACC0-FA5130243E4F','6rsd8Jt.jpg','7BBB7EE9-F6CC-4D6B-ACC0-FA5130243E4F.jpg',NULL,NULL,'6rsd8Jt','jpg','D:/Software-cache/Server/File_Cache/20160924/7BBB7EE9-F6CC-4D6B-ACC0-FA5130243E4F.jpg','20160924/7BBB7EE9-F6CC-4D6B-ACC0-FA5130243E4F.jpg',NULL,NULL,NULL,'admin','2016-09-24 18:25:07',NULL,NULL,NULL,NULL,NULL,'0'),('7BC644E9-B961-48D1-A3C2-D3F33D124CAA','1348560998933.jpg','7BC644E9-B961-48D1-A3C2-D3F33D124CAA.jpg',NULL,NULL,'1348560998933','jpg','D:/Software-cache/Server/File_Cache/20160929/7BC644E9-B961-48D1-A3C2-D3F33D124CAA.jpg','20160929/7BC644E9-B961-48D1-A3C2-D3F33D124CAA.jpg',NULL,NULL,NULL,'admin','2016-09-29 22:20:45',NULL,NULL,NULL,NULL,NULL,'0'),('7C14CBD6-8825-49F0-A88B-5889877C567A','1419385302679.jpg','7C14CBD6-8825-49F0-A88B-5889877C567A.jpg',NULL,NULL,'1419385302679','jpg','D:/Software-cache/Server/File_Cache/20160929/7C14CBD6-8825-49F0-A88B-5889877C567A.jpg','20160929/7C14CBD6-8825-49F0-A88B-5889877C567A.jpg',NULL,NULL,NULL,'admin','2016-09-29 22:18:32',NULL,NULL,NULL,NULL,NULL,'0'),('7F0FBAAD-7F64-4B9D-B817-3BF16A2635FC','16.jpg','7F0FBAAD-7F64-4B9D-B817-3BF16A2635FC.jpg',NULL,NULL,'16','jpg','D:/Software-cache/Server/File_Cache/20160924/7F0FBAAD-7F64-4B9D-B817-3BF16A2635FC.jpg','20160924/7F0FBAAD-7F64-4B9D-B817-3BF16A2635FC.jpg',NULL,NULL,NULL,'admin','2016-09-24 21:11:34',NULL,NULL,NULL,NULL,NULL,'0'),('7F881F0A-1125-4F29-88B7-1709C138C716','5b2cc8fcc3cec3fd02777b08d588d43f869427c5 (1).gif','7F881F0A-1125-4F29-88B7-1709C138C716.gif',NULL,NULL,'5b2cc8fcc3cec3fd02777b08d588d43f869427c5 (1)','gif','D:/Software-cache/Server/File_Cache/20160928/7F881F0A-1125-4F29-88B7-1709C138C716.gif','20160928/7F881F0A-1125-4F29-88B7-1709C138C716.gif',NULL,NULL,NULL,'admin','2016-09-28 20:41:46',NULL,NULL,NULL,NULL,NULL,'0'),('86826A8E-1BE6-4518-9D2A-8E53FF6B17F8','3tjrbrf.jpg','86826A8E-1BE6-4518-9D2A-8E53FF6B17F8.jpg',NULL,NULL,'3tjrbrf','jpg','D:/Software-cache/Server/File_Cache/20160924/86826A8E-1BE6-4518-9D2A-8E53FF6B17F8.jpg','20160924/86826A8E-1BE6-4518-9D2A-8E53FF6B17F8.jpg',NULL,NULL,NULL,'admin','2016-09-24 18:21:08',NULL,NULL,NULL,NULL,NULL,'0'),('86D042FC-466B-48B0-B00C-7A68964A84DC','1348626579983.jpg','86D042FC-466B-48B0-B00C-7A68964A84DC.jpg',NULL,NULL,'1348626579983','jpg','D:/Software-cache/Server/File_Cache/20161023/86D042FC-466B-48B0-B00C-7A68964A84DC.jpg','20161023/86D042FC-466B-48B0-B00C-7A68964A84DC.jpg',NULL,NULL,NULL,'admin','2016-10-23 19:52:34',NULL,NULL,NULL,NULL,NULL,'0'),('871150CA-154D-4510-AEB1-C90F23044232','00000.jpg','871150CA-154D-4510-AEB1-C90F23044232.jpg',NULL,NULL,'00000','jpg','D:/Software-cache/Server/File_Cache/20160929/871150CA-154D-4510-AEB1-C90F23044232.jpg','20160929/871150CA-154D-4510-AEB1-C90F23044232.jpg',NULL,NULL,NULL,'admin','2016-09-29 22:21:28',NULL,NULL,NULL,NULL,NULL,'0'),('8EFF3A9C-AEDC-457A-B4C0-CA7DCED46D0C','[电影天堂www.dy2018.com]鲁滨逊漂流记BD中英双字.rmvb','8EFF3A9C-AEDC-457A-B4C0-CA7DCED46D0C.rmvb',NULL,NULL,'[电影天堂www.dy2018.com]鲁滨逊漂流记BD中英双字','rmvb','D:/Software-cache/Server/File_Cache/20160924/8EFF3A9C-AEDC-457A-B4C0-CA7DCED46D0C.rmvb','20160924/8EFF3A9C-AEDC-457A-B4C0-CA7DCED46D0C.rmvb',NULL,NULL,NULL,'admin','2016-09-24 18:49:52',NULL,NULL,NULL,NULL,NULL,'0'),('8F74D1F4-0FC5-40CD-B347-96E998DD1E23','1419385302679.jpg','8F74D1F4-0FC5-40CD-B347-96E998DD1E23.jpg',NULL,NULL,'1419385302679','jpg','D:/Software-cache/Server/File_Cache/20160929/8F74D1F4-0FC5-40CD-B347-96E998DD1E23.jpg','20160929/8F74D1F4-0FC5-40CD-B347-96E998DD1E23.jpg',NULL,NULL,NULL,'admin','2016-09-29 22:19:18',NULL,NULL,NULL,NULL,NULL,'0'),('8FAFA315-DA7E-4CAA-BBCE-F4284AFC4363','02310198.jpg.thumb.jpg','8FAFA315-DA7E-4CAA-BBCE-F4284AFC4363.jpg',NULL,NULL,'02310198.jpg.thumb','jpg','D:/Software-cache/Server/File_Cache/20161108/8FAFA315-DA7E-4CAA-BBCE-F4284AFC4363.jpg','20161108/8FAFA315-DA7E-4CAA-BBCE-F4284AFC4363.jpg',NULL,NULL,NULL,'admin','2016-11-08 21:32:37',NULL,NULL,NULL,NULL,NULL,'0'),('91709BF1-3000-459A-94F6-4F570E4CA2E4','3347542_085126865000_2.jpg','91709BF1-3000-459A-94F6-4F570E4CA2E4.jpg',NULL,NULL,'3347542_085126865000_2','jpg','D:/Software-cache/Server/File_Cache/20161108/91709BF1-3000-459A-94F6-4F570E4CA2E4.jpg','20161108/91709BF1-3000-459A-94F6-4F570E4CA2E4.jpg',NULL,NULL,NULL,'admin','2016-11-08 21:31:29',NULL,NULL,NULL,NULL,NULL,'0'),('96AB97D3-4ABE-4F2D-9900-6337F27859A6','1348626579983.jpg','96AB97D3-4ABE-4F2D-9900-6337F27859A6.jpg',NULL,NULL,'1348626579983','jpg','D:/Software-cache/Server/File_Cache/20161008/96AB97D3-4ABE-4F2D-9900-6337F27859A6.jpg','20161008/96AB97D3-4ABE-4F2D-9900-6337F27859A6.jpg',NULL,NULL,NULL,'admin','2016-10-08 21:05:36',NULL,NULL,NULL,NULL,NULL,'0'),('9B8B3039-B738-4851-BA6A-D6D0CCB990B8','1348626708243.jpg','9B8B3039-B738-4851-BA6A-D6D0CCB990B8.jpg',NULL,NULL,'1348626708243','jpg','D:/Software-cache/Server/File_Cache/20161023/9B8B3039-B738-4851-BA6A-D6D0CCB990B8.jpg','20161023/9B8B3039-B738-4851-BA6A-D6D0CCB990B8.jpg',NULL,NULL,NULL,'admin','2016-10-23 19:58:00',NULL,NULL,NULL,NULL,NULL,'0'),('9C071C92-4DC9-415A-B789-936F1A1B2E19','1348626579983.jpg','9C071C92-4DC9-415A-B789-936F1A1B2E19.jpg',NULL,NULL,'1348626579983','jpg','D:/Software-cache/Server/File_Cache/20160929/9C071C92-4DC9-415A-B789-936F1A1B2E19.jpg','20160929/9C071C92-4DC9-415A-B789-936F1A1B2E19.jpg',NULL,NULL,NULL,'admin','2016-09-29 23:03:36',NULL,NULL,NULL,NULL,NULL,'0'),('9D80F134-FA6B-4FFB-8C8E-084BD86E2857','1419385273972.jpg','9D80F134-FA6B-4FFB-8C8E-084BD86E2857.jpg',NULL,NULL,'1419385273972','jpg','D:/Software-cache/Server/File_Cache/20160929/9D80F134-FA6B-4FFB-8C8E-084BD86E2857.jpg','20160929/9D80F134-FA6B-4FFB-8C8E-084BD86E2857.jpg',NULL,NULL,NULL,'admin','2016-09-29 22:56:17',NULL,NULL,NULL,NULL,NULL,'0'),('9DA7DD8E-0970-4AB3-9C10-D5C809C65920','b0b63529gw1eb1wwtgu13g209w05kqq4.gif','9DA7DD8E-0970-4AB3-9C10-D5C809C65920.gif',NULL,NULL,'b0b63529gw1eb1wwtgu13g209w05kqq4','gif','D:/Software-cache/Server/File_Cache/20160928/9DA7DD8E-0970-4AB3-9C10-D5C809C65920.gif','20160928/9DA7DD8E-0970-4AB3-9C10-D5C809C65920.gif',NULL,NULL,NULL,'admin','2016-09-28 20:37:28',NULL,NULL,NULL,NULL,NULL,'0'),('9E649F55-68A3-479B-B7C9-713FC87C2D02','1348626708243.jpg','9E649F55-68A3-479B-B7C9-713FC87C2D02.jpg',NULL,NULL,'1348626708243','jpg','D:/Software-cache/Server/File_Cache/20160929/9E649F55-68A3-479B-B7C9-713FC87C2D02.jpg','20160929/9E649F55-68A3-479B-B7C9-713FC87C2D02.jpg',NULL,NULL,NULL,'admin','2016-09-29 23:02:42',NULL,NULL,NULL,NULL,NULL,'0'),('A17FC724-6B9B-4A03-BC80-16A716B5864C','0iOM94y.jpg','A17FC724-6B9B-4A03-BC80-16A716B5864C.jpg',NULL,NULL,'0iOM94y','jpg','D:/Software-cache/Server/File_Cache/20160929/A17FC724-6B9B-4A03-BC80-16A716B5864C.jpg','20160929/A17FC724-6B9B-4A03-BC80-16A716B5864C.jpg',NULL,NULL,NULL,'admin','2016-09-29 21:36:29',NULL,NULL,NULL,NULL,NULL,'0'),('A4C417D1-B439-4BC0-972D-1121A1C3986D','1419385302679.jpg','A4C417D1-B439-4BC0-972D-1121A1C3986D.jpg',NULL,NULL,'1419385302679','jpg','D:/Software-cache/Server/File_Cache/20160929/A4C417D1-B439-4BC0-972D-1121A1C3986D.jpg','20160929/A4C417D1-B439-4BC0-972D-1121A1C3986D.jpg',NULL,NULL,NULL,'admin','2016-09-29 21:20:27',NULL,NULL,NULL,NULL,NULL,'0'),('A980DFC0-BE90-4DD1-A099-14EFAB7DD89B','1419385289355.jpg','A980DFC0-BE90-4DD1-A099-14EFAB7DD89B.jpg',NULL,NULL,'1419385289355','jpg','D:/Software-cache/Server/File_Cache/20160929/A980DFC0-BE90-4DD1-A099-14EFAB7DD89B.jpg','20160929/A980DFC0-BE90-4DD1-A099-14EFAB7DD89B.jpg',NULL,NULL,NULL,'admin','2016-09-29 22:58:41',NULL,NULL,NULL,NULL,NULL,'0'),('AC1CF097-3029-4FB9-851B-BD27E90A2567','0iOM94y.jpg','AC1CF097-3029-4FB9-851B-BD27E90A2567.jpg',NULL,NULL,'0iOM94y','jpg','D:/Software-cache/Server/File_Cache/20160924/AC1CF097-3029-4FB9-851B-BD27E90A2567.jpg','20160924/AC1CF097-3029-4FB9-851B-BD27E90A2567.jpg',NULL,NULL,NULL,'admin','2016-09-24 21:34:11',NULL,NULL,NULL,NULL,NULL,'0'),('B08513E4-7805-493E-9784-1AB2D42F4768','2f74c1db7d74abf.jpg','B08513E4-7805-493E-9784-1AB2D42F4768.jpg',NULL,NULL,'2f74c1db7d74abf','jpg','D:/Software-cache/Server/File_Cache/20160928/B08513E4-7805-493E-9784-1AB2D42F4768.jpg','20160928/B08513E4-7805-493E-9784-1AB2D42F4768.jpg',NULL,NULL,NULL,'admin','2016-09-28 21:44:16',NULL,NULL,NULL,NULL,NULL,'0'),('B46F5369-5B7B-471A-8F7F-A9773B09F7FD','3tjrbrf.jpg','B46F5369-5B7B-471A-8F7F-A9773B09F7FD.jpg',NULL,NULL,'3tjrbrf','jpg','D:/Software-cache/Server/File_Cache/20160924/B46F5369-5B7B-471A-8F7F-A9773B09F7FD.jpg','20160924/B46F5369-5B7B-471A-8F7F-A9773B09F7FD.jpg',NULL,NULL,NULL,'admin','2016-09-24 18:47:46',NULL,NULL,NULL,NULL,NULL,'0'),('B5592E77-2FB5-4D00-BFB0-7038622DE0CF','3347542_085126865000_2.jpg','B5592E77-2FB5-4D00-BFB0-7038622DE0CF.jpg',NULL,NULL,'3347542_085126865000_2','jpg','D:/Software-cache/Server/File_Cache/20161026/B5592E77-2FB5-4D00-BFB0-7038622DE0CF.jpg','20161026/B5592E77-2FB5-4D00-BFB0-7038622DE0CF.jpg',NULL,NULL,NULL,'admin','2016-10-26 22:52:56',NULL,NULL,NULL,NULL,NULL,'0'),('B677AE25-B905-4C19-A2C8-A3971F85F6AC','b0b63529gw1eb1wwtgu13g209w05kqq4.gif','B677AE25-B905-4C19-A2C8-A3971F85F6AC.gif',NULL,NULL,'b0b63529gw1eb1wwtgu13g209w05kqq4','gif','D:/Software-cache/Server/File_Cache/20160928/B677AE25-B905-4C19-A2C8-A3971F85F6AC.gif','20160928/B677AE25-B905-4C19-A2C8-A3971F85F6AC.gif',NULL,NULL,NULL,'admin','2016-09-28 20:37:44',NULL,NULL,NULL,NULL,NULL,'0'),('B886F0C0-0DB7-4836-AAFF-4C051CFE9A39','0sm8AK3.jpg','B886F0C0-0DB7-4836-AAFF-4C051CFE9A39.jpg',NULL,NULL,'0sm8AK3','jpg','D:/Software-cache/Server/File_Cache/20160929/B886F0C0-0DB7-4836-AAFF-4C051CFE9A39.jpg','20160929/B886F0C0-0DB7-4836-AAFF-4C051CFE9A39.jpg',NULL,NULL,NULL,'admin','2016-09-29 23:05:57',NULL,NULL,NULL,NULL,NULL,'0'),('B8879D56-6681-450D-83CF-78F7C5AC2B67','0JwVZaW.jpg','B8879D56-6681-450D-83CF-78F7C5AC2B67.jpg',NULL,NULL,'0JwVZaW','jpg','D:/Software-cache/Server/File_Cache/20160929/B8879D56-6681-450D-83CF-78F7C5AC2B67.jpg','20160929/B8879D56-6681-450D-83CF-78F7C5AC2B67.jpg',NULL,NULL,NULL,'admin','2016-09-29 21:34:55',NULL,NULL,NULL,NULL,NULL,'0'),('BC62086C-BD00-4696-B1E2-E36AC9207DCD','16.jpg','BC62086C-BD00-4696-B1E2-E36AC9207DCD.jpg',NULL,NULL,'16','jpg','D:/Software-cache/Server/File_Cache/20160924/BC62086C-BD00-4696-B1E2-E36AC9207DCD.jpg','20160924/BC62086C-BD00-4696-B1E2-E36AC9207DCD.jpg',NULL,NULL,NULL,'admin','2016-09-24 19:01:12',NULL,NULL,NULL,NULL,NULL,'0'),('C0629A76-6705-4BC2-8463-F620BB6AD7BF','02310198.jpg.thumb.jpg','C0629A76-6705-4BC2-8463-F620BB6AD7BF.jpg',NULL,NULL,'02310198.jpg.thumb','jpg','D:/Software-cache/Server/File_Cache/20160924/C0629A76-6705-4BC2-8463-F620BB6AD7BF.jpg','20160924/C0629A76-6705-4BC2-8463-F620BB6AD7BF.jpg',NULL,NULL,NULL,'admin','2016-09-24 19:08:07',NULL,NULL,NULL,NULL,NULL,'0'),('C3BFE240-63F9-4F4F-BA06-2EF2EF5FDD48','5b2cc8fcc3cec3fd02777b08d588d43f869427c5 (1).gif','C3BFE240-63F9-4F4F-BA06-2EF2EF5FDD48.gif',NULL,NULL,'5b2cc8fcc3cec3fd02777b08d588d43f869427c5 (1)','gif','D:/Software-cache/Server/File_Cache/20160928/C3BFE240-63F9-4F4F-BA06-2EF2EF5FDD48.gif','20160928/C3BFE240-63F9-4F4F-BA06-2EF2EF5FDD48.gif',NULL,NULL,NULL,'admin','2016-09-28 20:30:46',NULL,NULL,NULL,NULL,NULL,'0'),('C48FEC69-207B-4E8C-8207-A6C8369E8819','0iOM94y.jpg','C48FEC69-207B-4E8C-8207-A6C8369E8819.jpg',NULL,NULL,'0iOM94y','jpg','D:/Software-cache/Server/File_Cache/20160929/C48FEC69-207B-4E8C-8207-A6C8369E8819.jpg','20160929/C48FEC69-207B-4E8C-8207-A6C8369E8819.jpg',NULL,NULL,NULL,'admin','2016-09-29 21:33:01',NULL,NULL,NULL,NULL,NULL,'0'),('C7E06073-CA50-439B-99B2-EA52A756A8EA','1419385302679.jpg','C7E06073-CA50-439B-99B2-EA52A756A8EA.jpg',NULL,NULL,'1419385302679','jpg','D:/Software-cache/Server/File_Cache/20160929/C7E06073-CA50-439B-99B2-EA52A756A8EA.jpg','20160929/C7E06073-CA50-439B-99B2-EA52A756A8EA.jpg',NULL,NULL,NULL,'admin','2016-09-29 21:31:49',NULL,NULL,NULL,NULL,NULL,'0'),('CAA4C2AD-F69E-4E22-9FF3-694146BF0062','logo_副本.jpg','CAA4C2AD-F69E-4E22-9FF3-694146BF0062.jpg',NULL,NULL,'logo_副本','jpg','D:/Software-cache/Server/File_Cache/20160924/CAA4C2AD-F69E-4E22-9FF3-694146BF0062.jpg','20160924/CAA4C2AD-F69E-4E22-9FF3-694146BF0062.jpg',NULL,NULL,NULL,'admin','2016-09-24 17:36:47',NULL,NULL,NULL,NULL,NULL,'0'),('CAF88DA2-4C31-4CEA-B5A0-2DF46716796F','5b2cc8fcc3cec3fd02777b08d588d43f869427c5.gif','CAF88DA2-4C31-4CEA-B5A0-2DF46716796F.gif',NULL,NULL,'5b2cc8fcc3cec3fd02777b08d588d43f869427c5','gif','D:/Software-cache/Server/File_Cache/20160927/CAF88DA2-4C31-4CEA-B5A0-2DF46716796F.gif','20160927/CAF88DA2-4C31-4CEA-B5A0-2DF46716796F.gif',NULL,NULL,NULL,'admin','2016-09-27 23:45:01',NULL,NULL,NULL,NULL,NULL,'0'),('D167054C-23CE-47F3-A145-D0A6E36EEF12','1419385296233.jpg','D167054C-23CE-47F3-A145-D0A6E36EEF12.jpg',NULL,NULL,'1419385296233','jpg','D:/Software-cache/Server/File_Cache/20160929/D167054C-23CE-47F3-A145-D0A6E36EEF12.jpg','20160929/D167054C-23CE-47F3-A145-D0A6E36EEF12.jpg',NULL,NULL,NULL,'admin','2016-09-29 23:05:20',NULL,NULL,NULL,NULL,NULL,'0'),('D4C3B4AB-DCF1-4EAE-B27E-DCFB42F1AA23','logo-new.jpg','D4C3B4AB-DCF1-4EAE-B27E-DCFB42F1AA23.jpg',NULL,NULL,'logo-new','jpg','D:/Software-cache/Server/File_Cache/20160924/D4C3B4AB-DCF1-4EAE-B27E-DCFB42F1AA23.jpg','20160924/D4C3B4AB-DCF1-4EAE-B27E-DCFB42F1AA23.jpg',NULL,NULL,NULL,'admin','2016-09-24 17:49:22',NULL,NULL,NULL,NULL,NULL,'0'),('D7DE3449-044D-491C-B759-6B2CC19F11F9','00003.jpg','D7DE3449-044D-491C-B759-6B2CC19F11F9.jpg',NULL,NULL,'00003','jpg','D:/Software-cache/Server/File_Cache/20160924/D7DE3449-044D-491C-B759-6B2CC19F11F9.jpg','20160924/D7DE3449-044D-491C-B759-6B2CC19F11F9.jpg',NULL,NULL,NULL,'admin','2016-09-24 18:09:40',NULL,NULL,NULL,NULL,NULL,'0'),('DA06CD7D-3BC1-4EFF-A7BE-D11AC1AFF627','3tjrbrf.jpg','DA06CD7D-3BC1-4EFF-A7BE-D11AC1AFF627.jpg',NULL,NULL,'3tjrbrf','jpg','D:/Software-cache/Server/File_Cache/20160924/DA06CD7D-3BC1-4EFF-A7BE-D11AC1AFF627.jpg','20160924/DA06CD7D-3BC1-4EFF-A7BE-D11AC1AFF627.jpg',NULL,NULL,NULL,'admin','2016-09-24 18:43:21',NULL,NULL,NULL,NULL,NULL,'0'),('DA92A7BD-F8E7-466C-B444-4A8A7DE27912','b0b63529gw1eb1wwtgu13g209w05kqq4.gif','DA92A7BD-F8E7-466C-B444-4A8A7DE27912.gif',NULL,NULL,'b0b63529gw1eb1wwtgu13g209w05kqq4','gif','D:/Software-cache/Server/File_Cache/20160928/DA92A7BD-F8E7-466C-B444-4A8A7DE27912.gif','20160928/DA92A7BD-F8E7-466C-B444-4A8A7DE27912.gif',NULL,NULL,NULL,'admin','2016-09-28 20:41:23',NULL,NULL,NULL,NULL,NULL,'0'),('DB76B3AE-85C5-4670-AB27-BA272352687C','3e184c2a6059252dc50e97a0349b033b5ab5b95f.gif','DB76B3AE-85C5-4670-AB27-BA272352687C.gif',NULL,NULL,'3e184c2a6059252dc50e97a0349b033b5ab5b95f','gif','D:/Software-cache/Server/File_Cache/20160928/DB76B3AE-85C5-4670-AB27-BA272352687C.gif','20160928/DB76B3AE-85C5-4670-AB27-BA272352687C.gif',NULL,NULL,NULL,'admin','2016-09-28 20:30:15',NULL,NULL,NULL,NULL,NULL,'0'),('DBB2EFD3-5E40-49A5-9DDD-4007EB9AA10C','logo.jpg','DBB2EFD3-5E40-49A5-9DDD-4007EB9AA10C.jpg',NULL,NULL,'logo','jpg','D:/Software-cache/Server/File_Cache/20160924/DBB2EFD3-5E40-49A5-9DDD-4007EB9AA10C.jpg','20160924/DBB2EFD3-5E40-49A5-9DDD-4007EB9AA10C.jpg',NULL,NULL,NULL,'admin','2016-09-24 18:08:05',NULL,NULL,NULL,NULL,NULL,'0'),('E08BE206-A914-457E-A95D-E1DC7C7B6AE4','1419385289355.jpg','E08BE206-A914-457E-A95D-E1DC7C7B6AE4.jpg',NULL,NULL,'1419385289355','jpg','D:/Software-cache/Server/File_Cache/20160929/E08BE206-A914-457E-A95D-E1DC7C7B6AE4.jpg','20160929/E08BE206-A914-457E-A95D-E1DC7C7B6AE4.jpg',NULL,NULL,NULL,'admin','2016-09-29 21:18:31',NULL,NULL,NULL,NULL,NULL,'0'),('E4C22527-1306-4A4A-8B78-6F6203340863','b0b63529gw1eb1wwtgu13g209w05kqq4.gif','E4C22527-1306-4A4A-8B78-6F6203340863.gif',NULL,NULL,'b0b63529gw1eb1wwtgu13g209w05kqq4','gif','D:/Software-cache/Server/File_Cache/20160928/E4C22527-1306-4A4A-8B78-6F6203340863.gif','20160928/E4C22527-1306-4A4A-8B78-6F6203340863.gif',NULL,NULL,NULL,'admin','2016-09-28 20:31:07',NULL,NULL,NULL,NULL,NULL,'0'),('E58B4438-ED8C-4DD8-A82B-35966AEBABBA','b0b63529gw1eb1wwtgu13g209w05kqq4.gif','E58B4438-ED8C-4DD8-A82B-35966AEBABBA.gif',NULL,NULL,'b0b63529gw1eb1wwtgu13g209w05kqq4','gif','D:/Software-cache/Server/File_Cache/20160928/E58B4438-ED8C-4DD8-A82B-35966AEBABBA.gif','20160928/E58B4438-ED8C-4DD8-A82B-35966AEBABBA.gif',NULL,NULL,NULL,'admin','2016-09-28 20:33:50',NULL,NULL,NULL,NULL,NULL,'0'),('E903FDA0-5280-4030-92BC-D98FF502A625','0sm8AK3.jpg','E903FDA0-5280-4030-92BC-D98FF502A625.jpg',NULL,NULL,'0sm8AK3','jpg','D:/Software-cache/Server/File_Cache/20160924/E903FDA0-5280-4030-92BC-D98FF502A625.jpg','20160924/E903FDA0-5280-4030-92BC-D98FF502A625.jpg',NULL,NULL,NULL,'admin','2016-09-24 18:08:30',NULL,NULL,NULL,NULL,NULL,'0'),('F109F346-F61C-4BD2-8914-74EE3BCEC1CF','logos-last.png','F109F346-F61C-4BD2-8914-74EE3BCEC1CF.png',NULL,NULL,'logos-last','png','D:/Software-cache/Server/File_Cache/20161023/F109F346-F61C-4BD2-8914-74EE3BCEC1CF.png','20161023/F109F346-F61C-4BD2-8914-74EE3BCEC1CF.png',NULL,NULL,NULL,'admin','2016-10-23 23:05:06',NULL,NULL,NULL,NULL,NULL,'0'),('F5559C0E-0950-438C-92C2-DE6C91BFF7F2','b0b63529gw1eb1wwtgu13g209w05kqq4.gif','F5559C0E-0950-438C-92C2-DE6C91BFF7F2.gif',NULL,NULL,'b0b63529gw1eb1wwtgu13g209w05kqq4','gif','D:/Software-cache/Server/File_Cache/20160927/F5559C0E-0950-438C-92C2-DE6C91BFF7F2.gif','20160927/F5559C0E-0950-438C-92C2-DE6C91BFF7F2.gif',NULL,NULL,NULL,'admin','2016-09-27 23:52:39',NULL,NULL,NULL,NULL,NULL,'0'),('F8C76A8A-979A-4DEB-93A9-67DADF5A0917','3347542_085126865000_2.jpg','F8C76A8A-979A-4DEB-93A9-67DADF5A0917.jpg',NULL,NULL,'3347542_085126865000_2','jpg','D:/Software-cache/Server/File_Cache/20161108/F8C76A8A-979A-4DEB-93A9-67DADF5A0917.jpg','20161108/F8C76A8A-979A-4DEB-93A9-67DADF5A0917.jpg',NULL,NULL,NULL,'admin','2016-11-08 00:00:57',NULL,NULL,NULL,NULL,NULL,'0'),('F952115C-5B28-468B-BD81-626868BDCC6D','1348626579983.jpg','F952115C-5B28-468B-BD81-626868BDCC6D.jpg',NULL,NULL,'1348626579983','jpg','D:/Software-cache/Server/File_Cache/20161018/F952115C-5B28-468B-BD81-626868BDCC6D.jpg','20161018/F952115C-5B28-468B-BD81-626868BDCC6D.jpg',NULL,NULL,NULL,'admin','2016-10-18 20:25:35',NULL,NULL,NULL,NULL,NULL,'0'),('F9BFCF71-C9F4-4B09-A1D1-DDFCCDDC07DA','16.jpg','F9BFCF71-C9F4-4B09-A1D1-DDFCCDDC07DA.jpg',NULL,NULL,'16','jpg','D:/Software-cache/Server/File_Cache/20160924/F9BFCF71-C9F4-4B09-A1D1-DDFCCDDC07DA.jpg','20160924/F9BFCF71-C9F4-4B09-A1D1-DDFCCDDC07DA.jpg',NULL,NULL,NULL,'admin','2016-09-24 21:13:39',NULL,NULL,NULL,NULL,NULL,'0'),('FD609962-A961-45E1-B856-C0BA0227157A','1419385302679.jpg','FD609962-A961-45E1-B856-C0BA0227157A.jpg',NULL,NULL,'1419385302679','jpg','D:/Software-cache/Server/File_Cache/20160929/FD609962-A961-45E1-B856-C0BA0227157A.jpg','20160929/FD609962-A961-45E1-B856-C0BA0227157A.jpg',NULL,NULL,NULL,'admin','2016-09-29 23:03:53',NULL,NULL,NULL,NULL,NULL,'0'),('FF6132F0-3F49-42AF-930B-87C6DCCD82D8','1348626500448.jpg','FF6132F0-3F49-42AF-930B-87C6DCCD82D8.jpg',NULL,NULL,'1348626500448','jpg','D:/Software-cache/Server/File_Cache/20160929/FF6132F0-3F49-42AF-930B-87C6DCCD82D8.jpg','20160929/FF6132F0-3F49-42AF-930B-87C6DCCD82D8.jpg',NULL,NULL,NULL,'admin','2016-09-29 22:59:12',NULL,NULL,NULL,NULL,NULL,'0');

/*Table structure for table `cm_parameter` */

DROP TABLE IF EXISTS `cm_parameter`;

CREATE TABLE `cm_parameter` (
  `par_id` varchar(50) COLLATE utf8_bin NOT NULL COMMENT '参数id',
  `par_pid` varchar(50) COLLATE utf8_bin DEFAULT NULL COMMENT '参数父id',
  `par_type` varchar(50) COLLATE utf8_bin DEFAULT NULL COMMENT '参数类型',
  `par_level` varchar(50) COLLATE utf8_bin DEFAULT NULL COMMENT '参数层级',
  `par_key` varchar(100) COLLATE utf8_bin DEFAULT NULL COMMENT '参数名称',
  `par_value` varchar(200) COLLATE utf8_bin DEFAULT NULL COMMENT '参数值',
  `group_id` varchar(50) COLLATE utf8_bin DEFAULT NULL COMMENT '参数组id',
  `sort_code` varchar(50) COLLATE utf8_bin DEFAULT NULL COMMENT '参数组内排序编号',
  `allow_del` decimal(1,0) DEFAULT NULL COMMENT '允许删除',
  `allow_edit` decimal(1,0) DEFAULT NULL COMMENT '允许修改',
  `ct_time` datetime DEFAULT NULL COMMENT '创建时间',
  `ct_user_id` varchar(50) COLLATE utf8_bin DEFAULT NULL COMMENT '创建人',
  `up_time` datetime DEFAULT NULL COMMENT '修改时间',
  `up_user_id` varchar(50) COLLATE utf8_bin DEFAULT NULL COMMENT '修改人',
  `note` varchar(100) COLLATE utf8_bin DEFAULT NULL COMMENT '备注',
  `del` decimal(1,0) DEFAULT NULL COMMENT '删除标记',
  PRIMARY KEY (`par_id`)
) ENGINE=InnoDB DEFAULT CHARSET=utf8 COLLATE=utf8_bin COMMENT='参数表';

/*Data for the table `cm_parameter` */

insert  into `cm_parameter`(`par_id`,`par_pid`,`par_type`,`par_level`,`par_key`,`par_value`,`group_id`,`sort_code`,`allow_del`,`allow_edit`,`ct_time`,`ct_user_id`,`up_time`,`up_user_id`,`note`,`del`) values ('030f4434-886f-4553-bc54-2a44aa977708','8f123806-c2a4-4b81-ac67-63753b5539c5','2','2','2','2','2','2',NULL,NULL,'2016-12-22 00:13:13','admin',NULL,NULL,NULL,'0'),('1','9',NULL,'2','junior','初级',NULL,NULL,NULL,NULL,NULL,NULL,NULL,NULL,NULL,'0'),('2','9',NULL,'2','middle','中级',NULL,NULL,NULL,NULL,NULL,NULL,NULL,NULL,NULL,'0'),('3','9',NULL,'2','high','高级',NULL,NULL,NULL,NULL,NULL,NULL,NULL,NULL,NULL,'0'),('4','9',NULL,'2','master','顶级',NULL,NULL,NULL,NULL,NULL,NULL,NULL,NULL,NULL,'0'),('5','8',NULL,'2','technology','技术类',NULL,NULL,NULL,NULL,NULL,NULL,NULL,NULL,NULL,'0'),('5ce6dceb-dd46-4d19-9842-54d439e18b3d','8f123806-c2a4-4b81-ac67-63753b5539c5','3','2','3','3','3','3',NULL,NULL,'2016-12-22 00:13:29','admin',NULL,NULL,NULL,'0'),('6','8',NULL,'2','management','管理类',NULL,NULL,NULL,NULL,NULL,NULL,NULL,NULL,NULL,'0'),('7','8',NULL,'2','other','其它类',NULL,NULL,NULL,NULL,NULL,NULL,NULL,NULL,NULL,'0'),('7ed8f604-707e-4de5-897f-2c33321cf381','f33d637c-5877-45bf-96fd-d087fef6a812','5','4','5','5','5','5',NULL,NULL,'2016-12-22 00:14:25','admin',NULL,NULL,NULL,'0'),('8','0',NULL,'1',NULL,'职位分类',NULL,NULL,NULL,NULL,NULL,NULL,NULL,NULL,NULL,'0'),('8f123806-c2a4-4b81-ac67-63753b5539c5','0','1','1','c1','测1','1','1',NULL,NULL,'2016-12-22 00:12:51','admin',NULL,NULL,NULL,'0'),('9','0',NULL,'1',NULL,'岗位级别',NULL,NULL,NULL,NULL,NULL,NULL,NULL,NULL,NULL,'0'),('a945f38d-0992-4105-b00e-c8cbcc0b3c50','8f123806-c2a4-4b81-ac67-63753b5539c5','1','2','1','1','1','1',NULL,NULL,'2016-12-22 00:13:04','admin',NULL,NULL,NULL,'0'),('f33d637c-5877-45bf-96fd-d087fef6a812','5ce6dceb-dd46-4d19-9842-54d439e18b3d','4','3','4','4','4','4',NULL,NULL,'2016-12-22 00:14:18','admin',NULL,NULL,NULL,'0');

/*Table structure for table `sys_log` */

DROP TABLE IF EXISTS `sys_log`;

CREATE TABLE `sys_log` (
  `log_id` varchar(50) COLLATE utf8_bin NOT NULL COMMENT '日志ID',
  `op_type` decimal(8,0) DEFAULT NULL COMMENT '操作类型 1-select,2-update,3-delete',
  `op_content` varchar(50) COLLATE utf8_bin DEFAULT NULL COMMENT '操作内容',
  `res_url` varchar(200) COLLATE utf8_bin DEFAULT NULL COMMENT '访问地址',
  `user_id` varchar(50) COLLATE utf8_bin DEFAULT NULL COMMENT '操作人',
  `user_name` varchar(100) COLLATE utf8_bin DEFAULT NULL COMMENT '操作人姓名',
  `op_time` datetime DEFAULT NULL COMMENT '操作时间',
  `extend1` varchar(100) COLLATE utf8_bin DEFAULT NULL COMMENT '预留1',
  `extend2` varchar(100) COLLATE utf8_bin DEFAULT NULL COMMENT '预留2',
  `extend3` varchar(100) COLLATE utf8_bin DEFAULT NULL COMMENT '预留3',
  PRIMARY KEY (`log_id`)
) ENGINE=InnoDB DEFAULT CHARSET=utf8 COLLATE=utf8_bin COMMENT='操作日志表';

/*Data for the table `sys_log` */

insert  into `sys_log`(`log_id`,`op_type`,`op_content`,`res_url`,`user_id`,`user_name`,`op_time`,`extend1`,`extend2`,`extend3`) values ('00180084-fe0b-445a-a728-4ed44a21504a','2','机构添加','/security/organization/add','admin','管理员','2016-12-20 00:03:00','0:0:0:0:0:0:0:1',NULL,NULL),('00d0d2ab-5d26-4c33-ae16-ad9caab39ba0','1','菜单列表','/security/menu/list','admin','管理员','2016-12-20 20:48:16','0:0:0:0:0:0:0:1',NULL,NULL),('0128f4d7-3c97-457f-857d-bdf29e005d82','1','后台管理首页','/security/manage','admin','管理员','2016-12-24 19:00:48','0:0:0:0:0:0:0:1',NULL,NULL),('01ed272f-f788-4145-ab21-bfe07e1177bd','1','日志列表','/system/log/list','admin','管理员','2016-12-19 22:10:04','0:0:0:0:0:0:0:1',NULL,NULL),('0216746d-0025-4f7c-b18a-978dca04b635','1','角色列表','/security/role/list','admin','管理员','2016-12-20 20:47:17','0:0:0:0:0:0:0:1',NULL,NULL),('024d3bdc-f10a-4a1c-b4ff-67654fe97648','2','参数修改','/system/param/edit?parId=8','admin','管理员','2016-12-21 22:38:21','0:0:0:0:0:0:0:1',NULL,NULL),('02eb2ae4-11c4-45e8-ada4-eb9c192a23d6','2','参数修改','/system/param/edit?parId=a945f38d-0992-4105-b00e-c8cbcc0b3c50','admin','管理员','2016-12-22 00:13:34','0:0:0:0:0:0:0:1',NULL,NULL),('032ec90f-8de3-49e8-b8e4-1465fb6df50b','1',NULL,'/system/param/paramTree','admin','管理员','2016-12-20 22:52:14','0:0:0:0:0:0:0:1',NULL,NULL),('03744f59-a745-4db2-bf0e-c905d80c8005','1',NULL,'/system/param/paramTree','admin','管理员','2016-12-21 23:58:02','0:0:0:0:0:0:0:1',NULL,NULL),('03b771a4-5f46-477e-b83b-0cfa6094adec','1','资源列表','/security/resource/list','admin','管理员','2016-12-24 19:04:32','0:0:0:0:0:0:0:1',NULL,NULL),('03ca3e50-9491-4627-b4a6-0e9d69e7561c','1','资源树数据','/security/resource/resourceTree','admin','管理员','2016-12-20 20:43:16','0:0:0:0:0:0:0:1',NULL,NULL),('040ad2f1-987f-4bd2-82cd-54d8d8d50c80','1','参数管理','/system/param/listPage','admin','管理员','2016-12-20 22:17:47','0:0:0:0:0:0:0:1',NULL,NULL),('0465f093-09ba-4c9b-82f5-f76e4c83887b','1','参数管理','/system/param/listPage','admin','管理员','2016-12-22 00:12:25','0:0:0:0:0:0:0:1',NULL,NULL),('04ab4d37-6421-4479-b7c9-c75c16e8529d','2','参数添加','/system/param/add','admin','管理员','2016-12-21 23:49:31','0:0:0:0:0:0:0:1',NULL,NULL),('04eca05e-a794-4104-a51c-68c944706d84','1','日志列表','/system/log/list','admin','管理员','2016-12-20 20:22:15','0:0:0:0:0:0:0:1',NULL,NULL),('04f8ef54-008f-457c-b046-21a680b258f3','1',NULL,'/system/param/parKeyIsExist','admin','管理员','2016-12-22 00:10:28','0:0:0:0:0:0:0:1',NULL,NULL),('05d7d8f3-5acd-4009-a589-0876b4c5db6c','1','附件列表','/api/attachment/list','admin','管理员','2016-12-22 00:14:36','0:0:0:0:0:0:0:1',NULL,NULL),('05db245a-cb61-4c61-b850-a9c0cdb5242a','2','角色权限分配','/security/role/assignation?roleId=1','admin','管理员','2016-12-24 18:45:50','192.168.1.51',NULL,NULL),('06a8a555-9f5b-4b57-9032-60f513296828','1',NULL,'/druid/js/lang.js','admin','管理员','2016-12-24 19:00:51','0:0:0:0:0:0:0:1',NULL,NULL),('06d579a1-6d40-4037-941d-89c081b83a55','1','定时任务管理','/system/quartz/listPage','admin','管理员','2017-01-22 21:18:28','0:0:0:0:0:0:0:1',NULL,NULL),('06fb3fac-89a6-491a-9295-6df07942fded','1','参数管理','/system/param/listPage','admin','管理员','2016-12-20 20:52:05','0:0:0:0:0:0:0:1',NULL,NULL),('07473691-2886-4231-9685-7035f9882398','1','定时任务列表','/system/quartz/list','admin','管理员','2016-12-20 20:52:16','0:0:0:0:0:0:0:1',NULL,NULL),('075d2039-2a16-4d02-a939-90f52810ce91','1','日志列表','/system/log/list','admin','管理员','2016-12-19 22:09:02','0:0:0:0:0:0:0:1',NULL,NULL),('077a6729-aaff-4239-ba12-4bfdc0f61444','1','日志列表','/system/log/list','admin','管理员','2016-12-20 00:15:30','0:0:0:0:0:0:0:1',NULL,NULL),('077cec43-4a9e-4764-bbe1-6a780316d31d','1',NULL,'/system/param/paramTree','admin','管理员','2016-12-20 22:24:00','0:0:0:0:0:0:0:1',NULL,NULL),('07ab5e8a-b450-4ce7-a747-56511be4ae47','1',NULL,'/system/param/paramTree','admin','管理员','2016-12-21 22:40:10','0:0:0:0:0:0:0:1',NULL,NULL),('07b669c6-180d-46b8-b649-1a63957d0453','1',NULL,'/system/param/paramTree','admin','管理员','2016-12-21 22:34:30','0:0:0:0:0:0:0:1',NULL,NULL),('0828845a-2338-4015-a845-9c75ae6dd519','1',NULL,'/system/param/paramTree','admin','管理员','2016-12-20 22:32:00','0:0:0:0:0:0:0:1',NULL,NULL),('088cd5c8-33e9-49d9-b158-085a571828d0','2','用户分配角色','/security/user/assignationRole?id=8923eddd-4db2-4050-8a50-be30f16b7ecb','admin','管理员','2016-12-24 18:45:36','192.168.1.51',NULL,NULL),('0898405e-24f7-4e14-a75a-705b23839d97','2','参数添加','/system/param/add','admin','管理员','2016-12-22 00:14:18','0:0:0:0:0:0:0:1',NULL,NULL),('08be32c3-0b3c-40f7-bafb-a9cace0acb60','1',NULL,'/system/param/paramTree','admin','管理员','2016-12-20 22:45:07','0:0:0:0:0:0:0:1',NULL,NULL),('095aed2b-fdd2-4308-ac08-d7749687c01a','1',NULL,'/system/param/paramTree','admin','管理员','2016-12-20 22:31:40','0:0:0:0:0:0:0:1',NULL,NULL),('09e281d3-0712-4997-88e8-0589b1083796','1',NULL,'/system/param/paramTree','admin','管理员','2016-12-20 23:24:39','0:0:0:0:0:0:0:1',NULL,NULL),('0a1597f3-b64f-4ba3-931f-a63aa4cc55c0','1',NULL,'/system/param/paramTree','admin','管理员','2016-12-20 22:36:42','0:0:0:0:0:0:0:1',NULL,NULL),('0ad7653c-7944-45bb-9968-625210ffe9b2','1','参数管理','/system/param/listPage','admin','管理员','2016-12-20 22:35:58','0:0:0:0:0:0:0:1',NULL,NULL),('0b66c780-46f0-4005-8d61-0163965ac39f','1','druid数据库连接池','/druid','admin','管理员','2016-12-22 00:14:34','0:0:0:0:0:0:0:1',NULL,NULL),('0ba58641-69fb-41c8-a6a1-00e100a244ef','1',NULL,'/system/param/paramTree','admin','管理员','2016-12-20 23:13:49','0:0:0:0:0:0:0:1',NULL,NULL),('0bc110b2-21fb-4d39-86b2-7644c6a6b98f','1','菜单管理','/security/menu/listPage','admin','管理员','2017-01-21 23:31:51','0:0:0:0:0:0:0:1',NULL,NULL),('0c035a5b-27c1-469f-b859-46c3250dfc3a','1','定时任务列表','/system/quartz/list','admin','管理员','2016-12-21 22:23:51','0:0:0:0:0:0:0:1',NULL,NULL),('0c93c00f-b0be-4263-b8ea-ae8fedde287c','2','参数添加','/system/param/add','admin','管理员','2016-12-20 23:43:16','0:0:0:0:0:0:0:1',NULL,NULL),('0cff2408-6fe0-42be-b8d4-01c37ad1ab83','1','后台管理首页','/security/manage','admin','管理员','2016-12-22 00:12:22','0:0:0:0:0:0:0:1',NULL,NULL),('0d2ed7b4-c502-4451-aae7-bf2af435e6f7','1',NULL,'/system/param/paramTree','admin','管理员','2016-12-22 00:05:06','0:0:0:0:0:0:0:1',NULL,NULL),('0d46e2a0-6734-47c2-a3d4-19083df5f13d','2','参数添加','/system/param/add','admin','管理员','2016-12-20 23:28:55','0:0:0:0:0:0:0:1',NULL,NULL),('0d59d10f-0502-43fd-ac5d-306261b61fb0','1','日志列表','/system/log/list','admin','管理员','2016-12-21 22:23:47','0:0:0:0:0:0:0:1',NULL,NULL),('0d5f2c25-a614-4a89-9081-72e6d6c02aa4','1','后台管理首页','/security/manage','admin','管理员','2016-12-24 19:04:31','0:0:0:0:0:0:0:1',NULL,NULL),('0d743371-6d6b-458e-b7bb-25e8a9dec4d1','1','日志管理','/system/log/listPage','admin','管理员','2016-12-20 20:21:38','0:0:0:0:0:0:0:1',NULL,NULL),('0e043fa0-acca-486a-bb9c-3486047bb7e3','1','资源是否存在','/security/resource/isExist','admin','管理员','2016-12-20 20:45:23','0:0:0:0:0:0:0:1',NULL,NULL),('0e3c6164-bc2a-470d-b9cb-20cce486ec63','1',NULL,'/system/param/paramTree','admin','管理员','2016-12-20 22:45:27','0:0:0:0:0:0:0:1',NULL,NULL),('0e52f987-1195-462c-bfa8-4876f105ad0a','1','参数管理','/system/param/listPage','admin','管理员','2016-12-20 23:17:10','0:0:0:0:0:0:0:1',NULL,NULL),('0ea8ac7b-ca7c-4b90-b2bc-6bc25094be83','1','资源列表','/security/resource/list','admin','管理员','2016-12-20 20:47:10','0:0:0:0:0:0:0:1',NULL,NULL),('0f1b86e6-4bdc-4cff-8c9f-3dc3af5f0149','1',NULL,'/system/param/paramTree','admin','管理员','2016-12-20 22:53:35','0:0:0:0:0:0:0:1',NULL,NULL),('0f7b0a26-c65c-4f7a-b67f-467978e44f06','1','菜单树','/security/menu/menuTree','admin','管理员','2017-01-22 21:18:25','0:0:0:0:0:0:0:1',NULL,NULL),('0f839cc5-5c77-4d20-a6fc-787c4c622cae','1','资源树数据','/security/resource/resourceTree','admin','管理员','2017-01-22 21:17:56','0:0:0:0:0:0:0:1',NULL,NULL),('0fd1ea51-be9a-487f-9f67-1ee44a28f6d0','1','日志管理','/system/log/listPage','admin','管理员','2016-12-19 23:53:53','0:0:0:0:0:0:0:1',NULL,NULL),('100eb46c-2b24-4525-b4af-c0c50d86aa52','1',NULL,'/system/param/paramTree','admin','管理员','2016-12-21 23:48:00','0:0:0:0:0:0:0:1',NULL,NULL),('10335936-ce29-4592-9261-daf81e641843','1','日志列表','/system/log/list','admin','管理员','2016-12-20 00:02:21','0:0:0:0:0:0:0:1',NULL,NULL),('11271bcd-cdca-42ce-97a5-0db5afe1169e','1','系统登录','http://localhost:8080/framework-core/j_spring_security_check','admin','管理员','2016-12-21 23:58:12','0:0:0:0:0:0:0:1','[authentication success/认证成功]',NULL),('1181829c-5f1d-4863-885c-4e38d2ec36bf','1','参数管理','/system/param/listPage','admin','管理员','2016-12-20 22:31:55','0:0:0:0:0:0:0:1',NULL,NULL),('1184736b-b6ea-49b2-b17f-ba44020593b0','2','角色权限分配','/security/role/assignation?roleId=1','admin','管理员','2016-12-20 20:47:21','0:0:0:0:0:0:0:1',NULL,NULL),('11ff23c8-7899-43bb-9da5-097fee7bc98f','1','定时任务列表','/system/quartz/list','admin','管理员','2016-12-19 23:52:07','0:0:0:0:0:0:0:1',NULL,NULL),('1270b950-4100-42d6-bb14-13c71ff38d41','1','定时任务管理','/system/quartz/listPage','admin','管理员','2016-12-24 18:45:56','192.168.1.51',NULL,NULL),('1283d85f-6ae0-407e-a1a2-fac17d2846e2','1','图片读取','/api/attachment/downloadByWidthHeight?attachmentId=E85EB18C-81DA-4FB5-8FFC-CBA57D6B320B&width=48&height=48','admin','管理员','2016-12-20 20:48:48','0:0:0:0:0:0:0:1',NULL,NULL),('129d0bf0-bdd6-493f-9f54-32b96f628787','1','资源树数据','/security/resource/resourceTree','admin','管理员','2016-12-20 22:17:43','0:0:0:0:0:0:0:1',NULL,NULL),('12b0b1e3-11e3-4bd6-83ac-42da201c3b5a','1','资源是否存在','/security/resource/isExist','admin','管理员','2016-12-20 20:45:45','0:0:0:0:0:0:0:1',NULL,NULL),('137a5291-1eef-430b-b5f2-c20ccd27178e','1','日志列表','/system/log/list','admin','管理员','2016-12-20 00:08:14','0:0:0:0:0:0:0:1',NULL,NULL),('139983fb-c69d-4ada-8ad3-f91454e26afc','1',NULL,'/druid/header.html','admin','管理员','2016-12-24 19:00:51','0:0:0:0:0:0:0:1',NULL,NULL),('1400ed77-5d08-4b03-9184-87e625af24a5','1','附件管理','/api/attachment/listPage','admin','管理员','2017-01-21 23:31:49','0:0:0:0:0:0:0:1',NULL,NULL),('1415ef3d-97e1-4974-918b-ab309383d835','1','资源是否存在','/security/resource/isExist','admin','管理员','2016-12-20 20:44:54','0:0:0:0:0:0:0:1',NULL,NULL),('14db4b5f-140a-4cc9-94b0-3683edadb622','1','日志管理','/system/log/listPage','admin','管理员','2016-12-20 00:08:07','0:0:0:0:0:0:0:1',NULL,NULL),('153b1cb2-51b2-49e6-b6e9-8abec7be940c','1',NULL,'/system/param/paramTree','admin','管理员','2016-12-20 22:28:45','0:0:0:0:0:0:0:1',NULL,NULL),('15914f39-2dda-4c5a-8095-add30c81735f','1',NULL,'/druid/header.html','admin','管理员','2016-12-22 00:14:34','0:0:0:0:0:0:0:1',NULL,NULL),('1651b8ae-a379-4d97-ae53-4342d2f5e5e3','1','资源树数据','/security/resource/resourceTree','admin','管理员','2016-12-20 20:23:01','0:0:0:0:0:0:0:1',NULL,NULL),('16d0bd6c-1d85-4a2c-b2b3-5d60dc23186b','1',NULL,'/system/param/paramTree','admin','管理员','2016-12-20 22:17:48','0:0:0:0:0:0:0:1',NULL,NULL),('17062b02-1d19-4db9-a158-ea83d7c736d1','1',NULL,'/system/param/paramTree','admin','管理员','2016-12-22 00:10:20','0:0:0:0:0:0:0:1',NULL,NULL),('170bbee4-eb83-4a2c-8ce4-1283dd2f90e4','1','资源树数据','/security/resource/resourceTree','admin','管理员','2016-12-24 19:00:50','0:0:0:0:0:0:0:1',NULL,NULL),('170e022e-e1eb-4a6b-b533-c7d267111107','2','资源添加','/security/resource/add','admin','管理员','2016-12-20 20:47:10','0:0:0:0:0:0:0:1',NULL,NULL),('170eb1d9-09fb-420a-9c36-d14ef87ba0ca','1','后台管理首页','/security/manage','admin','管理员','2016-12-21 23:58:08','0:0:0:0:0:0:0:1',NULL,NULL),('1806d595-a2a1-4f09-8006-dd0359228fa3','1',NULL,'/system/param/parKeyIsExist','admin','管理员','2016-12-22 00:12:41','0:0:0:0:0:0:0:1',NULL,NULL),('182106e0-d104-4b76-bc6e-b6d21c66f288','1','资源管理','/security/resource/listPage','admin','管理员','2016-12-21 23:58:13','0:0:0:0:0:0:0:1',NULL,NULL),('18212a85-9dab-47e4-b4ba-d94bde1687d2','1','资源树数据','/security/resource/resourceTree','admin','管理员','2017-01-21 23:31:40','0:0:0:0:0:0:0:1',NULL,NULL),('187564c1-6bba-4002-b2e9-ea88ae075845','1','资源是否存在','/security/resource/isExist','admin','管理员','2016-12-20 20:45:43','0:0:0:0:0:0:0:1',NULL,NULL),('1889cffd-5edd-4995-9b1c-7f960f281876','1','参数管理','/system/param/listPage','admin','管理员','2016-12-21 22:40:10','0:0:0:0:0:0:0:1',NULL,NULL),('18a10697-b5b6-4889-8690-fd41981a8276','1','日志列表','/system/log/list','admin','管理员','2017-01-22 21:18:21','0:0:0:0:0:0:0:1',NULL,NULL),('18bd5015-551a-41f0-afd8-3150e824031e','2','参数添加','/system/param/add?parId=5ce6dceb-dd46-4d19-9842-54d439e18b3d&parLevel=3','admin','管理员','2016-12-22 00:14:10','0:0:0:0:0:0:0:1',NULL,NULL),('1901294a-38f2-4ad5-914b-11b7db7bc248','1','系统登录','http://localhost:8080/framework-core/j_spring_security_check','admin','管理员','2016-12-20 20:21:05','0:0:0:0:0:0:0:1','[authentication success/认证成功]',NULL),('1975012a-fc90-43af-9e49-78b6515f7c2d','1','日志列表','/system/log/list','admin','管理员','2016-12-20 00:15:15','0:0:0:0:0:0:0:1',NULL,NULL),('1996ada1-187e-4c46-a069-80064849fea9','1',NULL,'/druid/css/style.css','admin','管理员','2017-01-22 21:18:19','0:0:0:0:0:0:0:1',NULL,NULL),('19c836bb-6ff5-4aca-ba7b-5fc12f5b18b2','1','资源是否存在','/security/resource/isExist','admin','管理员','2016-12-20 20:45:23','0:0:0:0:0:0:0:1',NULL,NULL),('1a8a2431-1518-477d-af35-def4c3bc761e','2','参数修改','/system/param/edit?parId=8','admin','管理员','2016-12-21 22:39:50','0:0:0:0:0:0:0:1',NULL,NULL),('1ac8fb4b-519d-4df1-94d3-fa27557b89a0','1','定时任务详情','/system/quartz/detail?jobName=%E6%97%A5%E5%BF%97JOB&schedName=scheduler&jobGroup=JOB_DEFAULT_GROUP','admin','管理员','2016-12-19 23:52:22','0:0:0:0:0:0:0:1',NULL,NULL),('1b2ef2d9-4c53-4cff-b66f-d3e12470246f','1',NULL,'/system/param/paramTree','admin','管理员','2016-12-21 23:47:17','0:0:0:0:0:0:0:1',NULL,NULL),('1b41e572-72df-4740-bdc4-a1ee383ffa85','1','附件管理','/api/attachment/listPage','admin','管理员','2016-12-22 00:14:38','0:0:0:0:0:0:0:1',NULL,NULL),('1bb63f9f-e281-45a5-8232-53ea2989035e','1','druid数据库连接池','/druid','admin','管理员','2016-12-24 18:45:55','192.168.1.51',NULL,NULL),('1bdd8838-c5f3-4db2-9566-4f8278c3314e','1','druid数据库连接池','/druid','admin','管理员','2016-12-20 20:21:25','0:0:0:0:0:0:0:1',NULL,NULL),('1cb0eef6-e2ef-491c-acfe-a69e311b2379','1','资源是否存在','/security/resource/isExist','admin','管理员','2016-12-20 20:45:55','0:0:0:0:0:0:0:1',NULL,NULL),('1ccd553d-d7ee-4af7-92dd-bb54f8be84ef','1',NULL,'/system/param/paramTree','admin','管理员','2016-12-20 22:44:13','0:0:0:0:0:0:0:1',NULL,NULL),('1cfcf1be-bef2-4073-bf68-0371cecfc33d','1','日志列表','/system/log/list','admin','管理员','2016-12-20 00:12:10','0:0:0:0:0:0:0:1',NULL,NULL),('1d04e02c-2d4a-4f44-a5d6-fa20fb58ccf2','1','定时任务列表','/system/quartz/list','admin','管理员','2017-01-22 21:18:28','0:0:0:0:0:0:0:1',NULL,NULL),('1da725a0-3ecc-44c9-a798-bf5da18f1990','1','资源是否存在','/security/resource/isExist','admin','管理员','2016-12-20 20:45:45','0:0:0:0:0:0:0:1',NULL,NULL),('1db12822-62c8-400a-b0ad-003c2443e2c2','1',NULL,'/system/param/paramTree','admin','管理员','2016-12-20 22:51:44','0:0:0:0:0:0:0:1',NULL,NULL),('1ea79f02-edf8-4666-a282-a048f7c3cb23','1','职位列表','/security/position/list','admin','管理员','2016-12-24 18:45:45','192.168.1.51',NULL,NULL),('1ec98d0f-6b03-4ff9-9fd5-61df0ee3c055','1','资源管理','/security/resource/listPage','admin','管理员','2016-12-20 00:09:48','0:0:0:0:0:0:0:1',NULL,NULL),('1ee077c2-422e-4021-a806-63363d7e884e','1','日志管理','/system/log/listPage','admin','管理员','2016-12-19 22:09:31','0:0:0:0:0:0:0:1',NULL,NULL),('1f2d4944-dbaa-4e2e-913d-8d0b4c7fa675','1','资源是否存在','/security/resource/isExist','admin','管理员','2016-12-20 20:44:10','0:0:0:0:0:0:0:1',NULL,NULL),('1f50d008-792f-476a-b590-e360720ae1f0','1','druid数据库连接池','/druid','admin','管理员','2016-12-24 19:00:51','0:0:0:0:0:0:0:1',NULL,NULL),('1fb135b0-7bf0-4bfd-b9b5-a045ae977a68','1','定时任务详情','/system/quartz/detail?jobName=JOB_DEFAULT_NAME&schedName=scheduler&jobGroup=JOB_DEFAULT_GROUP','admin','管理员','2016-12-19 23:32:35','0:0:0:0:0:0:0:1',NULL,NULL),('1fc403c3-7153-401e-aef3-5d82dfc658e4','1','日志列表','/system/log/list','admin','管理员','2016-12-20 20:21:49','0:0:0:0:0:0:0:1',NULL,NULL),('2029c098-1d4d-4a63-9d11-b46120b8b52d','1','菜单管理','/security/menu/listPage','admin','管理员','2016-12-20 20:48:16','0:0:0:0:0:0:0:1',NULL,NULL),('2078cf2c-3a87-4aea-8d4a-6ce8adb6fbc3','1','参数管理','/system/param/listPage','admin','管理员','2016-12-21 22:39:46','0:0:0:0:0:0:0:1',NULL,NULL),('2089788d-f74c-4183-87a9-4c6986878d79','2','参数添加','/system/param/add?parId=5','admin','管理员','2016-12-21 22:39:53','0:0:0:0:0:0:0:1',NULL,NULL),('20afbd68-4b90-4394-9d7c-cfd5091b3bce','2','参数修改','/system/param/edit?parId=8','admin','管理员','2016-12-21 22:37:36','0:0:0:0:0:0:0:1',NULL,NULL),('20f89bf7-58b4-4477-bd55-dc53d17de057','1','参数管理','/system/param/listPage','admin','管理员','2016-12-20 22:28:44','0:0:0:0:0:0:0:1',NULL,NULL),('20fc56b8-3b8a-4c8b-8ef8-e60d49c8f8ff','1','资源列表','/security/resource/list','admin','管理员','2016-12-20 20:48:49','0:0:0:0:0:0:0:1',NULL,NULL),('21092197-c97a-4a55-868b-f2615431d831','1','资源树数据','/security/resource/resourceTree','admin','管理员','2016-12-20 20:44:44','0:0:0:0:0:0:0:1',NULL,NULL),('213b7901-15fd-4513-952c-eb369e77c53d','1','菜单资源树','/security/menu/resourceTree','admin','管理员','2016-12-20 00:02:43','0:0:0:0:0:0:0:1',NULL,NULL),('216e8120-5206-40ae-9872-1772ee940403','2','参数添加','/system/param/add?parId=0&parLevel=1','admin','管理员','2016-12-21 23:48:51','0:0:0:0:0:0:0:1',NULL,NULL),('21d97391-b898-416b-90c3-d1899c70fac6','1',NULL,'/druid/basic.json','admin','管理员','2016-12-22 00:14:34','0:0:0:0:0:0:0:1',NULL,NULL),('225c8d6e-3bbd-4b78-8797-4d9da3b138b2','1','参数管理','/system/param/listPage','admin','管理员','2016-12-20 22:22:00','0:0:0:0:0:0:0:1',NULL,NULL),('2275126d-3137-4dfa-a30a-fafaa781686e','1','角色管理','/security/role/listPage','admin','管理员','2016-12-24 18:45:46','192.168.1.51',NULL,NULL),('22949cff-391f-4d2f-b0fc-2211f49535d2','1',NULL,'/system/param/paramTree','admin','管理员','2016-12-20 22:31:41','0:0:0:0:0:0:0:1',NULL,NULL),('22a20123-aa4b-4781-814d-dcb3e7f2e485','2','参数添加','/system/param/add?parId=8f123806-c2a4-4b81-ac67-63753b5539c5&parLevel=2','admin','管理员','2016-12-22 00:12:55','0:0:0:0:0:0:0:1',NULL,NULL),('235ad3e2-959e-4f36-bf58-bc2df78c2229','2','参数修改','/system/param/edit?parId=5ce6dceb-dd46-4d19-9842-54d439e18b3d','admin','管理员','2016-12-22 00:13:50','0:0:0:0:0:0:0:1',NULL,NULL),('237819b9-115d-4651-a7b7-ad8449bfcfcc','1','用户列表','/security/user/list','admin','管理员','2016-12-20 22:27:10','0:0:0:0:0:0:0:1',NULL,NULL),('238d4a61-6b2e-4662-8c91-f24cc54ca8c8','1','参数管理','/system/param/listPage','admin','管理员','2016-12-20 22:30:51','0:0:0:0:0:0:0:1',NULL,NULL),('23a16476-1b4d-401c-9322-466fce02eee2','1','参数管理','/system/param/listPage','admin','管理员','2017-01-21 23:31:51','0:0:0:0:0:0:0:1',NULL,NULL),('2548b27f-5d25-4c4c-8b41-93a3a233185c','1',NULL,'/system/param/paramTree','admin','管理员','2016-12-21 22:18:02','0:0:0:0:0:0:0:1',NULL,NULL),('25d481cf-47ea-43f9-910c-1207803af247','1','资源是否存在','/security/resource/isExist','admin','管理员','2016-12-20 20:46:13','0:0:0:0:0:0:0:1',NULL,NULL),('25defa76-2bac-4d5e-adb4-e65dd65340ca','1',NULL,'/system/param/paramTree','admin','管理员','2016-12-20 23:31:25','0:0:0:0:0:0:0:1',NULL,NULL),('25ef3878-3f7f-48f9-88f7-3361e15a29e1','1','用户管理','/security/user/listPage','admin','管理员','2016-12-20 20:53:23','0:0:0:0:0:0:0:1',NULL,NULL),('263c54bb-1fa9-4b50-bba2-6fa40a88ad52','2','参数添加','/system/param/add?parId=8','admin','管理员','2016-12-21 22:40:12','0:0:0:0:0:0:0:1',NULL,NULL),('266c40bd-1490-4016-8a74-76aeced62e12','1',NULL,'/system/param/paramTree','admin','管理员','2016-12-20 23:43:11','0:0:0:0:0:0:0:1',NULL,NULL),('2681d355-1e95-4e31-88f9-6921e9f0ed5c','1','附件详情','/api/attachment/detail?id=482BA32D-AF72-4F4C-903A-DF127063728C','admin','管理员','2016-12-20 20:22:50','0:0:0:0:0:0:0:1',NULL,NULL),('26884993-773e-45ff-a161-ef075fd4e9ff','1','日志列表','/system/log/list','admin','管理员','2016-12-20 20:22:39','0:0:0:0:0:0:0:1',NULL,NULL),('26e9a8eb-b410-4881-813f-f6d0194f9d46','1','参数管理','/system/param/listPage','admin','管理员','2016-12-22 00:12:51','0:0:0:0:0:0:0:1',NULL,NULL),('271ad63b-8293-4437-aacc-7008ac31a80f','1','图片读取','/api/attachment/downloadByWidthHeight?attachmentId=E85EB18C-81DA-4FB5-8FFC-CBA57D6B320B&width=48&height=48','admin','管理员','2016-12-24 19:00:48','0:0:0:0:0:0:0:1',NULL,NULL),('27533b90-a548-4182-95f9-ed4b332631b7','1','日志列表','/system/log/list','admin','管理员','2016-12-20 00:15:26','0:0:0:0:0:0:0:1',NULL,NULL),('275e3810-c9eb-4c6e-991f-b44fd12236fb','1','参数管理','/system/param/listPage','admin','管理员','2016-12-20 22:37:52','0:0:0:0:0:0:0:1',NULL,NULL),('27f9cdde-7273-4a84-b212-bbc58f1e78ab','1','资源管理','/security/resource/listPage','admin','管理员','2016-12-24 18:44:56','192.168.1.51',NULL,NULL),('28157ccc-6e55-4afa-b03c-a81dc7827d41','1','参数管理','/system/param/listPage','admin','管理员','2016-12-21 23:59:25','0:0:0:0:0:0:0:1',NULL,NULL),('283ca368-5fa6-41ce-8041-59aa62c9587c','1','附件管理','/api/attachment/listPage','admin','管理员','2017-01-22 21:18:21','0:0:0:0:0:0:0:1',NULL,NULL),('284bd0b4-e857-48f3-b2d1-a16353df6217','1','日志列表','/system/log/list','admin','管理员','2016-12-20 00:15:23','0:0:0:0:0:0:0:1',NULL,NULL),('2981552f-2f42-4d97-bd6c-282ffbb1368e','1','日志管理','/system/log/listPage','admin','管理员','2016-12-21 22:23:47','0:0:0:0:0:0:0:1',NULL,NULL),('29a31969-356a-42ea-9bee-8b11d1799d2a','2','参数添加','/system/param/add?parId=9','admin','管理员','2016-12-21 22:18:15','0:0:0:0:0:0:0:1',NULL,NULL),('29c46294-644c-4635-929d-3f45095dae73','1','菜单树','/security/menu/menuTree','admin','管理员','2016-12-20 20:48:29','0:0:0:0:0:0:0:1',NULL,NULL),('29d8fca4-e2ca-4587-aff0-ba6557272077','2','资源添加','/security/resource/add','admin','管理员','2016-12-20 20:46:17','0:0:0:0:0:0:0:1',NULL,NULL),('2a10bc5d-3ec4-4f8f-bfa7-847374bbb818','1','附件列表','/api/attachment/list','admin','管理员','2016-12-20 20:52:48','0:0:0:0:0:0:0:1',NULL,NULL),('2a60dc52-3619-4810-a71c-44364e6b5ed2','1','图片读取','/api/attachment/downloadByWidthHeight?attachmentId=E85EB18C-81DA-4FB5-8FFC-CBA57D6B320B&width=48&height=48','admin','管理员','2016-12-22 20:38:34','0:0:0:0:0:0:0:1',NULL,NULL),('2ad911f6-397b-436d-82e7-31a4b16bad43','1','数据库连接池首页','/druid/index.html','admin','管理员','2017-01-21 23:31:47','0:0:0:0:0:0:0:1',NULL,NULL),('2aee2742-a2eb-403c-bbc3-9695d496eba7','1','资源树数据','/security/resource/resourceTree','admin','管理员','2016-12-20 20:43:18','0:0:0:0:0:0:0:1',NULL,NULL),('2af09a0b-862e-4e3f-afa8-474234b16968','1',NULL,'/druid/js/jquery.min.js','admin','管理员','2016-12-22 00:14:34','0:0:0:0:0:0:0:1',NULL,NULL),('2c30018d-0fd5-4cf2-bf61-4dcc9dae910a','2','参数修改','/system/param/edit?undefined','admin','管理员','2016-12-20 23:31:33','0:0:0:0:0:0:0:1',NULL,NULL),('2c9197ff-e292-4cb5-9cf8-1f7d7cbdcf6c','1','菜单树','/security/menu/menuTree','admin','管理员','2016-12-20 20:21:36','0:0:0:0:0:0:0:1',NULL,NULL),('2cb87d1d-415c-4e72-8963-723d00750791','1','用户管理组织机构树','/security/user/orgTree','admin','管理员','2016-12-20 22:27:10','0:0:0:0:0:0:0:1',NULL,NULL),('2cf3c5cc-3a07-4889-a1c8-46d0782aa8e7','1','定时任务列表','/system/quartz/list','admin','管理员','2016-12-24 19:05:11','0:0:0:0:0:0:0:1',NULL,NULL),('2d03e24f-e9ee-4bc5-817a-2adaa369674b','1','日志列表','/system/log/list','admin','管理员','2016-12-19 22:09:19','0:0:0:0:0:0:0:1',NULL,NULL),('2d7a1893-b95a-4363-8472-041871785586','1','参数管理','/system/param/listPage','admin','管理员','2016-12-22 00:06:44','0:0:0:0:0:0:0:1',NULL,NULL),('2db2275c-be1a-4527-a2d2-2e100aab7188','1','日志列表','/system/log/list','admin','管理员','2016-12-20 00:13:46','0:0:0:0:0:0:0:1',NULL,NULL),('2dd0272f-11af-4df3-9148-6a70a46ff172','1',NULL,'/system/param/parKeyIsExist','admin','管理员','2016-12-22 00:08:07','0:0:0:0:0:0:0:1',NULL,NULL),('2df5bf9e-8c8c-47ad-9061-12cf98765302','1','资源列表','/security/resource/list','admin','管理员','2016-12-21 23:47:13','0:0:0:0:0:0:0:1',NULL,NULL),('2e5386be-ec43-4b70-99b0-60bbfdee3dc9','1','图片读取','/api/attachment/downloadByWidthHeight?attachmentId=E85EB18C-81DA-4FB5-8FFC-CBA57D6B320B&width=48&height=48','admin','管理员','2016-12-20 20:21:07','0:0:0:0:0:0:0:1',NULL,NULL),('2e55c60a-01aa-4d22-9680-ca9ecae7023c','1','参数管理','/system/param/listPage','admin','管理员','2016-12-21 22:34:30','0:0:0:0:0:0:0:1',NULL,NULL),('2e5f1dc3-09ea-44ac-b726-9fcababd15c9','1','参数管理','/system/param/listPage','admin','管理员','2016-12-20 22:32:00','0:0:0:0:0:0:0:1',NULL,NULL),('2efe2beb-8aaf-4c92-a7c8-550699c4c704','1','后台管理首页','/security/manage','admin','管理员','2016-12-20 00:08:05','0:0:0:0:0:0:0:1',NULL,NULL),('2f234308-c55a-419d-9687-e0d2d3c84bbf','1','用户管理组织机构树','/security/user/orgTree','admin','管理员','2016-12-24 18:45:20','192.168.1.51',NULL,NULL),('2f978261-40fe-44a7-bbbb-c54c8f57ce6f','1','定时任务管理','/system/quartz/listPage','admin','管理员','2016-12-20 20:52:16','0:0:0:0:0:0:0:1',NULL,NULL),('2f9855b3-5c39-49ed-943a-7bb023194173','2','参数添加','/system/param/add?parId=49b7415a-bd10-4edc-a718-ba18aa18f0bb&parLevel=2','admin','管理员','2016-12-22 00:06:56','0:0:0:0:0:0:0:1',NULL,NULL),('2fc782ac-ec37-43be-b218-e7b1956c69a9','1','定时任务列表','/system/quartz/list','admin','管理员','2016-12-24 18:45:56','192.168.1.51',NULL,NULL),('2feaec22-3b83-492a-887a-42287f998616','1','菜单列表','/security/menu/list','admin','管理员','2017-01-22 21:18:25','0:0:0:0:0:0:0:1',NULL,NULL),('2ff6b02e-9d0c-4224-a669-2b4cc1475bf3','1',NULL,'/system/param/paramTree','admin','管理员','2016-12-20 22:37:54','0:0:0:0:0:0:0:1',NULL,NULL),('300b0fd5-9059-44da-8232-f73cb20adf3f','1',NULL,'/system/param/paramTree','admin','管理员','2016-12-20 23:26:16','0:0:0:0:0:0:0:1',NULL,NULL),('304925d0-1ab6-4381-9cc9-d6b36abfd3d2','1','参数管理','/system/param/listPage','admin','管理员','2016-12-20 22:32:08','0:0:0:0:0:0:0:1',NULL,NULL),('308184b3-e451-464b-9c9f-ee5f531a014b','1','资源是否存在','/security/resource/isExist','admin','管理员','2016-12-20 20:45:47','0:0:0:0:0:0:0:1',NULL,NULL),('30bfce61-3abd-425b-879e-f97b755988a6','1','定时任务管理','/system/quartz/listPage','admin','管理员','2016-12-24 19:04:37','0:0:0:0:0:0:0:1',NULL,NULL),('31243d2d-09e6-4416-85f5-b34e1ecf03e3','2','参数修改','/system/param/edit?parId=0e2ab5a8-a7fe-40c5-a4b5-c14797cd78a4','admin','管理员','2016-12-22 00:03:01','0:0:0:0:0:0:0:1',NULL,NULL),('313291ed-7327-4100-be5b-332df2999805','1',NULL,'/system/param/paramTree','admin','管理员','2016-12-20 22:31:43','0:0:0:0:0:0:0:1',NULL,NULL),('32624bd4-9982-4999-98c5-ce03685e8f09','1','参数管理','/system/param/listPage','admin','管理员','2016-12-20 22:28:52','0:0:0:0:0:0:0:1',NULL,NULL),('3265ac9f-3070-4647-aa29-d48071ff00b6','1',NULL,'/druid/header.html','admin','管理员','2016-12-24 18:45:55','192.168.1.51',NULL,NULL),('3277ce0d-b76d-4d03-ae16-567efb1d1fcd','1','日志管理','/system/log/listPage','admin','管理员','2016-12-20 00:12:09','0:0:0:0:0:0:0:1',NULL,NULL),('34033ece-b2fb-4b8a-b63a-c8461edb097a','1','用户详情','/security/user/detail?id=1','admin','管理员','2016-12-20 20:53:29','0:0:0:0:0:0:0:1',NULL,NULL),('3412e701-eb8c-4349-837f-85aa221b892c','2','定时任务添加','/system/quartz/add','admin','管理员','2016-12-21 22:23:52','0:0:0:0:0:0:0:1',NULL,NULL),('345e77f9-51ab-4068-b016-75898b6f35a2','1',NULL,'/system/param/paramTree','admin','管理员','2016-12-22 00:10:42','0:0:0:0:0:0:0:1',NULL,NULL),('35041643-765d-4cb1-b9a0-ede43325fd59','1','资源是否存在','/security/resource/isExist','admin','管理员','2016-12-20 20:46:20','0:0:0:0:0:0:0:1',NULL,NULL),('351a2728-d5ea-46a5-9e34-53a8948c450c','1','图片读取','/api/attachment/downloadByWidthHeight?attachmentId=E85EB18C-81DA-4FB5-8FFC-CBA57D6B320B&width=48&height=48','admin','管理员','2017-01-21 23:31:38','0:0:0:0:0:0:0:1',NULL,NULL),('35489f46-30d8-41a4-93df-aad978e8b70e','2','定时任务编辑','/system/quartz/edit?jobName=JOB_DEFAULT_NAME&schedName=scheduler&jobGroup=JOB_DEFAULT_GROUP','admin','管理员','2016-12-19 23:33:06','0:0:0:0:0:0:0:1',NULL,NULL),('358899e5-71ae-4ece-93ae-791fee2c199b','1',NULL,'/system/param/parKeyIsExist','admin','管理员','2016-12-22 00:06:58','0:0:0:0:0:0:0:1',NULL,NULL),('35bee64f-fca4-4b25-be40-5aa827fa84ee','1','资源树数据','/security/resource/resourceTree','admin','管理员','2016-12-20 20:21:08','0:0:0:0:0:0:0:1',NULL,NULL),('360f1034-8b6a-48d1-a151-f1d808cede07','1','参数管理','/system/param/listPage','admin','管理员','2016-12-21 22:37:06','0:0:0:0:0:0:0:1',NULL,NULL),('366da259-fa68-4a87-a3fc-dc7e6a0ab106','2','定时任务添加','/system/quartz/add','admin','管理员','2016-12-20 20:52:44','0:0:0:0:0:0:0:1',NULL,NULL),('366f0f3c-b36d-457d-af2d-5d7214b2f976','1','菜单管理','/security/menu/listPage','admin','管理员','2016-12-20 20:21:36','0:0:0:0:0:0:0:1',NULL,NULL),('3682fb14-52c8-4691-a2b2-e41d61720c9b','1',NULL,'/system/param/paramTree','admin','管理员','2016-12-21 22:37:30','0:0:0:0:0:0:0:1',NULL,NULL),('36a01537-87db-4269-9ecf-ca6c88e3d09b','1','参数管理','/system/param/listPage','admin','管理员','2016-12-20 22:38:08','0:0:0:0:0:0:0:1',NULL,NULL),('36e4121f-721c-4038-bfe9-11512de374c1','2','定时任务添加','/system/quartz/add','admin','管理员','2016-12-24 19:06:25','0:0:0:0:0:0:0:1',NULL,NULL),('374cf05d-9918-46a6-91c4-14482e26620a','1','菜单树','/security/menu/menuTree','admin','管理员','2016-12-20 00:02:29','0:0:0:0:0:0:0:1',NULL,NULL),('37803c2f-bc39-4086-a931-c5d65858d8bb','1','资源树数据','/security/resource/resourceTree','admin','管理员','2016-12-20 00:09:48','0:0:0:0:0:0:0:1',NULL,NULL),('379b63fe-0149-4547-91c9-3ea9a699f57b','1','参数管理','/system/param/listPage','admin','管理员','2016-12-21 23:48:00','0:0:0:0:0:0:0:1',NULL,NULL),('37b04959-9536-4717-83df-5a6e40be9946','1','用户管理','/security/user/listPage','admin','管理员','2016-12-20 00:02:47','0:0:0:0:0:0:0:1',NULL,NULL),('37c5fa95-95e9-4e26-a69f-b9e003ce352a','1','图片读取','/api/attachment/downloadByWidthHeight?attachmentId=E85EB18C-81DA-4FB5-8FFC-CBA57D6B320B&width=48&height=48','admin','管理员','2017-01-22 21:17:56','0:0:0:0:0:0:0:1',NULL,NULL),('37f91d46-0542-4c16-9484-5bd4f2133e45','2','参数添加','/system/param/add','admin','管理员','2016-12-22 00:12:51','0:0:0:0:0:0:0:1',NULL,NULL),('3862fed4-2cae-46c2-b680-1f9a569908f9','1',NULL,'/system/param/parKeyIsExist','admin','管理员','2016-12-22 00:13:24','0:0:0:0:0:0:0:1',NULL,NULL),('3872e2ed-df57-4c05-a8f4-56623d0da3ac','2','参数添加','/system/param/add?parId=0&parLevel=1','admin','管理员','2016-12-22 00:11:17','0:0:0:0:0:0:0:1',NULL,NULL),('38a46e0e-5c80-46db-a491-b258cf4ea88f','2','定时任务编辑','/system/quartz/edit?jobName=%E6%97%A5%E5%BF%97JOB&schedName=scheduler&jobGroup=JOB_DEFAULT_GROUP','admin','管理员','2016-12-24 19:05:07','0:0:0:0:0:0:0:1',NULL,NULL),('38f77ca9-96c0-4775-b9a9-8adc8b6a4aa0','1',NULL,'/system/param/paramTree','admin','管理员','2016-12-21 22:23:39','0:0:0:0:0:0:0:1',NULL,NULL),('39c88520-e77c-43c6-a826-f51adcc500fa','1','参数管理','/system/param/listPage','admin','管理员','2016-12-20 23:57:32','0:0:0:0:0:0:0:1',NULL,NULL),('3a23b0dd-3086-4f58-a7c3-e2b072f415dd','1','参数管理','/system/param/listPage','admin','管理员','2016-12-20 22:27:13','0:0:0:0:0:0:0:1',NULL,NULL),('3a2ee93a-a58a-4806-835e-80d64d7868c1','1','参数管理','/system/param/listPage','admin','管理员','2016-12-20 22:31:43','0:0:0:0:0:0:0:1',NULL,NULL),('3a45f7a7-97c3-488a-b550-67d639f14d79','2','参数添加','/system/param/add?parId=0','admin','管理员','2016-12-21 22:41:46','0:0:0:0:0:0:0:1',NULL,NULL),('3ad21602-68ea-4233-8250-0f1796657395','1','后台管理首页','/security/manage','admin','管理员','2016-12-19 23:32:30','0:0:0:0:0:0:0:1',NULL,NULL),('3ade2134-bfe9-4b4d-9ae1-05008eeb3cc5','1','附件管理','/api/attachment/listPage','admin','管理员','2016-12-22 00:14:36','0:0:0:0:0:0:0:1',NULL,NULL),('3b3bc45d-378f-4824-ad0c-31fd3ddcddf2','1','参数管理','/system/param/listPage','admin','管理员','2016-12-21 22:40:10','0:0:0:0:0:0:0:1',NULL,NULL),('3bdab4f2-1321-4d5b-bf7b-f16ce317067d','1','资源管理','/security/resource/listPage','admin','管理员','2016-12-21 22:17:50','0:0:0:0:0:0:0:1',NULL,NULL),('3be99db3-17e2-48b8-bdac-a140f67b539a','2','参数修改','/system/param/edit?undefined','admin','管理员','2016-12-20 23:29:32','0:0:0:0:0:0:0:1',NULL,NULL),('3c180ecf-f439-4780-8ee2-803a11fb345a','1','资源是否存在','/security/resource/isExist','admin','管理员','2016-12-20 20:45:45','0:0:0:0:0:0:0:1',NULL,NULL),('3c6be389-b8a1-4bf6-a93e-76b342757ed0','1','菜单是否存在','/security/menu/isExist','admin','管理员','2016-12-20 20:48:43','0:0:0:0:0:0:0:1',NULL,NULL),('3cbb698d-6db4-4d6b-83b3-2eb9e32375ad','2','资源添加','/security/resource/add','admin','管理员','2016-12-20 20:45:49','0:0:0:0:0:0:0:1',NULL,NULL),('3cd87fae-6fcc-4a84-b842-b45c5f4066d2','1',NULL,'/system/param/paramTree','admin','管理员','2016-12-20 23:57:33','0:0:0:0:0:0:0:1',NULL,NULL),('3d3a4e1a-ac39-42bb-8831-6ea72ffa2f5e','1',NULL,'/druid/header.html','admin','管理员','2017-01-22 21:18:19','0:0:0:0:0:0:0:1',NULL,NULL),('3df318bd-0d76-4418-a997-4d61b70a9d97','1','参数管理','/system/param/listPage','admin','管理员','2016-12-21 23:47:15','0:0:0:0:0:0:0:1',NULL,NULL),('3e110d9c-050f-485f-b18d-f748f881f95f','1','资源是否存在','/security/resource/isExist','admin','管理员','2016-12-20 20:47:06','0:0:0:0:0:0:0:1',NULL,NULL),('3e6b814a-0072-49f8-8af0-289098d51c78','1',NULL,'/druid/js/common.js','admin','管理员','2016-12-24 18:45:55','192.168.1.51',NULL,NULL),('3eb4c84d-06f8-4083-808b-9a8119317d4e','1',NULL,'/system/param/paramTree','admin','管理员','2016-12-20 22:27:13','0:0:0:0:0:0:0:1',NULL,NULL),('3eca3fde-3095-48e5-9669-ce7c23ad73eb','1','资源是否存在','/security/resource/isExist','admin','管理员','2016-12-20 20:45:45','0:0:0:0:0:0:0:1',NULL,NULL),('3ee49dbb-ca1d-4e5f-8909-da7ceab66226','1','菜单树','/security/menu/menuTree','admin','管理员','2016-12-22 00:14:45','0:0:0:0:0:0:0:1',NULL,NULL),('3f0a03f9-0641-48ff-bd8e-823057c7e25c','1',NULL,'/system/param/paramTree','admin','管理员','2016-12-20 22:38:09','0:0:0:0:0:0:0:1',NULL,NULL),('3f6d0158-1feb-4326-9bad-5ee69a426050','1',NULL,'/system/param/paramTree','admin','管理员','2016-12-22 00:06:44','0:0:0:0:0:0:0:1',NULL,NULL),('3f8a5b0f-4aec-4ad8-98f6-354fe3dee338','1','后台管理首页','/security/manage','admin','管理员','2016-12-20 20:21:05','0:0:0:0:0:0:0:1',NULL,NULL),('3fb7af6c-cab0-4beb-a3a4-7fa107db25b0','1','日志管理','/system/log/listPage','admin','管理员','2016-12-24 18:45:58','192.168.1.51',NULL,NULL),('3fc01bac-1ae4-4820-a3e1-0533729e4d23','1','资源列表','/security/resource/list','admin','管理员','2016-12-20 20:45:49','0:0:0:0:0:0:0:1',NULL,NULL),('3fe70a4d-a425-47ca-a07b-f252f4213581','1','参数管理','/system/param/listPage','admin','管理员','2016-12-20 23:43:10','0:0:0:0:0:0:0:1',NULL,NULL),('4005a6bc-b75f-49d5-9cb5-b0f0e29f91ab','1','定时任务列表','/system/quartz/list','admin','管理员','2016-12-21 22:18:01','0:0:0:0:0:0:0:1',NULL,NULL),('40314f2e-4fd4-41fc-9513-3d300eadda1a','1','参数管理','/system/param/listPage','admin','管理员','2016-12-21 23:58:15','0:0:0:0:0:0:0:1',NULL,NULL),('40b69d4f-45bc-416b-8398-41faaddaf295','1',NULL,'/system/param/paramTree','admin','管理员','2016-12-21 22:39:47','0:0:0:0:0:0:0:1',NULL,NULL),('40bf6d27-c3d8-43de-9ae1-70e41dbea703','1','参数管理','/system/param/listPage','admin','管理员','2016-12-20 22:31:42','0:0:0:0:0:0:0:1',NULL,NULL),('40c55f59-2ce3-4e9f-afd7-689f199303dd','1','资源管理','/security/resource/listPage','admin','管理员','2016-12-20 00:08:05','0:0:0:0:0:0:0:1',NULL,NULL),('410ebf38-9fcc-4d35-928e-49723fe1daef','1','参数管理','/system/param/listPage','admin','管理员','2016-12-20 22:50:53','0:0:0:0:0:0:0:1',NULL,NULL),('4220e702-c38d-4f8f-8a54-25a78659047f','1','日志管理','/system/log/listPage','admin','管理员','2016-12-19 22:09:33','0:0:0:0:0:0:0:1',NULL,NULL),('424d578a-2659-4b94-9dd3-e03ed648284e','3','日志清空','/system/log/clean','admin','管理员','2016-12-19 22:09:19','0:0:0:0:0:0:0:1',NULL,NULL),('426c8f30-ad80-4b06-87fb-8a67af9d1a6e','1','定时任务详情','/system/quartz/detail?jobName=%E6%97%A5%E5%BF%97JOB&schedName=scheduler&jobGroup=JOB_DEFAULT_GROUP','admin','管理员','2016-12-19 23:33:03','0:0:0:0:0:0:0:1',NULL,NULL),('42e819d7-760c-4c7c-96e0-507f736a4719','2','用户分配角色组','/security/user/assignationRolegroup?id=8923eddd-4db2-4050-8a50-be30f16b7ecb','admin','管理员','2016-12-24 18:45:33','192.168.1.51',NULL,NULL),('43244e2b-f5ee-4bd7-aea7-aaf3801c21da','1','日志列表','/system/log/list','admin','管理员','2016-12-19 22:09:33','0:0:0:0:0:0:0:1',NULL,NULL),('43bc309a-c2be-4272-bad6-50ae7b0a11a1','1','参数管理','/system/param/listPage','admin','管理员','2016-12-20 23:42:45','0:0:0:0:0:0:0:1',NULL,NULL),('43ce55ad-af1c-4546-9dce-9c97b38c1e01','1','用户列表','/security/user/list','admin','管理员','2016-12-24 18:45:13','192.168.1.51',NULL,NULL),('446771d1-b587-47ae-9140-f2300133ff5c','1','参数管理','/system/param/listPage','admin','管理员','2016-12-22 00:10:42','0:0:0:0:0:0:0:1',NULL,NULL),('4489b481-c91d-43ec-b47c-35f1db79704b','1','资源是否存在','/security/resource/isExist','admin','管理员','2016-12-20 20:45:46','0:0:0:0:0:0:0:1',NULL,NULL),('449b7277-dbae-4eed-b1f4-40e0f3329a9c','1','日志列表','/system/log/list','admin','管理员','2016-12-19 22:09:30','0:0:0:0:0:0:0:1',NULL,NULL),('45d05585-f266-4974-9193-d9b1a210f36e','1',NULL,'/druid/css/style.css','admin','管理员','2016-12-24 18:45:55','192.168.1.51',NULL,NULL),('45ecb49e-ab9e-4863-8451-dd4921825e47','1',NULL,'/druid/js/lang.js','admin','管理员','2017-01-21 23:31:47','0:0:0:0:0:0:0:1',NULL,NULL),('46012368-62f8-46dc-98d7-4c907dea4a08','1',NULL,'/druid/js/jquery.min.js','admin','管理员','2016-12-24 18:45:55','192.168.1.51',NULL,NULL),('4604add3-bc87-4a0e-86af-d6615b90adf3','1','角色权限树','/security/role/privilegeTree','admin','管理员','2016-12-20 20:47:22','0:0:0:0:0:0:0:1',NULL,NULL),('4640abd9-27b9-4af5-aa8a-442c0ff56f81','2','定时任务编辑','/system/quartz/edit?jobName=%E6%97%A5%E5%BF%97JOB&schedName=scheduler&jobGroup=JOB_DEFAULT_GROUP','admin','管理员','2016-12-24 19:00:59','0:0:0:0:0:0:0:1',NULL,NULL),('46588cc1-1b01-4188-ba3e-65a9a276ca22','1',NULL,'/system/param/paramTree','admin','管理员','2016-12-20 23:42:45','0:0:0:0:0:0:0:1',NULL,NULL),('4688c68a-4d71-414c-b102-25ab102cca11','1','日志列表','/system/log/list','admin','管理员','2016-12-20 20:22:32','0:0:0:0:0:0:0:1',NULL,NULL),('46950f67-8571-4103-9c8e-ebde247b881c','1',NULL,'/system/param/paramTree','admin','管理员','2016-12-20 22:54:29','0:0:0:0:0:0:0:1',NULL,NULL),('46e84a08-fac7-4124-9ad3-cfc5eb4f3566','1','参数管理','/system/param/listPage','admin','管理员','2016-12-21 23:48:30','0:0:0:0:0:0:0:1',NULL,NULL),('47683864-6ed9-4ecf-80e8-302fe2343cf7','2','参数添加','/system/param/add','admin','管理员','2016-12-22 00:14:25','0:0:0:0:0:0:0:1',NULL,NULL),('478fd8db-a039-4674-8946-9a7ab1cf66bc','1','机构树','/security/organization/orgTree','admin','管理员','2016-12-20 00:03:00','0:0:0:0:0:0:0:1',NULL,NULL),('482e56b2-2f14-4d14-a394-2f790e718eca','1','后台管理首页','/security/manage','admin','管理员','2016-12-22 20:38:34','0:0:0:0:0:0:0:1',NULL,NULL),('4832eda0-15f9-4c36-9d5c-ff07edfc4724','1','参数管理','/system/param/listPage','admin','管理员','2016-12-20 22:33:05','0:0:0:0:0:0:0:1',NULL,NULL),('48379146-82ad-4ba4-a964-0f2e1fe87b54','1','附件列表','/api/attachment/list','admin','管理员','2016-12-22 00:14:44','0:0:0:0:0:0:0:1',NULL,NULL),('48cf8d85-4925-45f7-ba2b-d7919ef82e8e','1',NULL,'/system/param/parKeyIsExist','admin','管理员','2016-12-22 00:14:15','0:0:0:0:0:0:0:1',NULL,NULL),('48dea3c1-ee59-4fe6-ac1b-5d6dc2526f43','1','资源列表','/security/resource/list','admin','管理员','2017-01-21 23:31:40','0:0:0:0:0:0:0:1',NULL,NULL),('491624a5-dc5c-4e2b-a3af-b82d9f893860','1','资源列表','/security/resource/list','admin','管理员','2016-12-20 00:09:48','0:0:0:0:0:0:0:1',NULL,NULL),('4943324a-12ab-4171-aaac-b432e4c26b0b','1','资源列表','/security/resource/list','admin','管理员','2016-12-22 00:12:23','0:0:0:0:0:0:0:1',NULL,NULL),('497a899a-93ba-447d-90d6-7d3c382ef95b','2','参数添加','/system/param/add?parId=49b7415a-bd10-4edc-a718-ba18aa18f0bb&parLevel=2','admin','管理员','2016-12-22 00:10:22','0:0:0:0:0:0:0:1',NULL,NULL),('49def15c-611d-456f-8e69-3b6def865e14','1','附件列表','/api/attachment/list','admin','管理员','2016-12-20 20:21:30','0:0:0:0:0:0:0:1',NULL,NULL),('49e964b2-9bde-4f74-a900-d60ed47bdd2f','1','资源列表','/security/resource/list','admin','管理员','2016-12-20 20:44:42','0:0:0:0:0:0:0:1',NULL,NULL),('4a3e8209-b9b0-40c8-bd4d-3461b9a92f91','1','菜单列表','/security/menu/list','admin','管理员','2017-01-21 23:31:52','0:0:0:0:0:0:0:1',NULL,NULL),('4ad02045-6d47-48c5-a4d6-1d3b0eafafe2','1','参数管理','/system/param/listPage','admin','管理员','2016-12-20 22:31:39','0:0:0:0:0:0:0:1',NULL,NULL),('4af20693-1eb3-4454-8a16-ce5e817d6958','1',NULL,'/system/param/parKeyIsExist','admin','管理员','2016-12-22 00:12:40','0:0:0:0:0:0:0:1',NULL,NULL),('4b270a12-5482-4c40-bb45-ee14f910b9da','2','参数修改','/system/param/edit?parId=5','admin','管理员','2016-12-21 22:38:24','0:0:0:0:0:0:0:1',NULL,NULL),('4b5564dd-4910-4f25-8a89-47d371c0aba2','1','日志列表','/system/log/list','admin','管理员','2016-12-20 00:13:43','0:0:0:0:0:0:0:1',NULL,NULL),('4b9f1d4e-6c68-40f5-911b-126693aa3321','1',NULL,'/system/param/paramTree','admin','管理员','2016-12-20 23:25:48','0:0:0:0:0:0:0:1',NULL,NULL),('4be18f6d-c499-4531-8016-303b65438fad','1','日志列表','/system/log/list','admin','管理员','2017-01-21 23:31:48','0:0:0:0:0:0:0:1',NULL,NULL),('4c2543a7-39b3-4355-b740-076a79c527dd','2','参数添加','/system/param/add?parId=0','admin','管理员','2016-12-21 22:35:08','0:0:0:0:0:0:0:1',NULL,NULL),('4c442a52-0ff1-4bf6-9a2e-427ef0f6050a','1','资源管理','/security/resource/listPage','admin','管理员','2016-12-21 23:58:09','0:0:0:0:0:0:0:1',NULL,NULL),('4c67975a-cbe1-4062-970d-d5aa8ebec244','2','参数添加','/system/param/add','admin','管理员','2016-12-22 00:13:04','0:0:0:0:0:0:0:1',NULL,NULL),('4c86a0d3-4ef0-4e14-b6b2-d14f052e0d40','1','资源树数据','/security/resource/resourceTree','admin','管理员','2016-12-20 00:08:05','0:0:0:0:0:0:0:1',NULL,NULL),('4ce761dc-af89-4144-97c8-b99bf0830728','1',NULL,'/system/param/paramTree','admin','管理员','2016-12-20 22:25:03','0:0:0:0:0:0:0:1',NULL,NULL),('4d1ed1b4-4f8f-40d1-9146-9898b6b466c7','1','参数管理','/system/param/listPage','admin','管理员','2016-12-20 22:28:24','0:0:0:0:0:0:0:1',NULL,NULL),('4d599a79-edd8-4c65-ae8e-a29e1fb4d709','1','日志列表','/system/log/list','admin','管理员','2016-12-20 00:13:39','0:0:0:0:0:0:0:1',NULL,NULL),('4d5df0f9-a66a-454a-b0ed-ebc89d5abf77','1','参数管理','/system/param/listPage','admin','管理员','2016-12-20 22:25:03','0:0:0:0:0:0:0:1',NULL,NULL),('4e3d9932-86db-4d47-8c04-8287495792e0','1','附件管理','/api/attachment/listPage','admin','管理员','2016-12-20 20:21:33','0:0:0:0:0:0:0:1',NULL,NULL),('4e45b8f1-43c3-443f-bf44-cb0f2ff871b4','1','角色管理','/security/role/listPage','admin','管理员','2016-12-20 20:47:17','0:0:0:0:0:0:0:1',NULL,NULL),('4ea9a932-730d-4665-8ae8-ae4679d6ca06','1','系统登录','http://localhost:8080/framework-core/j_spring_security_check','admin','管理员','2016-12-24 19:04:31','0:0:0:0:0:0:0:1','[authentication success/认证成功]',NULL),('4f256201-d70e-498f-bc79-75357b04d70b','1','菜单树','/security/menu/menuTree','admin','管理员','2016-12-22 00:14:37','0:0:0:0:0:0:0:1',NULL,NULL),('4fb7730d-c9d8-467b-a370-7f246f22f7cb','2','参数添加','/system/param/add?parId=8','admin','管理员','2016-12-21 22:31:44','0:0:0:0:0:0:0:1',NULL,NULL),('4fc81ad3-754f-49ec-aa40-335ccd782632','2','参数添加','/system/param/add?parId=8f123806-c2a4-4b81-ac67-63753b5539c5&parLevel=2','admin','管理员','2016-12-22 00:13:20','0:0:0:0:0:0:0:1',NULL,NULL),('507efbc4-abf0-4412-a054-886f9c18d6bf','1','参数管理','/system/param/listPage','admin','管理员','2016-12-20 22:31:57','0:0:0:0:0:0:0:1',NULL,NULL),('508f881d-2ed2-489b-bbcd-7aa14bfb19f1','1',NULL,'/system/param/paramTree','admin','管理员','2016-12-20 22:28:07','0:0:0:0:0:0:0:1',NULL,NULL),('50a3eb68-8829-41c0-93b3-aa05eaf0b604','1','资源是否存在','/security/resource/isExist','admin','管理员','2016-12-20 20:46:33','0:0:0:0:0:0:0:1',NULL,NULL),('50b079c4-ce2e-4184-b568-0383c8435dbd','1','资源是否存在','/security/resource/isExist','admin','管理员','2016-12-20 20:46:32','0:0:0:0:0:0:0:1',NULL,NULL),('51324b6c-5df7-4838-9ad8-84d25d0a5a93','1','资源树数据','/security/resource/resourceTree','admin','管理员','2016-12-20 20:45:52','0:0:0:0:0:0:0:1',NULL,NULL),('513ff084-d3a5-4ab4-bb9c-53a7294346ac','2','菜单修改','/security/menu/edit','admin','管理员','2016-12-20 20:48:43','0:0:0:0:0:0:0:1',NULL,NULL),('51fd9684-6ecd-460a-947c-046987d3e05f','1',NULL,'/system/param/paramTree','admin','管理员','2016-12-21 22:23:54','0:0:0:0:0:0:0:1',NULL,NULL),('526db03a-7f1e-413d-ac4d-7dcae6d702bf','1',NULL,'/system/param/parKeyIsExist','admin','管理员','2016-12-22 00:12:59','0:0:0:0:0:0:0:1',NULL,NULL),('534faeb4-7238-471f-8069-8f0ed9d00dc2','1','资源列表','/security/resource/list','admin','管理员','2016-12-20 20:46:42','0:0:0:0:0:0:0:1',NULL,NULL),('53fa1535-eab8-4524-bfe5-53e45a83951a','2','参数添加','/system/param/add?parId=0&parLevel=1','admin','管理员','2016-12-22 00:12:35','0:0:0:0:0:0:0:1',NULL,NULL),('542dccbb-ffcd-49fd-a74f-0a8d342b76f5','1','后台管理首页','/security/manage','admin','管理员','2016-12-20 00:09:48','0:0:0:0:0:0:0:1',NULL,NULL),('54706f1e-463f-486c-84c1-d5851f87534a','1','日志列表','/system/log/list','admin','管理员','2016-12-20 00:12:23','0:0:0:0:0:0:0:1',NULL,NULL),('549adef4-3657-4c66-8949-4a6d5bcd236b','1','定时任务管理','/system/quartz/listPage','admin','管理员','2016-12-24 19:05:15','0:0:0:0:0:0:0:1',NULL,NULL),('54bc22e1-4ea6-46a1-8a8c-0e651b1b97f1','1',NULL,'/system/param/parKeyIsExist','admin','管理员','2016-12-22 00:13:54','0:0:0:0:0:0:0:1',NULL,NULL),('558011bc-792b-4b5e-95c3-485c306f0979','1',NULL,'/system/param/paramTree','admin','管理员','2016-12-21 22:53:54','0:0:0:0:0:0:0:1',NULL,NULL),('55cd5972-1aa3-449f-80bd-57d6d7e3c2a8','1','定时任务详情','/system/quartz/detail?jobName=%E6%97%A5%E5%BF%97JOB&schedName=scheduler&jobGroup=JOB_DEFAULT_GROUP','admin','管理员','2016-12-19 23:36:12','0:0:0:0:0:0:0:1',NULL,NULL),('55f0b491-bd59-4d3a-865d-1afda8407860','2','定时任务编辑','/system/quartz/edit?jobName=JOB_DEFAULT_NAME&schedName=scheduler&jobGroup=JOB_DEFAULT_GROUP','admin','管理员','2016-12-24 19:06:28','0:0:0:0:0:0:0:1',NULL,NULL),('5632285a-4707-451c-90e6-131a834567c2','1','参数管理','/system/param/listPage','admin','管理员','2016-12-20 22:54:28','0:0:0:0:0:0:0:1',NULL,NULL),('5675cec3-4655-43f3-abb7-d29e1484930e','1',NULL,'/system/param/paramTree','admin','管理员','2016-12-20 22:31:23','0:0:0:0:0:0:0:1',NULL,NULL),('577abdd6-7058-44aa-86f9-d9a03e9fe152','1','资源树数据','/security/resource/resourceTree','admin','管理员','2016-12-21 22:17:53','0:0:0:0:0:0:0:1',NULL,NULL),('5900d5dd-b188-4c88-a422-1f2323ed65fc','1',NULL,'/system/param/paramTree','admin','管理员','2016-12-22 00:12:52','0:0:0:0:0:0:0:1',NULL,NULL),('5910f778-cad0-4995-a886-1189883dd291','1','定时任务管理','/system/quartz/listPage','admin','管理员','2016-12-19 23:32:33','0:0:0:0:0:0:0:1',NULL,NULL),('59527c9c-8fb4-405a-94d7-12e093644bfd','1',NULL,'/system/param/paramTree','admin','管理员','2016-12-20 22:31:57','0:0:0:0:0:0:0:1',NULL,NULL),('596ab7d0-abdb-4c2d-939e-d9a0fc48dd88','1','日志管理','/system/log/listPage','admin','管理员','2016-12-20 20:22:15','0:0:0:0:0:0:0:1',NULL,NULL),('596ebd20-3670-4a5d-8292-d9fbb4b63542','1','参数管理','/system/param/listPage','admin','管理员','2016-12-21 22:40:44','0:0:0:0:0:0:0:1',NULL,NULL),('5986aa5d-390e-49d6-8ab9-104573aeb51d','1','日志列表','/system/log/list','admin','管理员','2016-12-24 18:46:01','192.168.1.51',NULL,NULL),('59a23ed7-f26a-4d87-a598-df8d53934bce','1','用户管理组织机构树','/security/user/orgTree','admin','管理员','2016-12-20 20:53:24','0:0:0:0:0:0:0:1',NULL,NULL),('59f4dc04-0315-45cd-a528-3ef0b2729531','1','菜单树','/security/menu/menuTree','admin','管理员','2016-12-20 20:21:32','0:0:0:0:0:0:0:1',NULL,NULL),('5a104ea4-4612-454a-843f-c0ffa01a7cdc','1',NULL,'/druid/js/jquery.min.js','admin','管理员','2017-01-21 23:31:47','0:0:0:0:0:0:0:1',NULL,NULL),('5a6cfc4e-6e89-4fd5-8128-ee18d7b689ba','1','图片读取','/api/attachment/downloadByWidthHeight?attachmentId=E85EB18C-81DA-4FB5-8FFC-CBA57D6B320B&width=48&height=48','admin','管理员','2016-12-22 00:12:22','0:0:0:0:0:0:0:1',NULL,NULL),('5ac32d3c-8699-4eb7-af56-7bd91054284c','1','资源管理','/security/resource/listPage','admin','管理员','2016-12-20 20:48:48','0:0:0:0:0:0:0:1',NULL,NULL),('5b00d884-4ec0-4289-9bee-c2bd91aa4459','2','参数添加','/system/param/add','admin','管理员','2016-12-20 23:43:47','0:0:0:0:0:0:0:1',NULL,NULL),('5b96f5ad-b431-443b-a6c3-ec9c2349843e','2','资源添加','/security/resource/add','admin','管理员','2016-12-20 20:44:42','0:0:0:0:0:0:0:1',NULL,NULL),('5bb0f38d-21a1-4411-8e43-d656c717f3f2','1','资源是否存在','/security/resource/isExist','admin','管理员','2016-12-20 20:46:36','0:0:0:0:0:0:0:1',NULL,NULL),('5bb4de45-a0c5-4da3-bcc4-e580477d0c9e','1',NULL,'/system/param/paramTree','admin','管理员','2016-12-20 22:28:13','0:0:0:0:0:0:0:1',NULL,NULL),('5be9ae89-6de7-4606-9822-a1727de7bbef','2','参数修改','/system/param/edit?parId=7','admin','管理员','2016-12-22 00:14:01','0:0:0:0:0:0:0:1',NULL,NULL),('5c9c066c-d286-46bf-a2fb-ceb2eaee631b','1','附件列表','/api/attachment/list','admin','管理员','2017-01-22 21:18:22','0:0:0:0:0:0:0:1',NULL,NULL),('5ce15cc6-c969-48d5-99f3-12ea6df2f4e7','1','资源树数据','/security/resource/resourceTree','admin','管理员','2016-12-22 00:01:28','0:0:0:0:0:0:0:1',NULL,NULL),('5d098716-f747-450b-b9df-577c7031fff5','1','参数管理','/system/param/listPage','admin','管理员','2016-12-20 23:42:43','0:0:0:0:0:0:0:1',NULL,NULL),('5d3702c8-f15d-419f-88e5-eb216ff1055f','1','资源树数据','/security/resource/resourceTree','admin','管理员','2016-12-21 23:47:13','0:0:0:0:0:0:0:1',NULL,NULL),('5da36f60-03f0-42cf-81df-e64cb0a59718','1',NULL,'/druid/basic.json','admin','管理员','2017-01-21 23:31:47','0:0:0:0:0:0:0:1',NULL,NULL),('5dd53425-0852-42cc-b3a5-03d3a78e353b','1','资源是否存在','/security/resource/isExist','admin','管理员','2016-12-20 20:45:34','0:0:0:0:0:0:0:1',NULL,NULL),('5e4b68d1-1689-4b4c-8dae-3a32f4491ed8','1','资源是否存在','/security/resource/isExist','admin','管理员','2016-12-20 20:47:06','0:0:0:0:0:0:0:1',NULL,NULL),('5e82209a-417c-477e-be82-21b4d0654b08','1','角色权限树','/security/role/privilegeTree','admin','管理员','2016-12-24 18:45:51','192.168.1.51',NULL,NULL),('5eb73b57-ab11-4695-8ea8-ed0b4edeb79e','1','参数管理','/system/param/listPage','admin','管理员','2017-01-22 21:18:24','0:0:0:0:0:0:0:1',NULL,NULL),('5f03ac08-6d27-4170-ae3f-bb1eb8aa09a4','1','系统登录','http://localhost:8080/framework-core/j_spring_security_check','admin','管理员','2016-12-22 20:38:34','0:0:0:0:0:0:0:1','[authentication success/认证成功]',NULL),('5f06a52a-ce98-424f-a5c7-45cd19083c7b','1',NULL,'/system/param/paramTree','admin','管理员','2016-12-21 23:58:15','0:0:0:0:0:0:0:1',NULL,NULL),('5fcfe5f8-cf88-44f3-b265-0b84a609d6a8','1',NULL,'/system/param/parKeyIsExist','admin','管理员','2016-12-22 00:03:24','0:0:0:0:0:0:0:1',NULL,NULL),('602cf1d0-31f1-43e0-b121-d077a701e061','1',NULL,'/druid/js/common.js','admin','管理员','2016-12-22 00:14:34','0:0:0:0:0:0:0:1',NULL,NULL),('602e71af-0e9c-46ed-9756-4d4d059d9308','1','资源列表','/security/resource/list','admin','管理员','2016-12-24 19:00:50','0:0:0:0:0:0:0:1',NULL,NULL),('604a6244-0741-489f-bbb5-a47060938433','1','菜单树','/security/menu/menuTree','admin','管理员','2017-01-21 23:31:52','0:0:0:0:0:0:0:1',NULL,NULL),('60c0564a-4cbc-49e9-bdd9-6ec21530bd0c','2','菜单修改','/security/menu/edit?id=c74cc78e-4c6f-449e-bddd-36c7cf5c3588','admin','管理员','2016-12-20 20:48:28','0:0:0:0:0:0:0:1',NULL,NULL),('60c684f9-2e09-4eee-8e6e-f49dda69b67e','1','后台管理首页','/security/manage','admin','管理员','2016-12-21 23:58:12','0:0:0:0:0:0:0:1',NULL,NULL),('613d57a9-2af1-486a-8c37-8d9e4101527b','1','角色列表','/security/role/list','admin','管理员','2016-12-20 20:47:31','0:0:0:0:0:0:0:1',NULL,NULL),('619d7433-362a-4280-923c-bd9a7283d142','1',NULL,'/system/param/parKeyIsExist','admin','管理员','2016-12-22 00:07:02','0:0:0:0:0:0:0:1',NULL,NULL),('6215467c-f819-45c1-897f-aa062768bc30','1',NULL,'/system/param/paramTree','admin','管理员','2016-12-22 00:14:36','0:0:0:0:0:0:0:1',NULL,NULL),('623b828c-ffef-4549-bf47-c54304dbbdef','1','参数管理','/system/param/listPage','admin','管理员','2016-12-21 23:56:48','0:0:0:0:0:0:0:1',NULL,NULL),('62802d9a-de85-454e-a059-84f8c06cac67','2','角色权限分配保存','/security/roleprivilege/save','admin','管理员','2016-12-20 20:47:27','0:0:0:0:0:0:0:1',NULL,NULL),('62bf5f08-11f9-4728-a48f-c12faec395ef','1','参数管理','/system/param/listPage','admin','管理员','2016-12-22 00:06:43','0:0:0:0:0:0:0:1',NULL,NULL),('63470808-eebf-4560-a5c6-785511916041','1',NULL,'/system/param/parKeyIsExist','admin','管理员','2016-12-22 00:07:01','0:0:0:0:0:0:0:1',NULL,NULL),('6443c805-6e41-457b-8ac1-e2167198b6e0','1','资源是否存在','/security/resource/isExist','admin','管理员','2016-12-20 20:44:10','0:0:0:0:0:0:0:1',NULL,NULL),('64fec38f-920b-4797-9a54-2cad591c7ba4','1','资源列表','/security/resource/list','admin','管理员','2016-12-20 20:45:28','0:0:0:0:0:0:0:1',NULL,NULL),('654f694d-58ec-46f5-af54-23f711f95989','1','资源列表','/security/resource/list','admin','管理员','2016-12-20 20:46:15','0:0:0:0:0:0:0:1',NULL,NULL),('655ed03f-cba5-4c52-ba6a-cb5c686fd23b','1','资源是否存在','/security/resource/isExist','admin','管理员','2016-12-20 20:46:10','0:0:0:0:0:0:0:1',NULL,NULL),('6592c42d-351b-4578-8fd9-fb0e537fa808','1',NULL,'/system/param/paramTree','admin','管理员','2016-12-21 23:59:26','0:0:0:0:0:0:0:1',NULL,NULL),('6623968d-e9d3-400e-84e6-bde48e3ad6ea','2','参数添加','/system/param/add?parId=0','admin','管理员','2016-12-21 22:23:18','0:0:0:0:0:0:0:1',NULL,NULL),('66b89b4a-6439-49cf-8354-4934fb845c2d','1','参数管理','/system/param/listPage','admin','管理员','2016-12-22 00:14:18','0:0:0:0:0:0:0:1',NULL,NULL),('66d4946a-ff52-4337-b60e-1af963b39289','1','参数管理','/system/param/listPage','admin','管理员','2016-12-20 22:27:34','0:0:0:0:0:0:0:1',NULL,NULL),('671d7022-3054-4628-8060-87d11ddc544e','1','资源是否存在','/security/resource/isExist','admin','管理员','2016-12-20 20:43:24','0:0:0:0:0:0:0:1',NULL,NULL),('675fc30a-98da-4296-a6ce-0fec58585b60','1','菜单管理','/security/menu/listPage','admin','管理员','2016-12-20 20:21:31','0:0:0:0:0:0:0:1',NULL,NULL),('678f4dd7-edde-46d5-905e-36e7461f9d82','1','日志管理','/system/log/listPage','admin','管理员','2016-12-20 00:15:05','0:0:0:0:0:0:0:1',NULL,NULL),('67a09106-b6dd-4de6-823d-44321b86e5ff','1','数据库连接池首页','/druid/index.html','admin','管理员','2016-12-22 00:14:34','0:0:0:0:0:0:0:1',NULL,NULL),('67c05318-c325-4008-99ce-f0a5467fb7d7','1','资源是否存在','/security/resource/isExist','admin','管理员','2016-12-20 20:44:11','0:0:0:0:0:0:0:1',NULL,NULL),('67e7a7a6-6f72-4377-b275-d65dfad99748','1','参数管理','/system/param/listPage','admin','管理员','2016-12-22 00:02:56','0:0:0:0:0:0:0:1',NULL,NULL),('6841f9db-784b-4100-94cf-f872699716b3','2','用户管理分配挂载部门','/security/user/assignationOrg?id=78b16b39-6895-480a-8e88-24c223469fc6','admin','管理员','2016-12-24 18:45:28','192.168.1.51',NULL,NULL),('6847320e-1e44-4ddf-907e-e9d03aee0965','1',NULL,'/system/param/paramTree','admin','管理员','2016-12-22 00:13:04','0:0:0:0:0:0:0:1',NULL,NULL),('68639393-e55a-4b02-9919-d84ab2df22ac','1','参数管理','/system/param/listPage','admin','管理员','2016-12-20 23:26:16','0:0:0:0:0:0:0:1',NULL,NULL),('68b2dddc-5608-453e-b5ea-35ba63c59bc7','1',NULL,'/system/param/paramTree','admin','管理员','2016-12-21 22:23:15','0:0:0:0:0:0:0:1',NULL,NULL),('68b36b70-e3ff-4538-89c0-2ff566ee7d1d','1','定时任务列表','/system/quartz/list','admin','管理员','2016-12-20 20:21:24','0:0:0:0:0:0:0:1',NULL,NULL),('6907492d-700b-4452-96ca-29dbbc20d956','3',NULL,'/system/param/deleteCascade?id=49b7415a-bd10-4edc-a718-ba18aa18f0bb','admin','管理员','2016-12-22 00:10:59','0:0:0:0:0:0:0:1',NULL,NULL),('692cdf69-7c37-4801-aa1c-f78b3f71b30e','2','参数添加','/system/param/add','admin','管理员','2016-12-21 23:59:42','0:0:0:0:0:0:0:1',NULL,NULL),('694e39e3-641b-4ad1-a0d8-26a98f9b17bf','1',NULL,'/system/param/parKeyIsExist','admin','管理员','2016-12-22 00:06:59','0:0:0:0:0:0:0:1',NULL,NULL),('6950b497-35dd-4fbd-9f72-e9e140c41ca3','1','用户管理组织机构树','/security/user/orgTree','admin','管理员','2016-12-24 18:45:13','192.168.1.51',NULL,NULL),('696c4eb2-2b1d-445e-819f-b839af0fd318','1','定时任务列表','/system/quartz/list','admin','管理员','2016-12-24 19:01:30','0:0:0:0:0:0:0:1',NULL,NULL),('6971354d-21c7-45f9-bda7-5646dcfba474','1',NULL,'/druid/css/bootstrap.min.css','admin','管理员','2017-01-21 23:31:47','0:0:0:0:0:0:0:1',NULL,NULL),('698f693b-17ba-45a2-84c9-51ee4ec70e62','1','日志列表','/system/log/list','admin','管理员','2016-12-20 00:12:47','0:0:0:0:0:0:0:1',NULL,NULL),('69983ea3-6921-43ee-8737-f545a41a0490','2','资源添加','/security/resource/add','admin','管理员','2016-12-20 20:45:51','0:0:0:0:0:0:0:1',NULL,NULL),('69c58692-7edd-437a-83a9-fb31a3480e9a','1',NULL,'/system/param/parKeyIsExist','admin','管理员','2016-12-22 00:07:11','0:0:0:0:0:0:0:1',NULL,NULL),('6a0b0e3a-3f7b-4328-8755-efd32a5c08a6','1','系统登录','http://localhost:8080/framework-core/j_spring_security_check','admin','管理员','2016-12-20 20:48:48','0:0:0:0:0:0:0:1','[authentication success/认证成功]',NULL),('6a277f1d-ff72-4ea4-b2c7-1624017fba87','2','参数添加','/system/param/add?parId=49b7415a-bd10-4edc-a718-ba18aa18f0bb&parLevel=2','admin','管理员','2016-12-21 23:59:28','0:0:0:0:0:0:0:1',NULL,NULL),('6a979ed9-3e61-4727-87f6-85d2db93c8fb','2','参数添加','/system/param/add','admin','管理员','2016-12-22 00:13:29','0:0:0:0:0:0:0:1',NULL,NULL),('6aabe1af-ae6a-4088-b1ef-abaf1fc3ee1e','1','资源是否存在','/security/resource/isExist','admin','管理员','2016-12-20 20:45:24','0:0:0:0:0:0:0:1',NULL,NULL),('6b6e306a-7c80-4fba-946e-aa7ceba5709d','1',NULL,'/system/param/paramTree','admin','管理员','2016-12-22 00:06:50','0:0:0:0:0:0:0:1',NULL,NULL),('6be76e5c-ef05-40ad-bca1-64d97c0dee12','1','用户管理组织机构树','/security/user/orgTree','admin','管理员','2016-12-20 00:02:49','0:0:0:0:0:0:0:1',NULL,NULL),('6cdcf11b-fc43-43be-90e8-34847e35c3ff','1','资源是否存在','/security/resource/isExist','admin','管理员','2016-12-20 20:47:04','0:0:0:0:0:0:0:1',NULL,NULL),('6d3b2cea-4613-4584-9cb7-b5123a949147','1','附件列表','/api/attachment/list','admin','管理员','2017-01-21 23:31:50','0:0:0:0:0:0:0:1',NULL,NULL),('6e69e129-9aa1-4caf-b845-c5d2fb936d82','1','用户列表','/security/user/list','admin','管理员','2016-12-20 00:02:48','0:0:0:0:0:0:0:1',NULL,NULL),('6f065555-92a6-4662-b73a-ac1f30c92375','1',NULL,'/druid/basic.json','admin','管理员','2016-12-24 19:00:51','0:0:0:0:0:0:0:1',NULL,NULL),('6f96b546-4d93-4031-bcea-0fb325aa8dac','1',NULL,'/system/param/paramTree','admin','管理员','2016-12-20 22:18:03','0:0:0:0:0:0:0:1',NULL,NULL),('6fd55cdb-b402-40e9-b9bf-a1d19f7e14a9','2','参数添加','/system/param/add?parId=0','admin','管理员','2016-12-21 22:51:27','0:0:0:0:0:0:0:1',NULL,NULL),('7026ed3c-1ca9-4665-a81e-1a71dcee558c','1','参数管理','/system/param/listPage','admin','管理员','2016-12-22 00:05:06','0:0:0:0:0:0:0:1',NULL,NULL),('7052017b-f2bc-4f4d-bb7c-a07fc27bdd13','1','参数管理','/system/param/listPage','admin','管理员','2016-12-22 00:13:29','0:0:0:0:0:0:0:1',NULL,NULL),('7060f1de-1cd8-47ff-82e7-8d394e5de165','1','参数管理','/system/param/listPage','admin','管理员','2016-12-20 22:33:06','0:0:0:0:0:0:0:1',NULL,NULL),('70a7fbf1-2a0b-4799-8a03-19865c5bf6ff','1',NULL,'/system/param/paramTree','admin','管理员','2016-12-20 22:22:00','0:0:0:0:0:0:0:1',NULL,NULL),('70c9e8ba-eee0-409f-b405-00ba4255c28a','2','定时任务编辑','/system/quartz/edit?jobName=%E6%97%A5%E5%BF%97JOB&schedName=scheduler&jobGroup=JOB_DEFAULT_GROUP','admin','管理员','2016-12-24 19:04:39','0:0:0:0:0:0:0:1',NULL,NULL),('7117b7ec-18de-4fa5-b517-3f8506be181c','1',NULL,'/system/param/paramTree','admin','管理员','2016-12-22 00:12:25','0:0:0:0:0:0:0:1',NULL,NULL),('72048929-b498-4b19-9d16-c1c102693840','1',NULL,'/system/param/parKeyIsExist','admin','管理员','2016-12-21 23:58:24','0:0:0:0:0:0:0:1',NULL,NULL),('728e5db6-2384-4272-9490-9410b15533d8','1',NULL,'/system/param/paramTree','admin','管理员','2017-01-21 23:31:51','0:0:0:0:0:0:0:1',NULL,NULL),('72e18475-e32a-4b8f-b8b2-3846cb48d1e0','2','参数添加','/system/param/add?parId=0&parLevel=0','admin','管理员','2016-12-21 23:48:01','0:0:0:0:0:0:0:1',NULL,NULL),('72ee0a63-5f0b-42a7-bc9a-81e8799e4ff5','1',NULL,'/druid/js/common.js','admin','管理员','2017-01-22 21:18:19','0:0:0:0:0:0:0:1',NULL,NULL),('740a0b13-686f-4f88-8713-ce019df28b5e','1','druid数据库连接池','/druid','admin','管理员','2017-01-21 23:31:47','0:0:0:0:0:0:0:1',NULL,NULL),('747cb677-7abc-4d11-bc25-b6644e92830a','1','参数管理','/system/param/listPage','admin','管理员','2016-12-21 22:40:11','0:0:0:0:0:0:0:1',NULL,NULL),('74d670eb-d8a1-489e-a6fc-b2a1b824d95b','1',NULL,'/system/param/parKeyIsExist','admin','管理员','2016-12-22 00:07:01','0:0:0:0:0:0:0:1',NULL,NULL),('74dfd61f-5ddd-438e-bf19-4f44aee723e0','2','用户分配角色','/security/user/assignationRole?id=1','admin','管理员','2016-12-24 18:45:41','192.168.1.51',NULL,NULL),('75688889-7b3a-485d-a023-e6e6a1df314a','1','定时任务列表','/system/quartz/list','admin','管理员','2016-12-20 20:21:17','0:0:0:0:0:0:0:1',NULL,NULL),('756a9f2d-aac1-4879-a93f-6d57101f5318','1','参数管理','/system/param/listPage','admin','管理员','2016-12-20 22:31:41','0:0:0:0:0:0:0:1',NULL,NULL),('76108dd1-cb09-439a-a9cd-937799411d30','1',NULL,'/system/param/paramTree','admin','管理员','2016-12-20 23:15:44','0:0:0:0:0:0:0:1',NULL,NULL),('7625f510-7b4e-42de-8c33-7ef1520b5e56','1',NULL,'/system/param/parKeyIsExist','admin','管理员','2016-12-21 23:49:17','0:0:0:0:0:0:0:1',NULL,NULL),('770c157f-b5f6-4c78-b912-4417c34d0450','1',NULL,'/system/param/paramTree','admin','管理员','2016-12-21 22:34:30','0:0:0:0:0:0:0:1',NULL,NULL),('77db7190-403d-4126-b97e-71c4af0e95b4','1','资源是否存在','/security/resource/isExist','admin','管理员','2016-12-20 20:47:06','0:0:0:0:0:0:0:1',NULL,NULL),('77f8f7db-e349-44e6-ba5c-6f253eb605d0','1','参数管理','/system/param/listPage','admin','管理员','2016-12-22 00:14:25','0:0:0:0:0:0:0:1',NULL,NULL),('7804bf3b-16a7-4129-acc7-924ed12a8c85','1',NULL,'/system/param/paramTree','admin','管理员','2016-12-20 22:35:58','0:0:0:0:0:0:0:1',NULL,NULL),('78142574-4638-4520-bb35-524050fd44e7','1','日志列表','/system/log/list','admin','管理员','2016-12-22 00:14:35','0:0:0:0:0:0:0:1',NULL,NULL),('79cb0c4a-5309-4d3e-ba20-f8979e7ed6e8','1','菜单树','/security/menu/menuTree','admin','管理员','2016-12-20 20:48:16','0:0:0:0:0:0:0:1',NULL,NULL),('7a85bf07-251f-4e7d-a315-96bb8e55ce95','1',NULL,'/system/param/paramTree','admin','管理员','2016-12-21 23:56:49','0:0:0:0:0:0:0:1',NULL,NULL),('7ab74deb-74ef-4960-bcbb-c343eb07151a','1',NULL,'/system/param/paramTree','admin','管理员','2016-12-20 23:22:09','0:0:0:0:0:0:0:1',NULL,NULL),('7ac8d6a6-6e3a-4b2f-8f0f-9fccfcb29099','1','系统登录','http://localhost:8080/framework-core/j_spring_security_check','admin','管理员','2016-12-22 00:01:26','0:0:0:0:0:0:0:1','[authentication success/认证成功]',NULL),('7aebe755-f0d4-4e5d-8e79-f5ed656128d0','1','后台管理首页','/security/manage','admin','管理员','2016-12-22 00:10:17','0:0:0:0:0:0:0:1',NULL,NULL),('7b22f8f4-63ea-45d5-be56-a7684c1294a5','1','后台管理首页','/security/manage','admin','管理员','2017-01-21 23:31:38','0:0:0:0:0:0:0:1',NULL,NULL),('7bff80c2-75f7-4e46-b865-05c9dd7ecda9','1',NULL,'/druid/js/lang.js','admin','管理员','2017-01-22 21:18:19','0:0:0:0:0:0:0:1',NULL,NULL),('7c3e70cb-b7a6-428c-8645-ee5e33ad50fc','1',NULL,'/system/param/paramTree','admin','管理员','2016-12-20 22:50:53','0:0:0:0:0:0:0:1',NULL,NULL),('7d3bd6bf-a88b-48c2-b334-db1be531014a','2','参数修改','/system/param/edit?parId=0e2ab5a8-a7fe-40c5-a4b5-c14797cd78a4','admin','管理员','2016-12-22 00:03:47','0:0:0:0:0:0:0:1',NULL,NULL),('7de1f59f-8152-4233-907c-db49ea91b59e','1','定时任务列表','/system/quartz/list','admin','管理员','2016-12-19 23:32:33','0:0:0:0:0:0:0:1',NULL,NULL),('7de54f21-dace-4ea3-8c2c-376eff19aeb2','2','定时任务添加','/system/quartz/add','admin','管理员','2016-12-19 23:36:32','0:0:0:0:0:0:0:1',NULL,NULL),('7e511948-296e-4ec1-9c87-0c341b572e39','1','资源树数据','/security/resource/resourceTree','admin','管理员','2016-12-19 23:52:04','0:0:0:0:0:0:0:1',NULL,NULL),('7e9d5d1e-47ba-4729-8b19-498b2271e96b','1','日志管理','/system/log/listPage','admin','管理员','2016-12-19 22:09:29','0:0:0:0:0:0:0:1',NULL,NULL),('7f95288a-1bbe-4154-8e2c-b621b63a2684','1','定时任务详情','/system/quartz/detail?jobName=JOB_DEFAULT_NAME&schedName=scheduler&jobGroup=JOB_DEFAULT_GROUP','admin','管理员','2016-12-24 19:05:10','0:0:0:0:0:0:0:1',NULL,NULL),('7fb4bd61-dd66-4ed5-9bcc-050d843c2190','1','后台管理首页','/security/manage','admin','管理员','2016-12-20 20:48:48','0:0:0:0:0:0:0:1',NULL,NULL),('80297d3c-9a18-4d05-a694-1128d5e6263a','1','资源列表','/security/resource/list','admin','管理员','2016-12-20 00:08:05','0:0:0:0:0:0:0:1',NULL,NULL),('805fef81-9c16-43dd-a16d-3239c7599198','1','图片读取','/api/attachment/downloadByWidthHeight?attachmentId=E85EB18C-81DA-4FB5-8FFC-CBA57D6B320B&width=48&height=48','admin','管理员','2016-12-19 23:32:30','0:0:0:0:0:0:0:1',NULL,NULL),('811f4a25-9e41-46ac-8e29-bb1cc11bd815','2','参数添加','/system/param/add?parId=0','admin','管理员','2016-12-21 22:53:55','0:0:0:0:0:0:0:1',NULL,NULL),('818ac484-6222-4fad-9bca-d202f41e7508','1',NULL,'/system/param/paramTree','admin','管理员','2016-12-20 22:28:30','0:0:0:0:0:0:0:1',NULL,NULL),('81c0fe2d-45a7-4a2f-8633-fb562d41bee9','1','资源管理','/security/resource/listPage','admin','管理员','2017-01-22 21:17:56','0:0:0:0:0:0:0:1',NULL,NULL),('81e5bdbd-fe4b-4d78-8620-e27e52048902','1','资源是否存在','/security/resource/isExist','admin','管理员','2016-12-20 20:46:22','0:0:0:0:0:0:0:1',NULL,NULL),('81f8d520-1635-4e2d-b0a8-7009c5a4d1b6','1','菜单管理','/security/menu/listPage','admin','管理员','2016-12-20 20:52:49','0:0:0:0:0:0:0:1',NULL,NULL),('82863629-d2df-43d9-b57b-f67631ac846a','1',NULL,'/system/param/parKeyIsExist','admin','管理员','2016-12-22 00:07:21','0:0:0:0:0:0:0:1',NULL,NULL),('82c370f2-5203-4dac-8da7-f4866bd9d6b4','1','资源列表','/security/resource/list','admin','管理员','2016-12-21 22:17:53','0:0:0:0:0:0:0:1',NULL,NULL),('83112148-2e81-4734-816b-5ed66b39400b','1',NULL,'/system/param/paramTree','admin','管理员','2016-12-20 22:28:24','0:0:0:0:0:0:0:1',NULL,NULL),('8351ef5d-4c37-4fe6-8f24-59f27ca9a327','1','系统登录','http://localhost:8080/framework-core/j_spring_security_check','admin','管理员','2016-12-21 22:17:47','0:0:0:0:0:0:0:1','[authentication success/认证成功]',NULL),('83563a76-04ef-4e41-ab9f-013a9a2491a9','1',NULL,'/system/param/paramTree','admin','管理员','2016-12-20 22:37:53','0:0:0:0:0:0:0:1',NULL,NULL),('83c051e6-a962-4609-b855-ef9844347f3f','1','资源是否存在','/security/resource/isExist','admin','管理员','2016-12-20 20:45:45','0:0:0:0:0:0:0:1',NULL,NULL),('83eef69a-703a-4f6f-9183-9260a265be8e','1','定时任务管理','/system/quartz/listPage','admin','管理员','2016-12-21 22:23:51','0:0:0:0:0:0:0:1',NULL,NULL),('843abbf9-9b00-4b8c-b64b-bd25d7570049','1','定时任务详情','/system/quartz/detail?jobName=JOB_DEFAULT_NAME&schedName=scheduler&jobGroup=JOB_DEFAULT_GROUP','admin','管理员','2016-12-24 19:06:31','0:0:0:0:0:0:0:1',NULL,NULL),('844a33aa-6f99-4861-ae48-8c0a6084f8e6','1','资源列表','/security/resource/list','admin','管理员','2016-12-21 23:58:10','0:0:0:0:0:0:0:1',NULL,NULL),('84a6c730-6992-48d8-97ea-3b828b94054d','1','日志列表','/system/log/list','admin','管理员','2016-12-20 00:08:08','0:0:0:0:0:0:0:1',NULL,NULL),('84da7174-891e-4957-a21a-3ed1a2ebb6b2','1','系统登录','http://localhost:8080/framework-core/j_spring_security_check','admin','管理员','2016-12-21 23:47:12','0:0:0:0:0:0:0:1','[authentication success/认证成功]',NULL),('853842c1-5f7e-4caa-b4e7-20bea7bac664','1','定时任务管理','/system/quartz/listPage','admin','管理员','2016-12-24 19:06:24','0:0:0:0:0:0:0:1',NULL,NULL),('8551d302-76f8-4735-ae4f-39f32347cacd','1',NULL,'/system/param/parKeyIsExist','admin','管理员','2016-12-21 23:57:07','0:0:0:0:0:0:0:1',NULL,NULL),('863816f9-c080-4b5a-b264-42763270f56f','1',NULL,'/system/param/paramTree','admin','管理员','2016-12-20 22:28:52','0:0:0:0:0:0:0:1',NULL,NULL),('867e095d-afef-459b-8739-15c63a03b0f8','1','资源树数据','/security/resource/resourceTree','admin','管理员','2016-12-22 00:10:18','0:0:0:0:0:0:0:1',NULL,NULL),('87e38966-f914-4319-bf74-e27f275e4301','1','日志管理','/system/log/listPage','admin','管理员','2016-12-20 00:02:21','0:0:0:0:0:0:0:1',NULL,NULL),('87ece68a-5a6c-41cb-8125-d32e71474194','1','参数管理','/system/param/listPage','admin','管理员','2016-12-21 22:34:30','0:0:0:0:0:0:0:1',NULL,NULL),('8810aa37-5404-4543-87b3-67140559bb1f','1','定时任务列表','/system/quartz/list','admin','管理员','2016-12-24 19:05:06','0:0:0:0:0:0:0:1',NULL,NULL),('8820bc02-3c90-4bb5-b9b9-1a0d2fb4d7b9','1','资源是否存在','/security/resource/isExist','admin','管理员','2016-12-20 20:46:36','0:0:0:0:0:0:0:1',NULL,NULL),('88a2a318-494e-45ef-804d-f3302c2f076d','1','图片读取','/api/attachment/downloadByWidthHeight?attachmentId=E85EB18C-81DA-4FB5-8FFC-CBA57D6B320B&width=48&height=48','admin','管理员','2016-12-19 23:52:04','0:0:0:0:0:0:0:1',NULL,NULL),('88ab0008-b68f-4d75-b76a-93890dc8bd8c','1',NULL,'/druid/css/bootstrap.min.css','admin','管理员','2017-01-22 21:18:19','0:0:0:0:0:0:0:1',NULL,NULL),('89500203-5730-4cc8-a245-0539e203f114','2','定时任务编辑','/system/quartz/edit?jobName=JOB_DEFAULT_NAME&schedName=scheduler&jobGroup=JOB_DEFAULT_GROUP','admin','管理员','2016-12-24 19:00:55','0:0:0:0:0:0:0:1',NULL,NULL),('89c5ce33-441d-47fe-8a23-d4a7b251158d','1','参数管理','/system/param/listPage','admin','管理员','2016-12-22 00:06:41','0:0:0:0:0:0:0:1',NULL,NULL),('8a65fbf3-dde6-4891-9095-ca226984900d','1','参数管理','/system/param/listPage','admin','管理员','2016-12-20 23:31:25','0:0:0:0:0:0:0:1',NULL,NULL),('8a842780-65da-4c91-820a-70e2de3c4f9f','1','资源管理','/security/resource/listPage','admin','管理员','2017-01-21 23:31:40','0:0:0:0:0:0:0:1',NULL,NULL),('8ae99d32-4906-4eab-b740-f1556b99bac6','1',NULL,'/druid/js/lang.js','admin','管理员','2016-12-22 00:14:34','0:0:0:0:0:0:0:1',NULL,NULL),('8af5f6b8-74be-490d-bed1-3d5db9f5e495','1','资源是否存在','/security/resource/isExist','admin','管理员','2016-12-20 20:44:10','0:0:0:0:0:0:0:1',NULL,NULL),('8b541aa1-4889-490c-944b-97795426b4fd','1','后台管理首页','/security/manage','admin','管理员','2016-12-22 00:01:26','0:0:0:0:0:0:0:1',NULL,NULL),('8b936ceb-be52-4cd6-9c96-714ce9f2fea2','1','参数管理','/system/param/listPage','admin','管理员','2016-12-22 00:10:20','0:0:0:0:0:0:0:1',NULL,NULL),('8c07d3ee-231e-4522-af54-ac5453addc25','1','资源是否存在','/security/resource/isExist','admin','管理员','2016-12-20 20:45:33','0:0:0:0:0:0:0:1',NULL,NULL),('8c34bf65-41e9-4685-baf3-1b278f4a21bb','1','菜单列表','/security/menu/list','admin','管理员','2016-12-20 22:28:26','0:0:0:0:0:0:0:1',NULL,NULL),('8c39d7b9-fcc4-4aa9-94b6-c227dbf16079','2','参数修改','/system/param/edit?parId=0e2ab5a8-a7fe-40c5-a4b5-c14797cd78a4','admin','管理员','2016-12-22 00:03:30','0:0:0:0:0:0:0:1',NULL,NULL),('8c3b9a3d-66c8-4249-9dff-78d43b533312','1',NULL,'/system/param/paramTree','admin','管理员','2016-12-21 22:40:44','0:0:0:0:0:0:0:1',NULL,NULL),('8caa0939-e470-4a69-90d0-b21a435c420c','1','参数管理','/system/param/listPage','admin','管理员','2016-12-21 22:51:26','0:0:0:0:0:0:0:1',NULL,NULL),('8cb30176-064b-4e6d-ac26-f6e8ebb25b70','1','图片读取','/api/attachment/downloadByWidthHeight?attachmentId=E85EB18C-81DA-4FB5-8FFC-CBA57D6B320B&width=48&height=48','admin','管理员','2016-12-22 00:10:17','0:0:0:0:0:0:0:1',NULL,NULL),('8cd7bf61-af94-43b3-b0c4-4330eb022bee','1','日志列表','/system/log/list','admin','管理员','2016-12-19 22:09:31','0:0:0:0:0:0:0:1',NULL,NULL),('8d3f32c5-4d38-429f-b47f-311fe7b6842e','1','菜单列表','/security/menu/list','admin','管理员','2016-12-20 20:21:32','0:0:0:0:0:0:0:1',NULL,NULL),('8d7bca25-9caf-478d-9c1e-f163e7eff498','2','参数添加','/system/param/add?parId=0&parLevel=01','admin','管理员','2016-12-21 23:48:32','0:0:0:0:0:0:0:1',NULL,NULL),('8db8216c-319e-4a7f-adac-b5633bb64bde','1','图片读取','/api/attachment/downloadByWidthHeight?attachmentId=E85EB18C-81DA-4FB5-8FFC-CBA57D6B320B&width=48&height=48','admin','管理员','2016-12-21 23:58:09','0:0:0:0:0:0:0:1',NULL,NULL),('8e1a9ef3-f523-4a04-af16-b76056d3d405','1','资源列表','/security/resource/list','admin','管理员','2016-12-20 20:21:08','0:0:0:0:0:0:0:1',NULL,NULL),('8eacbfd2-fb71-44b9-b858-ca352b22af19','1','参数管理','/system/param/listPage','admin','管理员','2016-12-20 22:30:27','0:0:0:0:0:0:0:1',NULL,NULL),('8ef19d51-386d-4542-9edb-8669c80bbc4c','1',NULL,'/druid/js/common.js','admin','管理员','2017-01-21 23:31:47','0:0:0:0:0:0:0:1',NULL,NULL),('8f097ead-7f7c-4284-a285-1ebbe650faba','1','参数管理','/system/param/listPage','admin','管理员','2016-12-21 23:58:01','0:0:0:0:0:0:0:1',NULL,NULL),('8f27c323-1850-463b-9728-b553273cc545','1',NULL,'/system/param/paramTree','admin','管理员','2016-12-20 22:33:50','0:0:0:0:0:0:0:1',NULL,NULL),('8f8c604a-458f-4943-a262-86155440f690','1',NULL,'/druid/js/common.js','admin','管理员','2016-12-24 19:00:51','0:0:0:0:0:0:0:1',NULL,NULL),('8fbe03e4-3a2b-406d-9f79-35025889ad46','1',NULL,'/druid/basic.json','admin','管理员','2017-01-22 21:18:19','0:0:0:0:0:0:0:1',NULL,NULL),('905b36ba-730f-4559-bdc7-6777394eb20c','1',NULL,'/system/param/paramTree','admin','管理员','2016-12-20 22:32:46','0:0:0:0:0:0:0:1',NULL,NULL),('90b5f97c-370a-468d-8c89-2f5904d66051','2','参数添加','/system/param/add?parId=0&parLevel=1','admin','管理员','2016-12-21 23:49:11','0:0:0:0:0:0:0:1',NULL,NULL),('90de13e6-c4eb-4b20-88f7-a889d1f905bb','1','数据库连接池首页','/druid/index.html','admin','管理员','2016-12-20 20:21:25','0:0:0:0:0:0:0:1',NULL,NULL),('913e6cf2-5abc-4d99-82a6-7d7c68db9e2f','1','日志管理','/system/log/listPage','admin','管理员','2017-01-22 21:18:21','0:0:0:0:0:0:0:1',NULL,NULL),('917af3ee-276d-4c1f-9185-db29be025c05','1','图片读取','/api/attachment/downloadByWidthHeight?attachmentId=E85EB18C-81DA-4FB5-8FFC-CBA57D6B320B&width=48&height=48','admin','管理员','2016-12-21 23:47:12','0:0:0:0:0:0:0:1',NULL,NULL),('91a4fdee-aa9f-4d0e-9169-606af0480c2c','1','参数管理','/system/param/listPage','admin','管理员','2016-12-21 23:59:26','0:0:0:0:0:0:0:1',NULL,NULL),('91b25234-ba2f-4cac-8191-bfd56ee5f054','1','定时任务管理','/system/quartz/listPage','admin','管理员','2016-12-24 19:05:06','0:0:0:0:0:0:0:1',NULL,NULL),('9208be29-25ca-4781-a9c3-1772fb615e05','1','参数管理','/system/param/listPage','admin','管理员','2016-12-22 00:13:54','0:0:0:0:0:0:0:1',NULL,NULL),('929cdf74-2a19-4687-8f51-867ef109546b','1','日志列表','/system/log/list','admin','管理员','2016-12-20 00:12:31','0:0:0:0:0:0:0:1',NULL,NULL),('92b3d721-91c5-46d4-b24c-e56adca52924','1','日志列表','/system/log/list','admin','管理员','2016-12-24 18:46:04','192.168.1.51',NULL,NULL),('9389e543-3283-4374-95c8-9fa6b6b359a3','1','附件管理','/api/attachment/listPage','admin','管理员','2016-12-20 20:52:48','0:0:0:0:0:0:0:1',NULL,NULL),('942a3846-472e-40f1-ab7a-4cb5d91bfd77','1','druid数据库连接池','/druid','admin','管理员','2017-01-22 21:18:19','0:0:0:0:0:0:0:1',NULL,NULL),('950e933c-9de9-4189-a342-f4934d3bf97d','2','资源添加','/security/resource/add','admin','管理员','2016-12-20 20:45:27','0:0:0:0:0:0:0:1',NULL,NULL),('956882d7-01b0-417f-875d-b9eb09f13c21','1','定时任务管理','/system/quartz/listPage','admin','管理员','2016-12-24 19:00:52','0:0:0:0:0:0:0:1',NULL,NULL),('96819bac-a0b0-4a43-b7a2-5f05916f2afa','1',NULL,'/system/param/paramTree','admin','管理员','2016-12-22 00:14:38','0:0:0:0:0:0:0:1',NULL,NULL),('96f065e3-3cb7-4170-bd51-bea3a2c75b6a','1',NULL,'/druid/css/bootstrap.min.css','admin','管理员','2016-12-22 00:14:34','0:0:0:0:0:0:0:1',NULL,NULL),('96f62aee-84dd-48e1-9d77-71f5e71aab9c','1','定时任务管理','/system/quartz/listPage','admin','管理员','2016-12-24 19:01:30','0:0:0:0:0:0:0:1',NULL,NULL),('971aca7f-2d97-4762-ab70-f769b2096e89','1',NULL,'/system/param/paramTree','admin','管理员','2016-12-20 22:32:46','0:0:0:0:0:0:0:1',NULL,NULL),('9724d78e-7b4a-4dda-aadf-665584e18a11','2','参数添加','/system/param/add?parId=5&parLevel=3','admin','管理员','2016-12-22 00:14:04','0:0:0:0:0:0:0:1',NULL,NULL),('97615c6d-b2e2-4b4b-82e5-881e2453739e','2','参数添加','/system/param/add','admin','管理员','2016-12-20 23:31:36','0:0:0:0:0:0:0:1',NULL,NULL),('9765ff55-5edf-4f8f-bca4-b93677485d88','1','附件管理','/api/attachment/listPage','admin','管理员','2016-12-21 22:23:45','0:0:0:0:0:0:0:1',NULL,NULL),('984167a2-1386-40ec-b906-c25f54fa189e','1','日志列表','/system/log/list','admin','管理员','2016-12-20 20:41:19','0:0:0:0:0:0:0:1',NULL,NULL),('98519632-0957-4cf2-b83b-820df44b6ed2','1','参数管理','/system/param/listPage','admin','管理员','2016-12-22 00:14:36','0:0:0:0:0:0:0:1',NULL,NULL),('985cb20b-3ca7-47bf-944f-e9de597388ce','2','参数修改','/system/param/edit?parId=49b7415a-bd10-4edc-a718-ba18aa18f0bb','admin','管理员','2016-12-21 23:58:17','0:0:0:0:0:0:0:1',NULL,NULL),('98c60556-26bb-4f8e-ae05-20dd38f2e87b','1','参数管理','/system/param/listPage','admin','管理员','2016-12-20 22:31:23','0:0:0:0:0:0:0:1',NULL,NULL),('9921ac60-ed33-4564-9b02-6b9bdfa9e32a','1','资源树数据','/security/resource/resourceTree','admin','管理员','2016-12-21 23:58:13','0:0:0:0:0:0:0:1',NULL,NULL),('992e175c-bf8c-4af4-a51e-aa97857fadd7','1','资源是否存在','/security/resource/isExist','admin','管理员','2016-12-20 20:44:53','0:0:0:0:0:0:0:1',NULL,NULL),('993d6aec-a6b7-491b-b1f3-fe7345527928','1',NULL,'/druid/css/style.css','admin','管理员','2016-12-22 00:14:34','0:0:0:0:0:0:0:1',NULL,NULL),('99b81567-de7c-450a-9757-3c436f9c2e80','1','日志列表','/system/log/list','admin','管理员','2016-12-20 00:12:40','0:0:0:0:0:0:0:1',NULL,NULL),('99c380c3-ed27-45db-ad4b-94f2eed771cc','1','日志管理','/system/log/listPage','admin','管理员','2016-12-20 00:01:40','0:0:0:0:0:0:0:1',NULL,NULL),('99de56b8-ccf3-4fd4-87c0-5dbfb59d8ff1','1','参数管理','/system/param/listPage','admin','管理员','2016-12-20 23:25:48','0:0:0:0:0:0:0:1',NULL,NULL),('9a2bd9ee-1497-426e-a813-90524c341ae0','1',NULL,'/system/param/paramTree','admin','管理员','2016-12-22 00:14:55','0:0:0:0:0:0:0:1',NULL,NULL),('9ad6f0fc-e29b-4dc1-a032-14c6d52451d1','1','参数管理','/system/param/listPage','admin','管理员','2016-12-21 23:59:26','0:0:0:0:0:0:0:1',NULL,NULL),('9b11a110-584a-436d-aa90-a2dd9922823e','2','定时任务执行','/system/quartz/execute?jobName=JOB_DEFAULT_NAME&schedName=scheduler&jobGroup=JOB_DEFAULT_GROUP','admin','管理员','2016-12-24 19:05:11','0:0:0:0:0:0:0:1',NULL,NULL),('9b4af576-9fe6-4a25-8dd4-64ef917c6e24','1','参数管理','/system/param/listPage','admin','管理员','2016-12-20 23:24:39','0:0:0:0:0:0:0:1',NULL,NULL),('9b72d4f9-523b-47d5-b895-373cf1fa268c','1','参数管理','/system/param/listPage','admin','管理员','2016-12-22 00:14:38','0:0:0:0:0:0:0:1',NULL,NULL),('9b87f5b8-07d9-4dcc-bf75-a5a4e06ef8b2','1','资源是否存在','/security/resource/isExist','admin','管理员','2016-12-20 20:46:52','0:0:0:0:0:0:0:1',NULL,NULL),('9c385352-2247-408f-98fd-e01452804b99','1','资源树数据','/security/resource/resourceTree','admin','管理员','2016-12-24 19:04:32','0:0:0:0:0:0:0:1',NULL,NULL),('9cf64578-b996-4091-8baf-5080756707e0','1','资源是否存在','/security/resource/isExist','admin','管理员','2016-12-20 20:45:45','0:0:0:0:0:0:0:1',NULL,NULL),('9d0bdf11-353c-4a04-bd90-6131b80eda15','1','资源管理','/security/resource/listPage','admin','管理员','2016-12-22 00:10:18','0:0:0:0:0:0:0:1',NULL,NULL),('9dbeae93-485d-4130-9f4e-a8475a808332','1','系统登录','http://localhost:8080/framework-core/j_spring_security_check','admin','管理员','2016-12-20 00:09:48','0:0:0:0:0:0:0:1','[authentication success/认证成功]',NULL),('9efea26f-33c0-46cc-b461-11cc7fce885d','1','图片读取','/api/attachment/downloadByWidthHeight?attachmentId=E85EB18C-81DA-4FB5-8FFC-CBA57D6B320B&width=48&height=48','admin','管理员','2016-12-20 20:21:05','0:0:0:0:0:0:0:1',NULL,NULL),('9f07d701-900c-4a3c-9607-bce2708cab64','1','参数管理','/system/param/listPage','admin','管理员','2016-12-20 23:28:53','0:0:0:0:0:0:0:1',NULL,NULL),('9f381164-8ed4-4bd9-b84f-6bc46f303de5','1','参数管理','/system/param/listPage','admin','管理员','2016-12-20 22:51:43','0:0:0:0:0:0:0:1',NULL,NULL),('9f6065fc-15f3-4a3b-9c14-80253a203417','1','资源是否存在','/security/resource/isExist','admin','管理员','2016-12-20 20:45:02','0:0:0:0:0:0:0:1',NULL,NULL),('9f7190bc-2cb9-41b5-98d9-e006c168f689','1',NULL,'/system/param/paramTree','admin','管理员','2016-12-20 22:27:34','0:0:0:0:0:0:0:1',NULL,NULL),('9fc42599-0f6d-4bfc-b7cc-a59383c0045d','1','参数管理','/system/param/listPage','admin','管理员','2016-12-20 23:15:44','0:0:0:0:0:0:0:1',NULL,NULL),('9fd41a25-55cc-445d-b3b9-5382c10ca859','1',NULL,'/system/param/paramTree','admin','管理员','2016-12-22 00:14:18','0:0:0:0:0:0:0:1',NULL,NULL),('a02e6de5-5ddc-43b5-8b55-bde3e8bd520c','2','定时任务编辑','/system/quartz/edit?jobName=%E6%97%A5%E5%BF%97JOB&schedName=scheduler&jobGroup=JOB_DEFAULT_GROUP','admin','管理员','2016-12-24 19:01:31','0:0:0:0:0:0:0:1',NULL,NULL),('a0b44143-ece0-4527-870f-e46854aef27d','1',NULL,'/system/param/paramTree','admin','管理员','2016-12-21 23:59:26','0:0:0:0:0:0:0:1',NULL,NULL),('a12751b1-459d-4cdc-a29d-c5639bc17398','1',NULL,'/druid/js/jquery.min.js','admin','管理员','2017-01-22 21:18:19','0:0:0:0:0:0:0:1',NULL,NULL),('a1400806-d500-4617-a33d-4f3bd8fa6406','2','参数添加','/system/param/add','admin','管理员','2016-12-20 23:44:43','0:0:0:0:0:0:0:1',NULL,NULL),('a1e43428-ac9e-485c-a63b-136bde52a720','1','参数管理','/system/param/listPage','admin','管理员','2016-12-21 22:23:54','0:0:0:0:0:0:0:1',NULL,NULL),('a2081e79-b3fa-43be-9ca7-2ae6e4523076','1','参数管理','/system/param/listPage','admin','管理员','2016-12-21 22:23:39','0:0:0:0:0:0:0:1',NULL,NULL),('a21e820c-84a6-4e7b-9d9f-920667a6ae73','1','定时任务列表','/system/quartz/list','admin','管理员','2017-01-21 23:31:44','0:0:0:0:0:0:0:1',NULL,NULL),('a24dff39-b986-4406-8e4b-8ea6168d2ac7','1',NULL,'/system/param/paramTree','admin','管理员','2016-12-20 22:30:52','0:0:0:0:0:0:0:1',NULL,NULL),('a2fa28ee-dda3-46a4-8bb3-3b293fe97a66','1','角色列表','/security/role/list','admin','管理员','2016-12-24 18:45:47','192.168.1.51',NULL,NULL),('a360150c-dbf8-4707-a9d7-48298788b7cd','1','资源管理','/security/resource/listPage','admin','管理员','2016-12-20 20:23:01','0:0:0:0:0:0:0:1',NULL,NULL),('a3789f3b-e020-4fc7-9842-4170ffbc5320','1',NULL,'/system/param/paramTree','admin','管理员','2016-12-22 00:13:54','0:0:0:0:0:0:0:1',NULL,NULL),('a3898916-241c-4f23-aefa-51dcb5831252','1','后台管理首页','/security/manage','admin','管理员','2016-12-21 22:17:47','0:0:0:0:0:0:0:1',NULL,NULL),('a39fe486-ad84-45d9-b9d8-d3aad1ebd549','1',NULL,'/system/param/paramTree','admin','管理员','2016-12-21 23:59:26','0:0:0:0:0:0:0:1',NULL,NULL),('a41238a0-0fc9-4b26-8005-166a07a9b232','1','资源是否存在','/security/resource/isExist','admin','管理员','2016-12-20 20:46:11','0:0:0:0:0:0:0:1',NULL,NULL),('a4697188-212b-43f4-b966-170289de0de9','1','图片读取','/api/attachment/downloadByWidthHeight?attachmentId=E85EB18C-81DA-4FB5-8FFC-CBA57D6B320B&width=48&height=48','admin','管理员','2016-12-20 00:08:05','0:0:0:0:0:0:0:1',NULL,NULL),('a488c695-8195-4c1c-8173-6bc1fbb2652a','1',NULL,'/system/param/paramTree','admin','管理员','2016-12-20 23:25:36','0:0:0:0:0:0:0:1',NULL,NULL),('a52b5df6-4844-408e-af54-e895075ecc8c','1','资源管理','/security/resource/listPage','admin','管理员','2016-12-22 20:38:35','0:0:0:0:0:0:0:1',NULL,NULL),('a6392490-217f-4d78-bedc-40435840ac57','1','定时任务详情','/system/quartz/detail?jobName=JOB_DEFAULT_NAME&schedName=scheduler&jobGroup=JOB_DEFAULT_GROUP','admin','管理员','2016-12-19 23:32:52','0:0:0:0:0:0:0:1',NULL,NULL),('a642fa08-34df-467b-92c5-93806f2f53b0','1','参数管理','/system/param/listPage','admin','管理员','2016-12-21 23:56:08','0:0:0:0:0:0:0:1',NULL,NULL),('a66764cf-3c40-4664-82e6-63261a029f4a','1',NULL,'/system/param/paramTree','admin','管理员','2016-12-21 22:51:26','0:0:0:0:0:0:0:1',NULL,NULL),('a68413ba-66a0-4039-a21d-049dab7ef74a','1','参数管理','/system/param/listPage','admin','管理员','2016-12-20 22:37:32','0:0:0:0:0:0:0:1',NULL,NULL),('a6bfd269-03d1-47ef-87e0-64ac4d6c571b','1','后台管理首页','/security/manage','admin','管理员','2016-12-19 23:52:04','0:0:0:0:0:0:0:1',NULL,NULL),('a6ffdfba-1f32-4a80-9f2a-2e6de0b8c367','1','资源管理','/security/resource/listPage','admin','管理员','2016-12-21 23:47:13','0:0:0:0:0:0:0:1',NULL,NULL),('a72d5079-aca1-4807-9a98-97b26660c4e6','1',NULL,'/system/param/paramTree','admin','管理员','2016-12-20 22:37:33','0:0:0:0:0:0:0:1',NULL,NULL),('a751760f-d74b-4c8c-9a71-56273079f391','2','定时任务编辑','/system/quartz/edit?jobName=JOB_DEFAULT_NAME&schedName=scheduler&jobGroup=JOB_DEFAULT_GROUP','admin','管理员','2016-12-24 19:01:37','0:0:0:0:0:0:0:1',NULL,NULL),('a760da92-a620-40a8-9b98-13e7f7f06eea','1',NULL,'/system/param/parKeyIsExist','admin','管理员','2016-12-21 23:59:34','0:0:0:0:0:0:0:1',NULL,NULL),('a7d50d54-3c57-4b0f-945d-c14c9b9e5f68','1','菜单列表','/security/menu/list','admin','管理员','2016-12-20 20:48:43','0:0:0:0:0:0:0:1',NULL,NULL),('a7e80ffb-e874-4f32-82f1-03d147a26190','1',NULL,'/system/param/paramTree','admin','管理员','2016-12-20 23:28:54','0:0:0:0:0:0:0:1',NULL,NULL),('a80395ad-ae7f-40b8-bb13-5ee3bd5d2755','1','附件管理','/api/attachment/listPage','admin','管理员','2016-12-20 20:21:30','0:0:0:0:0:0:0:1',NULL,NULL),('a8d41260-5563-4625-b3b9-a91ab1ab08ac','1','图片读取','/api/attachment/downloadByWidthHeight?attachmentId=E85EB18C-81DA-4FB5-8FFC-CBA57D6B320B&width=48&height=48','admin','管理员','2016-12-20 20:48:48','0:0:0:0:0:0:0:1',NULL,NULL),('a8d43c66-1fbe-4b39-8e9e-400e158b333e','1','资源树数据','/security/resource/resourceTree','admin','管理员','2016-12-21 23:58:10','0:0:0:0:0:0:0:1',NULL,NULL),('a921f390-aa36-4ab0-ab98-d44b15b9d3b1','1','参数管理','/system/param/listPage','admin','管理员','2016-12-20 22:32:46','0:0:0:0:0:0:0:1',NULL,NULL),('a9dc8499-380e-46f3-8072-0f349d099765','1',NULL,'/system/param/paramTree','admin','管理员','2016-12-22 00:13:30','0:0:0:0:0:0:0:1',NULL,NULL),('a9f9b9e1-371f-4d16-a13a-f2d0668920e5','1','资源是否存在','/security/resource/isExist','admin','管理员','2016-12-20 20:44:49','0:0:0:0:0:0:0:1',NULL,NULL),('aa30d21d-2979-44aa-ae45-670ddfb2fa36','2','参数添加','/system/param/add?parId=8','admin','管理员','2016-12-21 22:34:32','0:0:0:0:0:0:0:1',NULL,NULL),('aa71e1da-b34f-4cc3-81f8-1df9222eaba6','2','参数修改','/system/param/edit?parId=6','admin','管理员','2016-12-21 22:40:17','0:0:0:0:0:0:0:1',NULL,NULL),('aa8ff8ea-4a2a-4a2b-955c-ae66fb8a9598','1','系统登录','http://192.168.1.111:8080/framework-core/j_spring_security_check','admin','管理员','2016-12-24 18:44:55','192.168.1.51','[authentication success/认证成功]',NULL),('ab6aeb68-7902-4571-8d5c-8d6d622068d6','1','日志列表','/system/log/list','admin','管理员','2016-12-20 20:21:38','0:0:0:0:0:0:0:1',NULL,NULL),('ab90012a-7211-482e-b7ca-2d618999314d','2','参数修改','/system/param/edit','admin','管理员','2016-12-21 23:57:07','0:0:0:0:0:0:0:1',NULL,NULL),('ac294f84-20bf-4840-b8a9-0ffb1c09e341','1','资源是否存在','/security/resource/isExist','admin','管理员','2016-12-20 20:44:11','0:0:0:0:0:0:0:1',NULL,NULL),('ac3faf6b-b350-45fb-8c3f-ad27569dc990','1',NULL,'/system/param/paramTree','admin','管理员','2016-12-21 23:56:08','0:0:0:0:0:0:0:1',NULL,NULL),('ac55e9cb-ca16-4182-b837-e2ffc8c38f02','1','参数管理','/system/param/listPage','admin','管理员','2016-12-20 22:52:12','0:0:0:0:0:0:0:1',NULL,NULL),('ac985d2e-8832-4bd0-92e0-87cea3f0ba15','1',NULL,'/system/param/paramTree','admin','管理员','2016-12-20 22:52:12','0:0:0:0:0:0:0:1',NULL,NULL),('ad96f148-c775-4a41-a68b-e4db3ebe3d2a','1','资源是否存在','/security/resource/isExist','admin','管理员','2016-12-20 20:43:25','0:0:0:0:0:0:0:1',NULL,NULL),('adbab3a1-5444-4db6-a45e-5e829739be0c','1','菜单列表','/security/menu/list','admin','管理员','2016-12-22 00:14:45','0:0:0:0:0:0:0:1',NULL,NULL),('adf1b9b5-ea4f-41e0-9891-9e1702a0d2bb','1','参数管理','/system/param/listPage','admin','管理员','2016-12-20 22:37:54','0:0:0:0:0:0:0:1',NULL,NULL),('ae5c1928-4e7f-44e3-858b-6901aaded7f8','1','参数管理','/system/param/listPage','admin','管理员','2016-12-20 22:23:59','0:0:0:0:0:0:0:1',NULL,NULL),('ae726fea-6ece-4dfe-bea6-f2632b669e21','2','参数添加','/system/param/add?parId=8&parLevel=2','admin','管理员','2016-12-21 23:49:00','0:0:0:0:0:0:0:1',NULL,NULL),('af33d005-f6cc-41a3-ac9c-1855d87434da','1','参数管理','/system/param/listPage','admin','管理员','2016-12-20 23:10:57','0:0:0:0:0:0:0:1',NULL,NULL),('af5fedff-f978-4d37-b18b-f8030b07b99c','1','系统登录','http://localhost:8080/framework-core/j_spring_security_check','admin','管理员','2016-12-19 23:52:04','0:0:0:0:0:0:0:1','[authentication success/认证成功]',NULL),('afc77edc-0367-4baf-9ec1-e6e5c033a991','1',NULL,'/system/param/paramTree','admin','管理员','2016-12-20 23:42:43','0:0:0:0:0:0:0:1',NULL,NULL),('affc3d74-c654-4d72-8861-a16fd9bc8591','1','日志列表','/system/log/list','admin','管理员','2016-12-20 00:12:18','0:0:0:0:0:0:0:1',NULL,NULL),('b035b427-1642-420e-89d9-cb025f50ef5d','1','菜单资源树','/security/menu/resourceTree','admin','管理员','2016-12-20 20:48:29','0:0:0:0:0:0:0:1',NULL,NULL),('b055f475-d0b1-41e0-a2c4-7429a5211fcd','1','参数管理','/system/param/listPage','admin','管理员','2016-12-22 00:10:59','0:0:0:0:0:0:0:1',NULL,NULL),('b08a3765-9582-406e-90e9-9273189a0ac6','1','参数管理','/system/param/listPage','admin','管理员','2016-12-20 22:57:05','0:0:0:0:0:0:0:1',NULL,NULL),('b102a56b-5125-4470-9a9f-87ca8c517f6a','2','资源添加','/security/resource/add','admin','管理员','2016-12-20 20:46:15','0:0:0:0:0:0:0:1',NULL,NULL),('b1668093-2aea-4474-8fa5-8b5cd9f74c0b','1',NULL,'/druid/css/bootstrap.min.css','admin','管理员','2016-12-24 19:00:51','0:0:0:0:0:0:0:1',NULL,NULL),('b1bf25ea-9160-47f8-81d8-9cd691298d7c','1','资源列表','/security/resource/list','admin','管理员','2016-12-24 18:44:56','192.168.1.51',NULL,NULL),('b253c637-ec93-41f0-bcef-fdec6c6a1d4d','1','参数管理','/system/param/listPage','admin','管理员','2016-12-20 22:45:26','0:0:0:0:0:0:0:1',NULL,NULL),('b2af17dc-fed0-47b2-aee9-21884619a200','1','后台管理首页','/security/manage','admin','管理员','2016-12-20 22:17:42','0:0:0:0:0:0:0:1',NULL,NULL),('b2d922ee-51cd-4df6-a952-3200b83755a8','1',NULL,'/system/param/paramTree','admin','管理员','2016-12-20 22:33:05','0:0:0:0:0:0:0:1',NULL,NULL),('b3400d99-2ef8-4d02-9716-0e952f64a83f','1','参数管理','/system/param/listPage','admin','管理员','2016-12-20 22:28:06','0:0:0:0:0:0:0:1',NULL,NULL),('b3651d10-b95b-4473-bfa6-7457fbd1f164','1',NULL,'/druid/js/jquery.min.js','admin','管理员','2016-12-24 19:00:51','0:0:0:0:0:0:0:1',NULL,NULL),('b437f21a-89ab-4f9a-a57e-6482f712d9db','2','参数添加','/system/param/add?parId=5','admin','管理员','2016-12-20 23:57:35','0:0:0:0:0:0:0:1',NULL,NULL),('b45fc429-8d7c-488b-8d11-3ee4b92dcc18','1','资源列表','/security/resource/list','admin','管理员','2016-12-19 23:32:31','0:0:0:0:0:0:0:1',NULL,NULL),('b4ac5fbe-ba96-4f73-8b85-6dee8d3666c1','1','资源列表','/security/resource/list','admin','管理员','2016-12-22 00:10:18','0:0:0:0:0:0:0:1',NULL,NULL),('b4c1ae9a-ef84-4b45-b7c2-a1398c10ed8b','1','数据库连接池首页','/druid/index.html','admin','管理员','2016-12-20 20:22:46','0:0:0:0:0:0:0:1',NULL,NULL),('b4fcb1f2-8657-4cba-bdec-2f070de08ae7','1','参数管理','/system/param/listPage','admin','管理员','2016-12-20 23:13:49','0:0:0:0:0:0:0:1',NULL,NULL),('b54a80e6-0a74-4b04-a2d8-b4f1638f9bc9','1','资源是否存在','/security/resource/isExist','admin','管理员','2016-12-20 20:47:03','0:0:0:0:0:0:0:1',NULL,NULL),('b6039313-e630-441b-82e2-9769bf77f848','1',NULL,'/system/param/paramTree','admin','管理员','2016-12-22 00:02:57','0:0:0:0:0:0:0:1',NULL,NULL),('b62acbae-fd18-4261-8706-8198f9ca2e56','1','资源是否存在','/security/resource/isExist','admin','管理员','2016-12-20 20:46:36','0:0:0:0:0:0:0:1',NULL,NULL),('b668d522-4fe3-4eed-86d1-59beb6459357','2','参数修改','/system/param/edit?parId=5ce6dceb-dd46-4d19-9842-54d439e18b3d','admin','管理员','2016-12-22 00:13:38','0:0:0:0:0:0:0:1',NULL,NULL),('b6fe2f10-27ef-456a-acb4-bec9bea98185','2','参数添加','/system/param/add?parId=0','admin','管理员','2016-12-21 22:41:25','0:0:0:0:0:0:0:1',NULL,NULL),('b7118551-a23c-45fb-bfe1-b9a2e5b2dc29','1','定时任务列表','/system/quartz/list','admin','管理员','2016-12-24 19:01:34','0:0:0:0:0:0:0:1',NULL,NULL),('b71b97e9-383d-4cd9-9124-8f35060fc890','1','定时任务列表','/system/quartz/list','admin','管理员','2016-12-24 19:04:38','0:0:0:0:0:0:0:1',NULL,NULL),('b74364ae-630f-4b42-85c2-f855a9b5f8af','1','系统登录','http://localhost:8080/framework-core/j_spring_security_check','admin','管理员','2016-12-20 00:08:05','0:0:0:0:0:0:0:1','[authentication success/认证成功]',NULL),('b7b3a022-5ee9-4672-966c-09b2969155d3','1','资源是否存在','/security/resource/isExist','admin','管理员','2016-12-20 20:45:23','0:0:0:0:0:0:0:1',NULL,NULL),('b7fd5a51-80c2-4457-a801-52e0278393b7','1','菜单管理','/security/menu/listPage','admin','管理员','2016-12-20 00:02:29','0:0:0:0:0:0:0:1',NULL,NULL),('b84b2f66-9a42-4fa6-85f7-927f01f47d30','1','参数管理','/system/param/listPage','admin','管理员','2016-12-20 22:28:30','0:0:0:0:0:0:0:1',NULL,NULL),('b857e9f1-ff3b-4d42-8426-b972eabbec8a','1',NULL,'/system/param/paramTree','admin','管理员','2016-12-21 23:59:26','0:0:0:0:0:0:0:1',NULL,NULL),('b895f31e-c6e4-4556-818d-6c44211a71fb','2','参数修改','/system/param/edit','admin','管理员','2016-12-22 00:03:24','0:0:0:0:0:0:0:1',NULL,NULL),('b8b66d20-a110-4743-8704-346efbd37a86','2','参数添加','/system/param/add','admin','管理员','2016-12-22 00:10:41','0:0:0:0:0:0:0:1',NULL,NULL),('b8dc97b1-eb0d-47fe-8cbd-1a52a6489fd0','1',NULL,'/system/param/paramTree','admin','管理员','2016-12-22 00:06:43','0:0:0:0:0:0:0:1',NULL,NULL),('b8dcb211-ed5c-4f71-9858-ce1ca8b6cf6e','1','资源是否存在','/security/resource/isExist','admin','管理员','2016-12-20 20:44:12','0:0:0:0:0:0:0:1',NULL,NULL),('b8ffa407-31fa-4edd-a0fa-561b5c3969cf','1',NULL,'/system/param/paramTree','admin','管理员','2016-12-21 23:52:13','0:0:0:0:0:0:0:1',NULL,NULL),('b90f113f-d984-457a-9172-fb245edb80f6','2','参数修改','/system/param/edit?parId=49b7415a-bd10-4edc-a718-ba18aa18f0bb','admin','管理员','2016-12-21 23:57:04','0:0:0:0:0:0:0:1',NULL,NULL),('b92f8004-5b26-426a-966f-fe738b1a7312','1',NULL,'/system/param/paramTree','admin','管理员','2016-12-20 23:10:58','0:0:0:0:0:0:0:1',NULL,NULL),('ba3b6127-2b44-492b-86af-781a25a4a95b','1','菜单管理','/security/menu/listPage','admin','管理员','2016-12-20 22:28:26','0:0:0:0:0:0:0:1',NULL,NULL),('ba8a80ec-af1b-4d54-89e4-6788ba316d6b','1','机构树','/security/organization/orgTree','admin','管理员','2016-12-20 00:02:59','0:0:0:0:0:0:0:1',NULL,NULL),('baa7937f-d0e1-45aa-a506-16b46d3f01c1','1','参数管理','/system/param/listPage','admin','管理员','2016-12-20 22:28:13','0:0:0:0:0:0:0:1',NULL,NULL),('bab312b3-24e4-49fe-96a5-87bd7693d60a','1',NULL,'/system/param/paramTree','admin','管理员','2016-12-20 22:57:06','0:0:0:0:0:0:0:1',NULL,NULL),('bad35c52-6645-439f-9e93-f1c80aa88404','2','参数添加','/system/param/add?parId=f33d637c-5877-45bf-96fd-d087fef6a812&parLevel=4','admin','管理员','2016-12-22 00:14:21','0:0:0:0:0:0:0:1',NULL,NULL),('bb23e8f2-2f47-44e1-ab27-a054ae4a6293','1','资源管理','/security/resource/listPage','admin','管理员','2016-12-20 20:21:08','0:0:0:0:0:0:0:1',NULL,NULL),('bb303e59-c90d-4724-acd3-6b73eadfa1f8','1','日志列表','/system/log/list','admin','管理员','2016-12-22 00:14:39','0:0:0:0:0:0:0:1',NULL,NULL),('bb4f4052-8a3b-4185-a192-989142d7479a','1','资源树数据','/security/resource/resourceTree','admin','管理员','2016-12-22 20:38:36','0:0:0:0:0:0:0:1',NULL,NULL),('bb54ea95-b20f-4814-ba10-40f54bdf7266','1',NULL,'/system/param/paramTree','admin','管理员','2016-12-20 22:30:27','0:0:0:0:0:0:0:1',NULL,NULL),('bc5e4858-9b4d-46a0-bc78-1002a62f3a81','1','资源是否存在','/security/resource/isExist','admin','管理员','2016-12-20 20:44:07','0:0:0:0:0:0:0:1',NULL,NULL),('bdaeaa7f-04d8-4000-a5c2-8d9fad2dbf31','1','资源是否存在','/security/resource/isExist','admin','管理员','2016-12-20 20:47:06','0:0:0:0:0:0:0:1',NULL,NULL),('bdbc8394-7ddb-4f5a-a334-ee174997cd17','1','资源是否存在','/security/resource/isExist','admin','管理员','2016-12-20 20:45:02','0:0:0:0:0:0:0:1',NULL,NULL),('be1bd277-5c2b-4cf3-a7c9-aed92f5b92a2','1','资源树数据','/security/resource/resourceTree','admin','管理员','2016-12-20 20:45:30','0:0:0:0:0:0:0:1',NULL,NULL),('be549572-2fe9-487f-b52d-bc0057a6acc4','1',NULL,'/system/param/paramTree','admin','管理员','2016-12-20 22:21:07','0:0:0:0:0:0:0:1',NULL,NULL),('be979263-1875-4a89-be75-f9c082b47fdc','2','资源添加','/security/resource/add','admin','管理员','2016-12-20 20:44:44','0:0:0:0:0:0:0:1',NULL,NULL),('befc93d4-5055-4804-850d-00332b110523','1','资源树数据','/security/resource/resourceTree','admin','管理员','2016-12-19 23:32:31','0:0:0:0:0:0:0:1',NULL,NULL),('bf59757b-f3d8-4d0a-89b2-847e556ed5a6','1','资源是否存在','/security/resource/isExist','admin','管理员','2016-12-20 20:45:25','0:0:0:0:0:0:0:1',NULL,NULL),('bf616551-e9f2-4fd7-9997-0cd050156950','1','参数管理','/system/param/listPage','admin','管理员','2016-12-20 22:33:50','0:0:0:0:0:0:0:1',NULL,NULL),('bfaa504f-1d75-4b30-9170-a305954786e9','1','资源列表','/security/resource/list','admin','管理员','2016-12-20 20:23:01','0:0:0:0:0:0:0:1',NULL,NULL),('bfe83a09-71cb-4ccd-a048-83ab344faa57','1','定时任务详情','/system/quartz/detail?jobName=%E6%97%A5%E5%BF%97JOB&schedName=scheduler&jobGroup=JOB_DEFAULT_GROUP','admin','管理员','2016-12-19 22:09:53','0:0:0:0:0:0:0:1',NULL,NULL),('c01783d4-c938-425f-a0bc-a9b49a8bdff7','1',NULL,'/system/param/parKeyIsExist','admin','管理员','2016-12-22 00:14:12','0:0:0:0:0:0:0:1',NULL,NULL),('c039e627-027e-4fab-b1e3-8bb34a7ca1d6','1','参数管理','/system/param/listPage','admin','管理员','2016-12-20 22:45:06','0:0:0:0:0:0:0:1',NULL,NULL),('c05b2d44-842e-472c-9715-04d717609552','1','定时任务详情','/system/quartz/detail?jobName=%E6%97%A5%E5%BF%97JOB&schedName=scheduler&jobGroup=JOB_DEFAULT_GROUP','admin','管理员','2016-12-19 23:52:09','0:0:0:0:0:0:0:1',NULL,NULL),('c06bd97f-9531-40a7-aaff-5086fb080a07','1','用户管理','/security/user/listPage','admin','管理员','2016-12-20 22:27:10','0:0:0:0:0:0:0:1',NULL,NULL),('c0984858-60de-41a1-af3e-22469682f7b5','1','机构列表','/security/organization/list','admin','管理员','2016-12-20 00:02:59','0:0:0:0:0:0:0:1',NULL,NULL),('c0a21885-2c2d-4994-a7a8-7638049a2f09','2','参数添加','/system/param/add?parId=8f123806-c2a4-4b81-ac67-63753b5539c5&parLevel=2','admin','管理员','2016-12-22 00:13:06','0:0:0:0:0:0:0:1',NULL,NULL),('c0a82e7c-f044-443c-b88b-f41ed5bd4ee1','1','资源是否存在','/security/resource/isExist','admin','管理员','2016-12-20 20:45:23','0:0:0:0:0:0:0:1',NULL,NULL),('c0b5066d-8176-4c04-aad2-41cb9fefbe0f','1','资源详情','/security/resource/detail?id=1b9441eb-2297-4df5-ab5e-50e030dd6dff','admin','管理员','2016-12-24 18:45:09','192.168.1.51',NULL,NULL),('c0c17ddb-10f1-4866-8467-f2c505bfdf49','1','资源树数据','/security/resource/resourceTree','admin','管理员','2016-12-22 00:12:23','0:0:0:0:0:0:0:1',NULL,NULL),('c1367521-0cd6-4252-a1ef-f752b1335453','1',NULL,'/druid/basic.json','admin','管理员','2016-12-24 18:45:55','192.168.1.51',NULL,NULL),('c1a05baa-f3f2-44e4-817b-4a05e5b929e7','1','系统登录','http://localhost:8080/framework-core/j_spring_security_check','admin','管理员','2017-01-21 23:31:38','0:0:0:0:0:0:0:1','[authentication success/认证成功]',NULL),('c1b01fee-281f-41ea-b566-7699572557d9','1',NULL,'/system/param/paramTree','admin','管理员','2016-12-22 00:10:59','0:0:0:0:0:0:0:1',NULL,NULL),('c1c9a70f-0316-45d7-bd60-9974e7188e94','1','系统登录','http://localhost:8080/framework-core/j_spring_security_check','admin','管理员','2016-12-20 22:17:42','0:0:0:0:0:0:0:1','[authentication success/认证成功]',NULL),('c1cded76-f89b-4619-bdc1-355f20e06083','1','菜单管理','/security/menu/listPage','admin','管理员','2016-12-20 20:22:58','0:0:0:0:0:0:0:1',NULL,NULL),('c2f4d95e-686d-46fe-8f41-6a25d0de7841','1',NULL,'/druid/css/style.css','admin','管理员','2016-12-24 19:00:51','0:0:0:0:0:0:0:1',NULL,NULL),('c317783a-63b6-4fce-b393-ce6571b76212','1',NULL,'/system/param/paramTree','admin','管理员','2016-12-21 22:31:43','0:0:0:0:0:0:0:1',NULL,NULL),('c344bab5-b6d8-4b29-a454-1a9166e81122','1','参数管理','/system/param/listPage','admin','管理员','2016-12-20 22:21:06','0:0:0:0:0:0:0:1',NULL,NULL),('c3589510-2d76-41c5-874a-d9a79d886ab7','1','参数管理','/system/param/listPage','admin','管理员','2016-12-21 22:31:43','0:0:0:0:0:0:0:1',NULL,NULL),('c3b22b27-b8f6-4497-95f8-53014f22f081','1','定时任务列表','/system/quartz/list','admin','管理员','2016-12-24 19:06:24','0:0:0:0:0:0:0:1',NULL,NULL),('c3c7642a-7ff8-4a7b-94e0-de756eb56319','1','后台管理首页','/security/manage','admin','管理员','2016-12-24 18:44:55','192.168.1.51',NULL,NULL),('c3cbc0fd-3325-47d9-aa61-98229088aa10','1',NULL,'/system/param/parKeyIsExist','admin','管理员','2016-12-22 00:06:59','0:0:0:0:0:0:0:1',NULL,NULL),('c3d43ca2-7555-472c-a56d-0ef20391f7a7','1','资源树数据','/security/resource/resourceTree','admin','管理员','2016-12-20 20:48:49','0:0:0:0:0:0:0:1',NULL,NULL),('c42a8714-128d-48c2-b040-51c75eedd16b','1',NULL,'/druid/js/jquery.min.js','admin','管理员','2017-01-22 21:18:19','0:0:0:0:0:0:0:1',NULL,NULL),('c52e6514-3447-4f7f-9028-5dfc45546c08','1','图片读取','/api/attachment/downloadByWidthHeight?attachmentId=E85EB18C-81DA-4FB5-8FFC-CBA57D6B320B&width=48&height=48','admin','管理员','2016-12-24 18:44:55','192.168.1.51',NULL,NULL),('c5f423d9-ae38-4a0c-aa22-600fc8f0037a','1','菜单列表','/security/menu/list','admin','管理员','2016-12-20 00:02:29','0:0:0:0:0:0:0:1',NULL,NULL),('c680e641-1d6a-4edf-8c09-dcda20ff2628','1','资源是否存在','/security/resource/isExist','admin','管理员','2016-12-20 20:45:06','0:0:0:0:0:0:0:1',NULL,NULL),('c68ba8cb-9239-4a58-b7cd-6c9d205e36b9','1',NULL,'/system/param/paramTree','admin','管理员','2017-01-22 21:18:24','0:0:0:0:0:0:0:1',NULL,NULL),('c69c7d14-6c3b-435f-adcb-19f78481f641','1','定时任务详情','/system/quartz/detail?jobName=JOB_DEFAULT_NAME&schedName=scheduler&jobGroup=JOB_DEFAULT_GROUP','admin','管理员','2016-12-19 22:09:55','0:0:0:0:0:0:0:1',NULL,NULL),('c69ea59e-02c2-448a-9ece-6af95aa99c9a','1','附件列表','/api/attachment/list','admin','管理员','2016-12-21 22:23:45','0:0:0:0:0:0:0:1',NULL,NULL),('c6a6bc1b-2de1-450d-81c6-e96684c28f5f','1','资源是否存在','/security/resource/isExist','admin','管理员','2016-12-20 20:46:53','0:0:0:0:0:0:0:1',NULL,NULL),('c6b2ad43-6083-4e0d-9a88-85d2318cd964','1','日志列表','/system/log/list','admin','管理员','2016-12-20 00:01:41','0:0:0:0:0:0:0:1',NULL,NULL),('c6ccbf60-bd32-4392-b386-375674f16623','1',NULL,'/system/param/paramTree','admin','管理员','2016-12-20 23:17:10','0:0:0:0:0:0:0:1',NULL,NULL),('c6ec5326-a72f-4875-8ea7-ca86a51e34f4','1','定时任务管理','/system/quartz/listPage','admin','管理员','2016-12-21 22:18:01','0:0:0:0:0:0:0:1',NULL,NULL),('c7042e78-a82a-4944-af66-9b4d6e209d1b','1','图片读取','/api/attachment/downloadByWidthHeight?attachmentId=E85EB18C-81DA-4FB5-8FFC-CBA57D6B320B&width=48&height=48','admin','管理员','2016-12-21 22:17:48','0:0:0:0:0:0:0:1',NULL,NULL),('c7421835-9047-4b18-af5e-0491aa7892f5','1',NULL,'/system/param/paramTree','admin','管理员','2016-12-20 22:32:08','0:0:0:0:0:0:0:1',NULL,NULL),('c7465f96-7492-453e-bd2a-fd0fc58743bb','1','日志管理','/system/log/listPage','admin','管理员','2016-12-20 20:41:18','0:0:0:0:0:0:0:1',NULL,NULL),('c7bccdb0-bf93-43cc-b293-99bec8e5a6ca','1',NULL,'/system/param/paramTree','admin','管理员','2016-12-22 00:06:42','0:0:0:0:0:0:0:1',NULL,NULL),('c7c6fc14-cea6-445c-8b60-9ef6d223ea6d','1',NULL,'/system/param/paramTree','admin','管理员','2016-12-20 22:31:56','0:0:0:0:0:0:0:1',NULL,NULL),('c82a91a9-de6f-4b69-b904-4aa86bc5310d','1','菜单管理','/security/menu/listPage','admin','管理员','2016-12-20 22:28:19','0:0:0:0:0:0:0:1',NULL,NULL),('c89eac8b-8da2-48f1-bd70-69de7fd7bbb2','1','日志列表','/system/log/list','admin','管理员','2016-12-20 20:21:58','0:0:0:0:0:0:0:1',NULL,NULL),('c92014d8-0898-4a1d-a935-a5cfa0bb27ae','1','参数管理','/system/param/listPage','admin','管理员','2016-12-21 22:23:15','0:0:0:0:0:0:0:1',NULL,NULL),('c943e9a4-2beb-4296-8a05-498d2bffc0b3','1','日志列表','/system/log/list','admin','管理员','2016-12-19 22:09:29','0:0:0:0:0:0:0:1',NULL,NULL),('c998ff23-ee53-4799-a446-f5abb4c0fee5','1','定时任务管理','/system/quartz/listPage','admin','管理员','2016-12-20 20:21:17','0:0:0:0:0:0:0:1',NULL,NULL),('ca0a0dee-6413-4838-acf6-8aae796bc295','2','用户添加','/security/user/add','admin','管理员','2016-12-24 18:45:19','192.168.1.51',NULL,NULL),('cb10a5b3-88c7-4041-bbac-dc9bdb404692','1','日志列表','/system/log/list','admin','管理员','2016-12-20 20:22:28','0:0:0:0:0:0:0:1',NULL,NULL),('cb5c3028-2090-4baf-b23d-75a57791c8fc','1',NULL,'/system/param/paramTree','admin','管理员','2016-12-20 23:21:29','0:0:0:0:0:0:0:1',NULL,NULL),('cb746bb3-2fdb-48e5-a81f-73b3d7060021','1','资源是否存在','/security/resource/isExist','admin','管理员','2016-12-20 20:46:35','0:0:0:0:0:0:0:1',NULL,NULL),('cc160b40-8ee1-4570-b77b-0effed51e695','1','日志列表','/system/log/list','admin','管理员','2016-12-20 20:21:26','0:0:0:0:0:0:0:1',NULL,NULL),('cc4be693-618b-4ec1-80b4-cee0995e9304','1',NULL,'/system/param/paramTree','admin','管理员','2016-12-21 23:48:31','0:0:0:0:0:0:0:1',NULL,NULL),('cc65930b-0da4-4898-ae9a-24050af4ddf3','1','定时任务详情','/system/quartz/detail?jobName=%E6%97%A5%E5%BF%97JOB&schedName=scheduler&jobGroup=JOB_DEFAULT_GROUP','admin','管理员','2016-12-19 23:38:16','0:0:0:0:0:0:0:1',NULL,NULL),('ccb4f507-80f6-4ce8-92ac-6593e444eb8f','1','参数管理','/system/param/listPage','admin','管理员','2016-12-20 22:32:45','0:0:0:0:0:0:0:1',NULL,NULL),('ccfcf388-e41a-4f5e-8014-425532efdfa3','1','日志列表','/system/log/list','admin','管理员','2016-12-24 18:45:58','192.168.1.51',NULL,NULL),('cd4bf9bd-9143-4562-b5ac-db7d1692b0ba','1','日志列表','/system/log/list','admin','管理员','2016-12-20 00:15:06','0:0:0:0:0:0:0:1',NULL,NULL),('cd8676ad-2a15-4bae-839d-3b12230b3b22','1','日志管理','/system/log/listPage','admin','管理员','2016-12-19 22:09:30','0:0:0:0:0:0:0:1',NULL,NULL),('cda7884c-1304-4612-80cf-b30584eddca7','1','用户管理组织机构树','/security/user/orgTree','admin','管理员','2016-12-24 18:45:29','192.168.1.51',NULL,NULL),('cdba588d-7ed2-461d-b855-ef08d20d73c0','1','菜单树','/security/menu/menuTree','admin','管理员','2016-12-20 22:28:26','0:0:0:0:0:0:0:1',NULL,NULL),('cdf8082a-6f20-4cc1-b724-855796a75398','1','参数管理','/system/param/listPage','admin','管理员','2016-12-22 00:13:13','0:0:0:0:0:0:0:1',NULL,NULL),('ce028bd7-f6d6-40c8-97d2-7a9af591ce1b','1','系统登录','http://localhost:8080/framework-core/j_spring_security_check','admin','管理员','2016-12-24 19:00:48','0:0:0:0:0:0:0:1','[authentication success/认证成功]',NULL),('ce0f2b62-56f6-40b1-bbe5-4b78215b3542','1','参数管理','/system/param/listPage','admin','管理员','2016-12-20 22:32:35','0:0:0:0:0:0:0:1',NULL,NULL),('cea37bcd-da4a-4eb8-9760-4630a8e540f4','1','资源列表','/security/resource/list','admin','管理员','2017-01-22 21:17:56','0:0:0:0:0:0:0:1',NULL,NULL),('ceec0598-6ff6-4f8e-8c26-83f11092de19','1','日志列表','/system/log/list','admin','管理员','2016-12-19 23:53:53','0:0:0:0:0:0:0:1',NULL,NULL),('d01c131b-7830-489b-888b-2a58cde0a877','1','用户管理','/security/user/listPage','admin','管理员','2016-12-24 18:45:12','192.168.1.51',NULL,NULL),('d0c5bf47-7f5b-4e4d-a68a-78d0b91d799f','1','菜单树','/security/menu/menuTree','admin','管理员','2016-12-20 00:02:43','0:0:0:0:0:0:0:1',NULL,NULL),('d0d422bc-1a15-455a-aa42-bc5a6ef2cc2c','1','菜单列表','/security/menu/list','admin','管理员','2016-12-22 00:14:37','0:0:0:0:0:0:0:1',NULL,NULL),('d0e94257-dc7c-4a0d-9c50-990a5d1df24b','1','资源树数据','/security/resource/resourceTree','admin','管理员','2016-12-24 18:44:56','192.168.1.51',NULL,NULL),('d0ff2864-a66f-46e6-af68-239fc313e30f','1','资源是否存在','/security/resource/isExist','admin','管理员','2016-12-20 20:44:04','0:0:0:0:0:0:0:1',NULL,NULL),('d17d4c36-7522-4e60-a7f7-4a3b2a47225e','1','数据库连接池首页','/druid/index.html','admin','管理员','2016-12-20 20:21:22','0:0:0:0:0:0:0:1',NULL,NULL),('d1853dc3-9862-4b2e-a65b-f4c2b3bc3032','1','资源是否存在','/security/resource/isExist','admin','管理员','2016-12-20 20:46:35','0:0:0:0:0:0:0:1',NULL,NULL),('d1ddf5ed-71a0-45c6-8a73-fa589883e4eb','1','附件管理','/api/attachment/listPage','admin','管理员','2016-12-22 00:14:44','0:0:0:0:0:0:0:1',NULL,NULL),('d204775b-c419-47a1-8996-92c63dfaba1f','1','附件列表','/api/attachment/list','admin','管理员','2016-12-22 00:14:38','0:0:0:0:0:0:0:1',NULL,NULL),('d224c1a4-ece7-4fc1-8fb5-a934e0266c02','2','参数添加','/system/param/add?parId=49b7415a-bd10-4edc-a718-ba18aa18f0bb&parLevel=2','admin','管理员','2016-12-21 23:56:14','0:0:0:0:0:0:0:1',NULL,NULL),('d27076cf-e023-4523-a00e-d5272716bd3d','1','资源树数据','/security/resource/resourceTree','admin','管理员','2016-12-20 20:46:17','0:0:0:0:0:0:0:1',NULL,NULL),('d2d9d78e-3c9f-4d6c-b486-15767aeb1292','1','参数管理','/system/param/listPage','admin','管理员','2016-12-21 23:59:26','0:0:0:0:0:0:0:1',NULL,NULL),('d2dd53bb-454e-4f06-92a3-1edc20400a2e','1','菜单管理','/security/menu/listPage','admin','管理员','2016-12-22 00:14:45','0:0:0:0:0:0:0:1',NULL,NULL),('d2f5c32d-d006-415f-af8e-15294aa9cc9c','1','资源管理','/security/resource/listPage','admin','管理员','2016-12-24 19:04:32','0:0:0:0:0:0:0:1',NULL,NULL),('d2ffa6df-a0f2-466a-90ca-8b5090cd5858','1',NULL,'/system/param/paramTree','admin','管理员','2016-12-22 00:13:14','0:0:0:0:0:0:0:1',NULL,NULL),('d3a2be3b-2cde-49b7-ba7d-457364cfbf42','1',NULL,'/system/param/parKeyIsExist','admin','管理员','2016-12-22 00:10:30','0:0:0:0:0:0:0:1',NULL,NULL),('d43dd7c3-c22d-47fc-ba1a-46cc08df0058','1','用户列表','/security/user/list','admin','管理员','2016-12-20 22:25:26','0:0:0:0:0:0:0:1',NULL,NULL),('d481b2bf-1f00-47cf-a9b3-650cbdccd114','1',NULL,'/system/param/paramTree','admin','管理员','2016-12-22 00:14:26','0:0:0:0:0:0:0:1',NULL,NULL),('d49a613f-d0ec-4eb5-a325-d6b63884d208','1','资源管理','/security/resource/listPage','admin','管理员','2016-12-20 22:17:43','0:0:0:0:0:0:0:1',NULL,NULL),('d5228a85-ad2b-4626-80b6-8a3625f40f04','1','资源列表','/security/resource/list','admin','管理员','2016-12-21 23:58:13','0:0:0:0:0:0:0:1',NULL,NULL),('d538f6bf-9f22-4983-9909-08c59389a197','1','资源是否存在','/security/resource/isExist','admin','管理员','2016-12-20 20:46:02','0:0:0:0:0:0:0:1',NULL,NULL),('d56987c4-b0c0-420a-af53-fd3d49aaad68','1','资源是否存在','/security/resource/isExist','admin','管理员','2016-12-20 20:44:11','0:0:0:0:0:0:0:1',NULL,NULL),('d56ced2d-4157-439f-8833-5e213a517d74','1','用户管理组织机构树','/security/user/orgTree','admin','管理员','2016-12-20 00:02:48','0:0:0:0:0:0:0:1',NULL,NULL),('d5cd17c5-0f39-4271-b154-9ccda9d52f08','2','资源添加','/security/resource/add','admin','管理员','2016-12-20 20:46:42','0:0:0:0:0:0:0:1',NULL,NULL),('d5daa741-e5c9-408c-bf6e-e67f92e0db8d','2','参数添加','/system/param/add?parId=1','admin','管理员','2016-12-21 22:40:22','0:0:0:0:0:0:0:1',NULL,NULL),('d62b335b-e8ad-4050-8b51-329581c5aadd','1','定时任务列表','/system/quartz/list','admin','管理员','2016-12-22 00:14:32','0:0:0:0:0:0:0:1',NULL,NULL),('d64c5458-b335-499d-8399-99c130934004','1','日志管理','/system/log/listPage','admin','管理员','2017-01-21 23:31:48','0:0:0:0:0:0:0:1',NULL,NULL),('d64df8b7-f5bb-48e6-844b-bbf7cb9ee64d','1','职位管理','/security/position/listPage','admin','管理员','2016-12-24 18:45:44','192.168.1.51',NULL,NULL),('d6584b59-d0c0-4904-a4f6-660969cfdb21','1',NULL,'/system/param/parKeyIsExist','admin','管理员','2016-12-22 00:14:22','0:0:0:0:0:0:0:1',NULL,NULL),('d669f21e-00bc-4082-b350-a8ba0b946374','1','数据库连接池首页','/druid/index.html','admin','管理员','2016-12-24 18:45:55','192.168.1.51',NULL,NULL),('d6856425-8bd2-40f4-a273-3ce03021ab4e','1','附件列表','/api/attachment/list','admin','管理员','2016-12-20 20:22:48','0:0:0:0:0:0:0:1',NULL,NULL),('d6b7ce44-7926-4346-a16f-4195da4350f9','1','菜单列表','/security/menu/list','admin','管理员','2016-12-20 20:22:58','0:0:0:0:0:0:0:1',NULL,NULL),('d6f07f0a-20c4-4518-a8ee-afca62b39624','1','参数管理','/system/param/listPage','admin','管理员','2016-12-21 22:53:54','0:0:0:0:0:0:0:1',NULL,NULL),('d6fe4fae-c534-4fae-bf6e-8e26ab956cae','1','参数管理','/system/param/listPage','admin','管理员','2016-12-20 22:18:03','0:0:0:0:0:0:0:1',NULL,NULL),('d7601033-4ccc-45d1-aaa2-120045b81f8d','1',NULL,'/system/param/parKeyIsExist','admin','管理员','2016-12-22 00:13:09','0:0:0:0:0:0:0:1',NULL,NULL),('d7a217a5-70db-404b-b48a-ac4820f57203','1','定时任务详情','/system/quartz/detail?jobName=JOB_DEFAULT_NAME&schedName=scheduler&jobGroup=JOB_DEFAULT_GROUP','admin','管理员','2016-12-19 23:33:08','0:0:0:0:0:0:0:1',NULL,NULL),('d7ba106d-41c5-4870-8853-467af48afcfb','1','资源列表','/security/resource/list','admin','管理员','2016-12-19 23:52:04','0:0:0:0:0:0:0:1',NULL,NULL),('d832e8fe-6fa0-4c88-a8cf-2dbebfe46f45','1','日志列表','/system/log/list','admin','管理员','2016-12-20 20:22:24','0:0:0:0:0:0:0:1',NULL,NULL),('d85f101a-9e15-4cb3-8455-268dfb5ff120','1','资源是否存在','/security/resource/isExist','admin','管理员','2016-12-20 20:46:01','0:0:0:0:0:0:0:1',NULL,NULL),('d87a69dd-938f-46bd-9f72-d7cd55cf8d49','1','资源树数据','/security/resource/resourceTree','admin','管理员','2016-12-20 20:46:48','0:0:0:0:0:0:0:1',NULL,NULL),('d886f58b-2cad-45ac-a152-603aa3539e9f','1','日志列表','/system/log/list','admin','管理员','2016-12-20 20:22:39','0:0:0:0:0:0:0:1',NULL,NULL),('d8a428e5-7fdd-479a-b4e0-74a6e02fbd1c','1','参数管理','/system/param/listPage','admin','管理员','2016-12-20 22:52:14','0:0:0:0:0:0:0:1',NULL,NULL),('d8eb9657-67cd-48e7-aef6-2e6f6439fb59','1','菜单管理','/security/menu/listPage','admin','管理员','2016-12-22 00:14:37','0:0:0:0:0:0:0:1',NULL,NULL),('d92aa49a-c6f3-4766-9df6-f3bbf830d90e','1',NULL,'/system/param/parKeyIsExist','admin','管理员','2016-12-22 00:10:25','0:0:0:0:0:0:0:1',NULL,NULL),('d92e90ea-6ef8-44e1-9223-0eef16e627eb','1','日志管理','/system/log/listPage','admin','管理员','2016-12-20 20:22:28','0:0:0:0:0:0:0:1',NULL,NULL),('d97845be-7e75-4749-8c6b-b07d25618fd0','1','数据库连接池首页','/druid/index.html','admin','管理员','2016-12-24 19:00:51','0:0:0:0:0:0:0:1',NULL,NULL),('da44e2a6-7eb2-43f6-808e-89bde3f4c232','1','参数管理','/system/param/listPage','admin','管理员','2016-12-21 23:52:12','0:0:0:0:0:0:0:1',NULL,NULL),('da9df35e-aad6-4465-9807-8387564c59cb','1','定时任务详情','/system/quartz/detail?jobName=JOB_DEFAULT_NAME&schedName=scheduler&jobGroup=JOB_DEFAULT_GROUP','admin','管理员','2016-12-19 23:53:51','0:0:0:0:0:0:0:1',NULL,NULL),('dae26ea0-9d16-4dfd-a8d6-963ee05b37f4','1','附件列表','/api/attachment/list','admin','管理员','2016-12-20 20:21:34','0:0:0:0:0:0:0:1',NULL,NULL),('db56638a-982d-445e-8e19-25a4167301be','1','菜单管理','/security/menu/listPage','admin','管理员','2017-01-22 21:18:25','0:0:0:0:0:0:0:1',NULL,NULL),('dbbe49e5-14be-4698-8a22-0fa423aeb127','1','菜单列表','/security/menu/list','admin','管理员','2016-12-20 22:28:20','0:0:0:0:0:0:0:1',NULL,NULL),('dcd53430-e6c9-4494-863c-03c40e6d172a','1','资源是否存在','/security/resource/isExist','admin','管理员','2016-12-20 20:46:01','0:0:0:0:0:0:0:1',NULL,NULL),('dcdfb602-ba94-4cfc-af65-5c3aad6542e0','1','系统登录','http://localhost:8080/framework-core/j_spring_security_check','admin','管理员','2016-12-19 23:32:30','0:0:0:0:0:0:0:1','[authentication success/认证成功]',NULL),('dce70fa9-b2d7-451f-9e47-ec97b58230d9','1',NULL,'/system/param/paramTree','admin','管理员','2016-12-20 22:31:42','0:0:0:0:0:0:0:1',NULL,NULL),('dd2877ec-8338-4e7b-a5b4-b813b4b2a40b','1',NULL,'/system/param/paramTree','admin','管理员','2016-12-22 00:14:44','0:0:0:0:0:0:0:1',NULL,NULL),('dd7e8e87-320b-46ca-ac07-223ecbf91ab3','1','附件管理','/api/attachment/listPage','admin','管理员','2016-12-20 20:22:47','0:0:0:0:0:0:0:1',NULL,NULL),('dd874c54-a3d3-454e-9390-51db1d14bd7f','1','定时任务管理','/system/quartz/listPage','admin','管理员','2017-01-21 23:31:44','0:0:0:0:0:0:0:1',NULL,NULL),('ddb394a8-3c94-4244-a9c5-26092e2c8c43','1','图片读取','/api/attachment/downloadByWidthHeight?attachmentId=E85EB18C-81DA-4FB5-8FFC-CBA57D6B320B&width=48&height=48','admin','管理员','2016-12-21 23:58:12','0:0:0:0:0:0:0:1',NULL,NULL),('de454361-3dcf-4938-b6f6-bd410cc76572','1','资源管理','/security/resource/listPage','admin','管理员','2016-12-19 23:32:30','0:0:0:0:0:0:0:1',NULL,NULL),('df913f7e-9339-4d2d-9070-884fc5650042','1','定时任务管理','/system/quartz/listPage','admin','管理员','2016-12-19 22:09:34','0:0:0:0:0:0:0:1',NULL,NULL),('e02a710c-8722-49b2-9507-cc7893a0ee0a','1','定时任务列表','/system/quartz/list','admin','管理员','2016-12-24 19:05:15','0:0:0:0:0:0:0:1',NULL,NULL),('e02fbd31-e91f-4f67-8725-e74ae19198dc','1','参数管理','/system/param/listPage','admin','管理员','2016-12-20 23:14:42','0:0:0:0:0:0:0:1',NULL,NULL),('e06bf37d-3a30-4a52-a513-6718f9622e44','1',NULL,'/system/param/paramTree','admin','管理员','2016-12-20 22:32:47','0:0:0:0:0:0:0:1',NULL,NULL),('e0ea32fd-3567-4b38-b88c-e20df43bd02d','1',NULL,'/druid/js/common.js','admin','管理员','2017-01-22 21:18:19','0:0:0:0:0:0:0:1',NULL,NULL),('e192d8c3-1834-4ee6-8638-f724ed596866','1','菜单树','/security/menu/menuTree','admin','管理员','2016-12-20 20:22:58','0:0:0:0:0:0:0:1',NULL,NULL),('e1bea5b2-6cf9-4307-b3f3-6ecf8cfb414e','1','职位列表','/security/position/list','admin','管理员','2016-12-20 20:53:09','0:0:0:0:0:0:0:1',NULL,NULL),('e2030758-11bf-45d5-91b7-91d80141bed8','1','参数管理','/system/param/listPage','admin','管理员','2016-12-20 22:32:46','0:0:0:0:0:0:0:1',NULL,NULL),('e27fad38-7eb7-42b0-9268-114821b1623c','1','资源是否存在','/security/resource/isExist','admin','管理员','2016-12-20 20:44:46','0:0:0:0:0:0:0:1',NULL,NULL),('e2a174c4-d7c7-450a-9bb9-b38c59fdeede','2','参数添加','/system/param/add','admin','管理员','2016-12-22 00:13:13','0:0:0:0:0:0:0:1',NULL,NULL),('e3154168-2272-4f19-91c8-4e7877da49af','1','日志列表','/system/log/list','admin','管理员','2016-12-20 20:22:36','0:0:0:0:0:0:0:1',NULL,NULL),('e3e7c9a6-63a6-43ba-a5aa-dc14dd592cdc','1','日志列表','/system/log/list','admin','管理员','2016-12-20 00:13:52','0:0:0:0:0:0:0:1',NULL,NULL),('e3fb2bb8-6b53-48c1-a289-03e4b6fb6ed5','2','参数修改','/system/param/edit?parId=8','admin','管理员','2016-12-21 22:37:08','0:0:0:0:0:0:0:1',NULL,NULL),('e46262ab-320e-4df1-a0ef-33102b5876d8','1','定时任务管理','/system/quartz/listPage','admin','管理员','2016-12-20 20:21:24','0:0:0:0:0:0:0:1',NULL,NULL),('e4791e25-1f8c-428c-9898-55212fc7c339','1',NULL,'/druid/css/style.css','admin','管理员','2017-01-21 23:31:47','0:0:0:0:0:0:0:1',NULL,NULL),('e4815a39-f7c9-41d7-acef-b27bc484e51b','1','参数管理','/system/param/listPage','admin','管理员','2016-12-20 22:32:07','0:0:0:0:0:0:0:1',NULL,NULL),('e4ab3a1d-9659-4f21-9c49-fa713bbce029','1','定时任务列表','/system/quartz/list','admin','管理员','2016-12-24 19:00:52','0:0:0:0:0:0:0:1',NULL,NULL),('e4c2331f-6c00-4e26-8421-a90d7287d181','1',NULL,'/system/param/paramTree','admin','管理员','2016-12-21 22:38:16','0:0:0:0:0:0:0:1',NULL,NULL),('e4e578a7-8899-4e4c-9a24-ebbcef918866','1',NULL,'/druid/js/lang.js','admin','管理员','2017-01-22 21:18:19','0:0:0:0:0:0:0:1',NULL,NULL),('e50cb563-fbee-41ca-a0e2-c92e9e08650a','1','系统登录','http://localhost:8080/framework-core/j_spring_security_check','admin','管理员','2016-12-22 00:12:16','0:0:0:0:0:0:0:1','[authentication success/认证成功]',NULL),('e515bb25-6a1e-449c-bc70-a70f909afabd','1','定时任务列表','/system/quartz/list','admin','管理员','2016-12-19 22:09:34','0:0:0:0:0:0:0:1',NULL,NULL),('e5626387-22c9-4dcc-9766-71ab24285b80','3',NULL,'/system/param/deleteCascade?id=0e2ab5a8-a7fe-40c5-a4b5-c14797cd78a4','admin','管理员','2016-12-22 00:06:50','0:0:0:0:0:0:0:1',NULL,NULL),('e5ea6de9-e7c2-4120-b52c-f54e3aba87f4','2','参数添加','/system/param/add?parId=49b7415a-bd10-4edc-a718-ba18aa18f0bb&parLevel=2','admin','管理员','2016-12-22 00:07:09','0:0:0:0:0:0:0:1',NULL,NULL),('e6089ce5-e710-4dae-995f-a260ca0244f8','1','后台管理首页','/security/manage','admin','管理员','2016-12-21 23:47:12','0:0:0:0:0:0:0:1',NULL,NULL),('e63d4ebb-469d-43ba-bf27-d633ed643cec','1','日志管理','/system/log/listPage','admin','管理员','2016-12-22 00:14:35','0:0:0:0:0:0:0:1',NULL,NULL),('e661794d-5cbe-425c-9876-753fbedd81f7','1',NULL,'/system/param/paramTree','admin','管理员','2016-12-20 22:32:06','0:0:0:0:0:0:0:1',NULL,NULL),('e66cc27d-8749-4f20-b3d9-26dfbb23e1a5','1','资源是否存在','/security/resource/isExist','admin','管理员','2016-12-20 20:47:06','0:0:0:0:0:0:0:1',NULL,NULL),('e6f0dfc6-24a2-485a-a68b-d6e75483ee73','2','资源添加','/security/resource/add','admin','管理员','2016-12-20 20:46:48','0:0:0:0:0:0:0:1',NULL,NULL),('e7393146-69df-4110-aaa2-aa06d4fc968b','1','参数管理','/system/param/listPage','admin','管理员','2016-12-20 23:22:09','0:0:0:0:0:0:0:1',NULL,NULL),('e7b82149-2e14-438f-ad3c-8a7ab9575a71','1','图片读取','/api/attachment/downloadByWidthHeight?attachmentId=E85EB18C-81DA-4FB5-8FFC-CBA57D6B320B&width=48&height=48','admin','管理员','2016-12-20 00:09:48','0:0:0:0:0:0:0:1',NULL,NULL),('e800637d-496a-4afa-aee3-597bb15bb515','1','资源列表','/security/resource/list','admin','管理员','2016-12-22 20:38:36','0:0:0:0:0:0:0:1',NULL,NULL),('e887ff7a-0d37-40c5-aa7c-b828e2f8f6c2','1',NULL,'/system/param/paramTree','admin','管理员','2016-12-21 22:37:06','0:0:0:0:0:0:0:1',NULL,NULL),('e89b9c8d-8e84-4517-8844-1054a693d1b7','1','资源是否存在','/security/resource/isExist','admin','管理员','2016-12-20 20:44:12','0:0:0:0:0:0:0:1',NULL,NULL),('e8a91f9e-d3b2-4ff0-9318-7de6dd406af9','1','参数管理','/system/param/listPage','admin','管理员','2016-12-20 22:27:42','0:0:0:0:0:0:0:1',NULL,NULL),('e8ff5f8f-2e06-400d-b609-f671b2f427be','1','资源列表','/security/resource/list','admin','管理员','2016-12-22 00:01:28','0:0:0:0:0:0:0:1',NULL,NULL),('e900ab20-947e-4517-b151-5d6061875fc3','1','参数管理','/system/param/listPage','admin','管理员','2016-12-22 00:14:44','0:0:0:0:0:0:0:1',NULL,NULL),('e93bb503-757b-45d3-8aee-175d7c0b39e6','1','图片读取','/api/attachment/downloadByWidthHeight?attachmentId=E85EB18C-81DA-4FB5-8FFC-CBA57D6B320B&width=48&height=48','admin','管理员','2016-12-22 00:01:26','0:0:0:0:0:0:0:1',NULL,NULL),('e93f51e6-4866-4cff-b6d1-6cee3cdfda4b','1','图片读取','/api/attachment/downloadByWidthHeight?attachmentId=E85EB18C-81DA-4FB5-8FFC-CBA57D6B320B&width=48&height=48','admin','管理员','2016-12-24 19:04:31','0:0:0:0:0:0:0:1',NULL,NULL),('e966ff98-cd0a-43f7-a8d7-cb87db41ea2d','1',NULL,'/druid/header.html','admin','管理员','2017-01-21 23:31:47','0:0:0:0:0:0:0:1',NULL,NULL),('e98c4aaa-51e5-45bb-bdbc-c3387bfd4187','1','后台管理首页','/security/manage','admin','管理员','2017-01-22 21:17:55','0:0:0:0:0:0:0:1',NULL,NULL),('e9b09c78-32ea-4227-9d7e-90d18b9ddd25','1','用户管理组织机构树','/security/user/orgTree','admin','管理员','2016-12-20 22:25:26','0:0:0:0:0:0:0:1',NULL,NULL),('ea4903e3-9a9d-427d-b76e-2518d9bed56b','1',NULL,'/system/param/paramTree','admin','管理员','2016-12-21 22:40:11','0:0:0:0:0:0:0:1',NULL,NULL),('eafacd3a-f8ba-4b8e-8673-b68649d5b9d5','2','参数添加','/system/param/add?parId=8','admin','管理员','2016-12-21 22:23:56','0:0:0:0:0:0:0:1',NULL,NULL),('eb1320a1-6152-45d8-84c0-881878b36854','1','定时任务管理','/system/quartz/listPage','admin','管理员','2016-12-19 23:52:07','0:0:0:0:0:0:0:1',NULL,NULL),('eb53474d-ece6-445e-b399-1c4f2950f349','1',NULL,'/system/param/paramTree','admin','管理员','2016-12-20 22:32:36','0:0:0:0:0:0:0:1',NULL,NULL),('ebb11f0c-e429-42dc-b2ae-241acfb9e288','2','菜单添加','/security/menu/add','admin','管理员','2016-12-20 00:02:43','0:0:0:0:0:0:0:1',NULL,NULL),('ec00d917-2c5e-404a-abb4-1ef2dbfb1615','1','参数管理','/system/param/listPage','admin','管理员','2016-12-21 23:52:13','0:0:0:0:0:0:0:1',NULL,NULL),('ec1aab31-3656-40b2-8571-9584d0a481b6','1','参数管理','/system/param/listPage','admin','管理员','2016-12-22 00:06:50','0:0:0:0:0:0:0:1',NULL,NULL),('ec470fbb-25a4-45ec-9cc1-4bae65b197e7','1','参数管理','/system/param/listPage','admin','管理员','2016-12-20 20:52:48','0:0:0:0:0:0:0:1',NULL,NULL),('ec4c5fc0-bc5a-470f-bae6-080170270aab','1','参数管理','/system/param/listPage','admin','管理员','2016-12-20 23:21:28','0:0:0:0:0:0:0:1',NULL,NULL),('ec852a35-9b21-4351-95c0-c949e07a1a4f','1','druid数据库连接池','/druid','admin','管理员','2016-12-20 20:21:22','0:0:0:0:0:0:0:1',NULL,NULL),('eca566b3-58da-499c-928e-340548f2072c','2','资源添加','/security/resource/add','admin','管理员','2016-12-20 20:43:17','0:0:0:0:0:0:0:1',NULL,NULL),('ed0733df-c654-4abc-98ee-6468623a489c','2','用户添加','/security/user/add','admin','管理员','2016-12-20 00:02:49','0:0:0:0:0:0:0:1',NULL,NULL),('ed4454e4-06bd-435f-bdde-e95df6c930fd','1','日志管理','/system/log/listPage','admin','管理员','2016-12-20 20:21:49','0:0:0:0:0:0:0:1',NULL,NULL),('ed8801e0-f8dc-461b-8b6c-4023f3b2d873','1',NULL,'/system/param/paramTree','admin','管理员','2016-12-20 22:27:42','0:0:0:0:0:0:0:1',NULL,NULL),('eda22687-bfc7-45f7-bc6a-e91162835476','1',NULL,'/system/param/paramTree','admin','管理员','2016-12-20 22:32:45','0:0:0:0:0:0:0:1',NULL,NULL),('edad2ecc-3484-4a8a-b0e9-bd5493298816','1','定时任务管理','/system/quartz/listPage','admin','管理员','2016-12-22 00:14:31','0:0:0:0:0:0:0:1',NULL,NULL),('edcfe91b-814c-4fda-88fa-0f52fe8fe7f4','1','系统登录','http://localhost:8080/framework-core/j_spring_security_check','admin','管理员','2016-12-22 00:10:17','0:0:0:0:0:0:0:1','[authentication success/认证成功]',NULL),('ee8149f5-1489-42e5-ba72-52ca02aed8e7','1','资源管理','/security/resource/listPage','admin','管理员','2016-12-22 00:01:27','0:0:0:0:0:0:0:1',NULL,NULL),('ef088473-a5d5-4cac-bfff-2ae7be63d5d0','1',NULL,'/druid/css/bootstrap.min.css','admin','管理员','2016-12-24 18:45:55','192.168.1.51',NULL,NULL),('ef50a530-f037-481e-a14a-ad3565fac808','2','参数修改','/system/param/edit?parId=0e2ab5a8-a7fe-40c5-a4b5-c14797cd78a4','admin','管理员','2016-12-22 00:03:10','0:0:0:0:0:0:0:1',NULL,NULL),('ef89bfd1-4a62-44eb-8bc4-16ac3e758f7a','1',NULL,'/system/param/paramTree','admin','管理员','2016-12-20 22:32:07','0:0:0:0:0:0:0:1',NULL,NULL),('efaf698f-59fc-427d-84a1-c8dd3d790bae','1','参数管理','/system/param/listPage','admin','管理员','2016-12-21 22:18:02','0:0:0:0:0:0:0:1',NULL,NULL),('efc488e5-5d31-47fa-960c-61485e69620b','2','参数添加','/system/param/add?parId=8','admin','管理员','2016-12-21 22:23:40','0:0:0:0:0:0:0:1',NULL,NULL),('efc955b9-4221-42c3-be8b-94b18ffc5a47','1','日志管理','/system/log/listPage','admin','管理员','2016-12-20 20:21:26','0:0:0:0:0:0:0:1',NULL,NULL),('efd92c11-db48-4e36-8aff-eaba51acf753','1','参数管理','/system/param/listPage','admin','管理员','2016-12-22 00:13:04','0:0:0:0:0:0:0:1',NULL,NULL),('f00083aa-9fc0-4a61-9fef-ceefc20e3b64','1','参数管理','/system/param/listPage','admin','管理员','2016-12-21 23:48:49','0:0:0:0:0:0:0:1',NULL,NULL),('f03fc429-b5a7-4dcc-9fe7-470eb8700bf0','1','系统登录','http://localhost:8080/framework-core/j_spring_security_check','admin','管理员','2017-01-22 21:17:55','0:0:0:0:0:0:0:1','[authentication success/认证成功]',NULL),('f063ae6f-16b9-4511-8ccf-2af5961cf5aa','1','参数管理','/system/param/listPage','admin','管理员','2016-12-20 22:32:06','0:0:0:0:0:0:0:1',NULL,NULL),('f088233f-a3eb-49ad-8af3-5365ce38edb1','1','用户管理','/security/user/listPage','admin','管理员','2016-12-20 22:25:26','0:0:0:0:0:0:0:1',NULL,NULL),('f0ae4c2d-4647-4225-876b-d61a28836512','2','参数修改','/system/param/edit','admin','管理员','2016-12-22 00:13:54','0:0:0:0:0:0:0:1',NULL,NULL),('f15493f1-2831-4a37-98f1-bfd42ded7862','1','菜单列表','/security/menu/list','admin','管理员','2016-12-20 20:21:36','0:0:0:0:0:0:0:1',NULL,NULL),('f22e92d6-b1e1-4128-ac6b-07dc740cc18f','1','用户列表','/security/user/list','admin','管理员','2016-12-20 20:53:24','0:0:0:0:0:0:0:1',NULL,NULL),('f26d61e6-e814-4288-a482-43b9fba2310f','1','定时任务详情','/system/quartz/detail?jobName=JOB_DEFAULT_NAME&schedName=scheduler&jobGroup=JOB_DEFAULT_GROUP','admin','管理员','2016-12-19 23:52:17','0:0:0:0:0:0:0:1',NULL,NULL),('f2e6f231-7870-4dc2-acc0-0bf3283be278','1','职位管理','/security/position/listPage','admin','管理员','2016-12-20 20:53:09','0:0:0:0:0:0:0:1',NULL,NULL),('f3516ad1-234a-45b0-abff-cc1778861d11','1','参数管理','/system/param/listPage','admin','管理员','2016-12-21 22:38:16','0:0:0:0:0:0:0:1',NULL,NULL),('f3534364-cc48-4989-8d21-813db0d54bb4','2','定时任务编辑','/system/quartz/edit?jobName=%E6%97%A5%E5%BF%97JOB&schedName=scheduler&jobGroup=JOB_DEFAULT_GROUP','admin','管理员','2016-12-24 19:01:35','0:0:0:0:0:0:0:1',NULL,NULL),('f3ccf169-8153-4db9-8b0c-2b58219993f7','2','用户分配职位','/security/user/assignationPosition?id=8923eddd-4db2-4050-8a50-be30f16b7ecb','admin','管理员','2016-12-24 18:45:31','192.168.1.51',NULL,NULL),('f401fdf5-a032-42e4-8f0f-c773bd3e0d61','1',NULL,'/system/param/paramTree','admin','管理员','2016-12-21 23:52:13','0:0:0:0:0:0:0:1',NULL,NULL),('f468069e-96c7-4687-8b9b-22c78c14022a','1','druid数据库连接池','/druid','admin','管理员','2016-12-20 20:22:46','0:0:0:0:0:0:0:1',NULL,NULL),('f54a8903-3ca3-4faf-9f81-059b09a8e604','1','图片读取','/api/attachment/downloadByWidthHeight?attachmentId=E85EB18C-81DA-4FB5-8FFC-CBA57D6B320B&width=48&height=48','admin','管理员','2016-12-20 22:17:42','0:0:0:0:0:0:0:1',NULL,NULL),('f57f0775-fe85-48bf-84cf-097d447d6202','1','资源是否存在','/security/resource/isExist','admin','管理员','2016-12-20 20:46:36','0:0:0:0:0:0:0:1',NULL,NULL),('f5961d47-4620-4508-8eef-bba94c5c2d77','1','资源管理','/security/resource/listPage','admin','管理员','2016-12-19 23:52:04','0:0:0:0:0:0:0:1',NULL,NULL),('f6071190-771e-4d01-8bcc-809c8daf1eac','1','日志管理','/system/log/listPage','admin','管理员','2016-12-19 22:09:02','0:0:0:0:0:0:0:1',NULL,NULL),('f61c6b4d-de32-4066-8ebb-53764ab5d530','1',NULL,'/system/param/paramTree','admin','管理员','2016-12-21 23:48:50','0:0:0:0:0:0:0:1',NULL,NULL),('f643decf-6a2d-4db1-9ef0-80ca89c48b73','1','参数管理','/system/param/listPage','admin','管理员','2016-12-20 22:44:13','0:0:0:0:0:0:0:1',NULL,NULL),('f667c72c-5392-41fd-a68d-4a30f187cf7e','1','参数管理','/system/param/listPage','admin','管理员','2016-12-20 23:25:35','0:0:0:0:0:0:0:1',NULL,NULL),('f6a5efcc-1966-4c5c-a699-38ed795e937c','1','定时任务管理','/system/quartz/listPage','admin','管理员','2016-12-24 19:01:33','0:0:0:0:0:0:0:1',NULL,NULL),('f752493c-5a9d-4c5a-bfaa-cb0dd70d719e','1','数据库连接池首页','/druid/index.html','admin','管理员','2017-01-22 21:18:19','0:0:0:0:0:0:0:1',NULL,NULL),('f7951677-5d73-4761-9494-f47bf1359db3','1','参数管理','/system/param/listPage','admin','管理员','2016-12-20 22:36:41','0:0:0:0:0:0:0:1',NULL,NULL),('f7a161c2-658a-473d-ac6b-01e5a685d67c','1','菜单树','/security/menu/menuTree','admin','管理员','2016-12-20 20:52:49','0:0:0:0:0:0:0:1',NULL,NULL),('f7ed3411-8e4c-47c1-b5a5-701c3e908985','1',NULL,'/system/param/paramTree','admin','管理员','2016-12-20 23:14:42','0:0:0:0:0:0:0:1',NULL,NULL),('f80140fb-da3c-4aa1-ba43-024ae1625207','2','参数修改','/system/param/edit','admin','管理员','2016-12-21 23:58:24','0:0:0:0:0:0:0:1',NULL,NULL),('f8491178-a705-421d-89b6-32a1b082369d','2','资源添加','/security/resource/add','admin','管理员','2016-12-20 20:45:30','0:0:0:0:0:0:0:1',NULL,NULL),('f85062d3-8b01-4467-afde-864c1786dab1','1','资源是否存在','/security/resource/isExist','admin','管理员','2016-12-20 20:45:59','0:0:0:0:0:0:0:1',NULL,NULL),('f86206da-9f80-4140-8822-b56ee52d9854','1','参数管理','/system/param/listPage','admin','管理员','2016-12-20 22:32:46','0:0:0:0:0:0:0:1',NULL,NULL),('f8e06b0c-0663-4032-877e-620525ce6549','1','资源列表','/security/resource/list','admin','管理员','2016-12-20 20:43:16','0:0:0:0:0:0:0:1',NULL,NULL),('f9187caa-0ca4-465c-affa-e9aafe3ba793','1',NULL,'/system/param/paramTree','admin','管理员','2016-12-20 22:33:06','0:0:0:0:0:0:0:1',NULL,NULL),('f929a6d3-081c-4685-b1dc-65dcacaea748','1','资源列表','/security/resource/list','admin','管理员','2016-12-20 22:17:43','0:0:0:0:0:0:0:1',NULL,NULL),('f97a5401-8063-4947-a164-445d59fedd48','2','参数修改','/system/param/edit?parId=0e2ab5a8-a7fe-40c5-a4b5-c14797cd78a4','admin','管理员','2016-12-22 00:03:39','0:0:0:0:0:0:0:1',NULL,NULL),('f9836292-17ff-4261-8352-2d182817bd24','1','参数管理','/system/param/listPage','admin','管理员','2016-12-20 22:53:35','0:0:0:0:0:0:0:1',NULL,NULL),('fb183d99-00d7-48a8-95d8-3e1282242cd5','1','资源管理','/security/resource/listPage','admin','管理员','2016-12-20 20:43:16','0:0:0:0:0:0:0:1',NULL,NULL),('fb3ade71-26fd-4b88-9759-4d05112f3ff1','1','资源管理','/security/resource/listPage','admin','管理员','2016-12-24 19:00:49','0:0:0:0:0:0:0:1',NULL,NULL),('fb3dd3f8-3745-4ad1-8067-c216d75bb6fd','1','参数管理','/system/param/listPage','admin','管理员','2016-12-22 00:14:55','0:0:0:0:0:0:0:1',NULL,NULL),('fb5724cf-0e47-4c41-8657-694c2355cc84','1','参数管理','/system/param/listPage','admin','管理员','2016-12-21 22:37:30','0:0:0:0:0:0:0:1',NULL,NULL),('fbf675f3-f974-4df8-af55-7d3276f6b866','1','定时任务详情','/system/quartz/detail?jobName=%E6%97%A5%E5%BF%97JOB&schedName=scheduler&jobGroup=JOB_DEFAULT_GROUP','admin','管理员','2016-12-19 23:34:07','0:0:0:0:0:0:0:1',NULL,NULL),('fc32122d-a752-45c5-b462-ef0b0fe99175','1','日志管理','/system/log/listPage','admin','管理员','2016-12-22 00:14:39','0:0:0:0:0:0:0:1',NULL,NULL),('fca80d74-c3df-43b7-9fe1-59d04e110948','1','机构管理','/security/organization/listPage','admin','管理员','2016-12-20 00:02:59','0:0:0:0:0:0:0:1',NULL,NULL),('fceef714-fa0d-42c2-a05f-582958e09098','1','菜单列表','/security/menu/list','admin','管理员','2016-12-20 20:52:49','0:0:0:0:0:0:0:1',NULL,NULL),('fd165091-855b-48d9-ab7e-d84e76f28818','1','资源是否存在','/security/resource/isExist','admin','管理员','2016-12-20 20:47:06','0:0:0:0:0:0:0:1',NULL,NULL),('fd530ed7-f892-455f-a067-e2707429a782','1','定时任务详情','/system/quartz/detail?jobName=JOB_DEFAULT_NAME&schedName=scheduler&jobGroup=JOB_DEFAULT_GROUP','admin','管理员','2016-12-24 19:01:44','0:0:0:0:0:0:0:1',NULL,NULL),('fd801287-2e6e-4f69-815d-94200988f389','1','日志管理','/system/log/listPage','admin','管理员','2016-12-19 22:10:04','0:0:0:0:0:0:0:1',NULL,NULL),('fe036986-8d4f-41f6-a891-71321b3947dc','1','定时任务详情','/system/quartz/detail?jobName=%E6%97%A5%E5%BF%97JOB&schedName=scheduler&jobGroup=JOB_DEFAULT_GROUP','admin','管理员','2016-12-20 20:52:17','0:0:0:0:0:0:0:1',NULL,NULL),('fe453a79-0a77-4129-98ec-df90788b60c4','1',NULL,'/druid/js/lang.js','admin','管理员','2016-12-24 18:45:55','192.168.1.51',NULL,NULL),('fe5682d2-9259-4eef-a7c7-68c0d8b76b5f','1','菜单树','/security/menu/menuTree','admin','管理员','2016-12-20 22:28:20','0:0:0:0:0:0:0:1',NULL,NULL),('fe6a0952-0767-47ac-985a-98f550ed1134','1','资源详情','/security/resource/detail?id=0','admin','管理员','2016-12-24 18:45:04','192.168.1.51',NULL,NULL),('fe970c9c-c07d-4d22-9439-8dc255bdb053','1','资源是否存在','/security/resource/isExist','admin','管理员','2016-12-20 20:45:46','0:0:0:0:0:0:0:1',NULL,NULL),('feab9ae7-c10a-46a6-aa5f-1fc25c43d454','1','资源管理','/security/resource/listPage','admin','管理员','2016-12-22 00:12:23','0:0:0:0:0:0:0:1',NULL,NULL);

/*Table structure for table `sys_menu` */

DROP TABLE IF EXISTS `sys_menu`;

CREATE TABLE `sys_menu` (
  `menu_id` varchar(50) COLLATE utf8_bin NOT NULL COMMENT '菜单id',
  `menu_pid` varchar(50) COLLATE utf8_bin DEFAULT NULL COMMENT '父级菜单',
  `menu_name` varchar(200) COLLATE utf8_bin DEFAULT NULL COMMENT '菜单名称',
  `menu_desc` varchar(200) COLLATE utf8_bin DEFAULT NULL COMMENT '菜单描述',
  `icon_url` varchar(200) COLLATE utf8_bin DEFAULT NULL COMMENT '菜单图标',
  `menu_type` varchar(50) COLLATE utf8_bin DEFAULT NULL COMMENT '菜单类型',
  `menu_url` varchar(200) COLLATE utf8_bin DEFAULT NULL COMMENT '菜单访问地址',
  `class_name` varchar(100) COLLATE utf8_bin DEFAULT NULL COMMENT '菜单整体样式',
  `left_icon_class` varchar(100) COLLATE utf8_bin DEFAULT NULL COMMENT '菜单左侧样式',
  `title_class` varchar(100) COLLATE utf8_bin DEFAULT NULL COMMENT '菜单标题样式',
  `right_icon_class` varchar(100) COLLATE utf8_bin DEFAULT NULL COMMENT '菜单右侧样式',
  `sort` varchar(50) COLLATE utf8_bin DEFAULT NULL COMMENT '排序',
  `create_time` datetime DEFAULT NULL COMMENT '创建时间',
  `del` decimal(1,0) DEFAULT NULL COMMENT '删除标记',
  PRIMARY KEY (`menu_id`)
) ENGINE=InnoDB DEFAULT CHARSET=utf8 COLLATE=utf8_bin COMMENT='菜单表';

/*Data for the table `sys_menu` */

insert  into `sys_menu`(`menu_id`,`menu_pid`,`menu_name`,`menu_desc`,`icon_url`,`menu_type`,`menu_url`,`class_name`,`left_icon_class`,`title_class`,`right_icon_class`,`sort`,`create_time`,`del`) values ('0','','菜单根','菜单根','','菜单根','',NULL,NULL,NULL,NULL,'0','2016-11-08 22:42:05','0'),('0122c22b-d747-4927-9d0d-15bc7bdf4c4e','5c697a99-e31a-4d80-8d3c-a239dffeeb5c','日志管理','日志管理','','二级菜单','e196cbf8-3c51-47cb-ae19-f5ceb1cb4cb9','','','','','4','2016-11-09 23:30:05','0'),('37f87c8d-0283-4ae2-a877-f8e83008aafb','3bae6c14-4b68-4ec8-914b-5cc1c7cef833','角色管理','角色管理','','三级菜单','f358077b-f47a-4db3-be44-fcf35eb6655d',NULL,NULL,NULL,NULL,'1','2016-11-09 23:25:44','0'),('3bae6c14-4b68-4ec8-914b-5cc1c7cef833','fa40c96f-6411-4cc1-88c4-abb26ddc6c84','角色相关','角色相关','','二级节点菜单','a9719e24-dddd-4570-929c-2d2492660f2b','','fa fa-th-large','nav-label','fa arrow','3','2016-11-09 23:16:37','0'),('40ba5981-0c01-4b6d-acf6-7ae65f83b533','5c697a99-e31a-4d80-8d3c-a239dffeeb5c','定时任务管理','定时任务管理','','二级菜单','eedf9660-5573-4cfe-bc56-ad7476727306','','','','','6','2016-12-04 23:13:41','0'),('5c697a99-e31a-4d80-8d3c-a239dffeeb5c','0','系统管理','系统管理','','一级节点菜单','a79cc37a-06a8-49fa-a0b8-f83241079a59','','fa fa-desktop','nav-label','fa arrow','2','2016-11-09 23:19:33','0'),('5ccb9593-ed29-4bb2-81e2-862e8c294ae1','5c697a99-e31a-4d80-8d3c-a239dffeeb5c','菜单管理','菜单管理','','二级菜单','4d18e178-b204-4eb9-bb50-8241cabb4b38',NULL,NULL,NULL,NULL,'1','2016-11-09 23:28:42','0'),('8dadcc77-610d-4254-9cd5-0d0a3b29c261','fa40c96f-6411-4cc1-88c4-abb26ddc6c84','权限相关','权限相关','','二级节点菜单','6e401340-9776-47c1-996e-142bdc022139','','fa fa-th-large','nav-label','fa arrow','2','2016-11-09 23:15:47','0'),('8febcbf8-0e7d-4c7f-a8bd-9c5ab798fa9e','3bae6c14-4b68-4ec8-914b-5cc1c7cef833','角色组管理','角色组管理','','三级菜单','57b24278-2106-4d8c-bd4f-f62f83402ea9',NULL,NULL,NULL,NULL,'2','2016-11-09 23:26:07','0'),('99ec52f8-c605-49ea-bc8d-8d206ee6f79e','5c697a99-e31a-4d80-8d3c-a239dffeeb5c','附件管理','附件管理','','二级菜单','bedb93fd-6f47-4ec1-b403-b1f5e7c4fdd7','','','','','3','2016-11-09 23:29:15','0'),('9c546d82-e074-41ee-8d58-bdf5cef40b65','fa40c96f-6411-4cc1-88c4-abb26ddc6c84','职位管理','职位管理','','二级菜单','ae4f8e00-0759-4689-bab8-6a5f9ebcd9c1',NULL,NULL,NULL,NULL,'5','2016-11-09 23:17:46','0'),('b689258e-1c8d-4d24-8556-89396bb77ef2','8dadcc77-610d-4254-9cd5-0d0a3b29c261','权限管理','权限管理','','三级菜单','e7ec535b-7d35-4ce5-b7b6-a6c5c428c223',NULL,NULL,NULL,NULL,'1','2016-11-09 23:24:31','0'),('b700f458-a7fe-4f74-977d-06f6bd01b16a','8dadcc77-610d-4254-9cd5-0d0a3b29c261','权限组管理','权限组管理','','三级菜单','8fdf3ae7-1be6-447a-8212-af30815385c1',NULL,NULL,NULL,NULL,'2','2016-11-09 23:24:59','0'),('b8a7f481-0f6f-4ecd-9e55-feb94cb2a6c3','fa40c96f-6411-4cc1-88c4-abb26ddc6c84','用户管理','用户管理','','二级菜单','c932634a-d74d-4be4-b8f6-7c05912f61da',NULL,NULL,NULL,NULL,'6','2016-11-09 23:23:00','0'),('bd65428e-c166-4027-b84f-f2c4df030f13','5c697a99-e31a-4d80-8d3c-a239dffeeb5c','Druid监控','Druid监控','','二级菜单','d0124e7b-0451-418b-8609-e59a5dc0cc3c',NULL,NULL,NULL,NULL,'5','2016-11-09 23:31:21','0'),('c74cc78e-4c6f-449e-bddd-36c7cf5c3588','5c697a99-e31a-4d80-8d3c-a239dffeeb5c','参数管理','参数管理','','二级菜单','81c0ca58-0e0d-48cb-b3bb-e0c3e0aa8a68','','','','','2','2016-11-09 23:29:35','0'),('c86fd67f-8984-4259-92f7-5aac340fe28d','0','test','test','','一级菜单','','abc','fa fa-sitemap','nav-label','fa arrow','','2016-11-19 15:06:02','1'),('dc174591-1034-4613-b665-5aa7e1b353cd','fa40c96f-6411-4cc1-88c4-abb26ddc6c84','机构管理','机构管理','','二级菜单','2513b0cc-d92e-49b4-b0e1-2c9abb3877f6',NULL,NULL,NULL,NULL,'4','2016-11-09 23:17:21','0'),('e3aa1665-adfa-40ba-8ec8-f9d4d6f581c1','fa40c96f-6411-4cc1-88c4-abb26ddc6c84','资源管理','资源管理','','二级菜单','2',NULL,NULL,NULL,NULL,'1','2016-11-09 23:14:53','0'),('fa40c96f-6411-4cc1-88c4-abb26ddc6c84','0','机构权限','机构权限','','一级节点菜单','4ffe6df4-e24d-4346-ab70-63bf7488aa88','','fa fa-sitemap','nav-label','fa arrow','1','2016-11-09 23:19:11','0');

/*Table structure for table `sys_org_position` */

DROP TABLE IF EXISTS `sys_org_position`;

CREATE TABLE `sys_org_position` (
  `op_id` varchar(50) COLLATE utf8_bin NOT NULL COMMENT '记录标识',
  `org_id` varchar(50) COLLATE utf8_bin DEFAULT NULL COMMENT '组织机构id',
  `position_id` varchar(50) COLLATE utf8_bin DEFAULT NULL COMMENT '职位id',
  `create_time` datetime DEFAULT NULL COMMENT '创建时间',
  PRIMARY KEY (`op_id`)
) ENGINE=InnoDB DEFAULT CHARSET=utf8 COLLATE=utf8_bin COMMENT='组织机构职位关系表';

/*Data for the table `sys_org_position` */

insert  into `sys_org_position`(`op_id`,`org_id`,`position_id`,`create_time`) values ('09e5fc14-b682-4953-8022-fcbb88d88243','c82e5680-7f16-4d40-b61b-546c933f5fe3','e6294723-3410-4766-8c56-977a8d4ef5dc','2016-10-29 00:28:40'),('5d1fffff-6496-463d-b61a-ed9d38d5a27b','4f42b5ba-808b-4c26-ba39-05d3e6c4185c','55f59011-f8bb-47b0-a18c-1f62fbf063ba','2016-10-28 21:29:18'),('68568636-4696-4ffe-af25-234ec4716ec9','1bcee423-b8d6-48e7-9204-2fc22a836dca','2025acaf-22f6-4a08-a1af-d4dd538bc47b','2016-10-28 21:28:47'),('78720fa9-eb34-408e-ba78-9af675e1904a','4f42b5ba-808b-4c26-ba39-05d3e6c4185c','a6a898cf-f00f-46b0-a131-ee84a3bb2b91','2016-10-28 21:29:18'),('8c8692ee-9bbe-4d55-b617-5b4e3e2cc599','1bcee423-b8d6-48e7-9204-2fc22a836dca','e6294723-3410-4766-8c56-977a8d4ef5dc','2016-10-28 21:28:47'),('979152af-628e-4266-ad0c-cdf41b706fb5','d099bdad-6bed-4e9a-a64a-35afc458e94a','e6294723-3410-4766-8c56-977a8d4ef5dc','2016-10-29 00:20:19'),('b482df5a-e20e-4a15-b838-c98ac18ccff9','c82e5680-7f16-4d40-b61b-546c933f5fe3','55f59011-f8bb-47b0-a18c-1f62fbf063ba','2016-10-29 00:28:40'),('bae9d518-d91f-448b-bca1-7fd7d1a78792','c82e5680-7f16-4d40-b61b-546c933f5fe3','a6a898cf-f00f-46b0-a131-ee84a3bb2b91','2016-10-29 00:28:40'),('c705b0c3-859c-43b2-bde3-d88083d4f764','1bcee423-b8d6-48e7-9204-2fc22a836dca','d4c2a95a-c97a-485b-823a-e5962bb4b9e7','2016-10-28 21:28:47'),('ce219f83-bbec-446a-b056-f685022596f8','4f42b5ba-808b-4c26-ba39-05d3e6c4185c','e6294723-3410-4766-8c56-977a8d4ef5dc','2016-10-28 21:29:18'),('e1cdef9e-db1c-4a87-a4c3-eec2fa635bb1','bd7650b4-6f42-4daa-9326-b533bb72cc73','a6a898cf-f00f-46b0-a131-ee84a3bb2b91','2016-10-29 00:23:56'),('e92bc63f-fb69-45b6-9b3e-3b6c5b690fba','d099bdad-6bed-4e9a-a64a-35afc458e94a','55f59011-f8bb-47b0-a18c-1f62fbf063ba','2016-10-29 00:20:19');

/*Table structure for table `sys_org_role` */

DROP TABLE IF EXISTS `sys_org_role`;

CREATE TABLE `sys_org_role` (
  `or_id` varchar(50) COLLATE utf8_bin NOT NULL COMMENT '记录标识',
  `org_id` varchar(50) COLLATE utf8_bin DEFAULT NULL COMMENT '组织机构ID',
  `role_id` varchar(50) COLLATE utf8_bin DEFAULT NULL COMMENT '角色ID',
  `create_time` datetime DEFAULT NULL COMMENT '创建时间',
  PRIMARY KEY (`or_id`)
) ENGINE=InnoDB DEFAULT CHARSET=utf8 COLLATE=utf8_bin COMMENT='机构角色表';

/*Data for the table `sys_org_role` */

insert  into `sys_org_role`(`or_id`,`org_id`,`role_id`,`create_time`) values ('458b06fd-c99d-4cb7-8942-da05f473b6a6','d099bdad-6bed-4e9a-a64a-35afc458e94a','3d403e21-983f-4957-9eb3-ad5f8d4d9b98','2016-10-29 10:35:53'),('a4fb9e06-8064-4ba4-b459-602d136d7d2b','c82e5680-7f16-4d40-b61b-546c933f5fe3','3d403e21-983f-4957-9eb3-ad5f8d4d9b98','2016-10-29 15:53:58'),('ae1a97f3-eca4-4705-9b1a-708a9f5cd237','4f42b5ba-808b-4c26-ba39-05d3e6c4185c','3d403e21-983f-4957-9eb3-ad5f8d4d9b98','2016-10-28 21:29:42'),('d39d0874-867d-4c4a-88fe-cb04317aebb1','4f42b5ba-808b-4c26-ba39-05d3e6c4185c','1','2016-10-28 21:29:42'),('e552c998-502c-41cb-8ba6-10fb510f9429','bd7650b4-6f42-4daa-9326-b533bb72cc73','1','2016-10-25 22:55:48');

/*Table structure for table `sys_org_rolegroup` */

DROP TABLE IF EXISTS `sys_org_rolegroup`;

CREATE TABLE `sys_org_rolegroup` (
  `or_id` varchar(50) COLLATE utf8_bin NOT NULL COMMENT '记录标识',
  `org_id` varchar(50) COLLATE utf8_bin DEFAULT NULL COMMENT '组织机构ID',
  `rg_id` varchar(50) COLLATE utf8_bin DEFAULT NULL COMMENT '角色组ID',
  `create_time` datetime DEFAULT NULL COMMENT '创建时间',
  PRIMARY KEY (`or_id`)
) ENGINE=InnoDB DEFAULT CHARSET=utf8 COLLATE=utf8_bin COMMENT='机构角色组表';

/*Data for the table `sys_org_rolegroup` */

insert  into `sys_org_rolegroup`(`or_id`,`org_id`,`rg_id`,`create_time`) values ('73c6d4d9-cc97-439e-835e-3c7330899683','4f42b5ba-808b-4c26-ba39-05d3e6c4185c','c6f6811e-a731-43b8-b137-5e91cc1a36cf','2016-10-28 21:29:49'),('98d55883-9199-49ce-809c-4f222df2142f','bd7650b4-6f42-4daa-9326-b533bb72cc73','c6f6811e-a731-43b8-b137-5e91cc1a36cf','2016-10-25 22:55:57');

/*Table structure for table `sys_organization` */

DROP TABLE IF EXISTS `sys_organization`;

CREATE TABLE `sys_organization` (
  `org_id` varchar(50) COLLATE utf8_bin NOT NULL COMMENT '组织id',
  `org_pid` varchar(50) COLLATE utf8_bin DEFAULT NULL COMMENT '父组织id',
  `org_name` varchar(100) COLLATE utf8_bin DEFAULT NULL COMMENT '组织名称',
  `org_desc` varchar(100) COLLATE utf8_bin DEFAULT NULL COMMENT '组织描述',
  `country` varchar(50) COLLATE utf8_bin DEFAULT NULL COMMENT '国家',
  `province` varchar(50) COLLATE utf8_bin DEFAULT NULL COMMENT '省州',
  `city` varchar(50) COLLATE utf8_bin DEFAULT NULL COMMENT '城市',
  `district` varchar(100) COLLATE utf8_bin DEFAULT NULL COMMENT '区县',
  `addr` varchar(200) COLLATE utf8_bin DEFAULT NULL COMMENT '地址',
  `fax` varchar(50) COLLATE utf8_bin DEFAULT NULL COMMENT '传真',
  `postcode` varchar(20) COLLATE utf8_bin DEFAULT NULL COMMENT '邮编',
  `inner_tel` varchar(20) COLLATE utf8_bin DEFAULT NULL COMMENT '内线电话',
  `outer_tel` varchar(20) COLLATE utf8_bin DEFAULT NULL COMMENT '外线电话',
  `charge` varchar(60) COLLATE utf8_bin DEFAULT NULL COMMENT '主负责人',
  `assistant` varchar(60) COLLATE utf8_bin DEFAULT NULL COMMENT '副负责人',
  `org_type` varchar(50) COLLATE utf8_bin DEFAULT NULL COMMENT '组织类型',
  `org_level` varchar(50) COLLATE utf8_bin DEFAULT NULL COMMENT '组织级别',
  `org_logo` varchar(200) COLLATE utf8_bin DEFAULT NULL COMMENT '组织图标',
  `sort` varchar(50) COLLATE utf8_bin DEFAULT NULL COMMENT '排序编号',
  `ct_user_id` varchar(50) COLLATE utf8_bin DEFAULT NULL COMMENT '创建人员',
  `ct_time` datetime DEFAULT NULL COMMENT '创建时间',
  `up_user_id` varchar(50) COLLATE utf8_bin DEFAULT NULL COMMENT '修改人员',
  `up_time` datetime DEFAULT NULL COMMENT '修改时间',
  `allow_edit` decimal(1,0) DEFAULT NULL COMMENT '允许编辑',
  `allow_del` decimal(1,0) DEFAULT NULL COMMENT '允许删除',
  `note` varchar(60) COLLATE utf8_bin DEFAULT NULL COMMENT '备注',
  `del` decimal(1,0) DEFAULT NULL COMMENT '删除标记',
  PRIMARY KEY (`org_id`)
) ENGINE=InnoDB DEFAULT CHARSET=utf8 COLLATE=utf8_bin COMMENT='组织机构表';

/*Data for the table `sys_organization` */

insert  into `sys_organization`(`org_id`,`org_pid`,`org_name`,`org_desc`,`country`,`province`,`city`,`district`,`addr`,`fax`,`postcode`,`inner_tel`,`outer_tel`,`charge`,`assistant`,`org_type`,`org_level`,`org_logo`,`sort`,`ct_user_id`,`ct_time`,`up_user_id`,`up_time`,`allow_edit`,`allow_del`,`note`,`del`) values ('1bcee423-b8d6-48e7-9204-2fc22a836dca','da903e31-94e4-4d49-9e49-8f469bc47a94','test','','cn','shanghai','shanghai','yangpu','','','','','','','','government','organization','',NULL,'admin','2016-10-27 22:36:36','admin','2016-10-27 22:36:51','1','0','','0'),('4f42b5ba-808b-4c26-ba39-05d3e6c4185c','da903e31-94e4-4d49-9e49-8f469bc47a94','智盒科技','智盒科技','cn','yunnan','kunming','pudong','阿什顿飞阿什顿飞','213123123','123123','1111111111','11111111111','撒旦法司法','啊撒旦发生地方','enterprise','organization','/api/attachment/download?attachmentId=9B8B3039-B738-4851-BA6A-D6D0CCB990B8',NULL,'admin','2016-10-23 19:58:06','admin','2016-10-23 19:59:09','1','0','啊撒旦发生地方','0'),('653e8fd2-1519-4732-89d8-128290ab9a75','da903e31-94e4-4d49-9e49-8f469bc47a94','阿什顿飞','阿什顿飞','cn','shanghai','shanghai','yangpu','','','','','','','','government','organization','',NULL,'admin','2016-10-23 20:05:50',NULL,NULL,'1','1','','1'),('6f62ec2b-042e-46a6-996f-f2afd50084ac','c82e5680-7f16-4d40-b61b-546c933f5fe3','柚子派多大的','柚子派多大的','cn','shanghai','shanghai','yangpu','','','','','','','','government','organization','',NULL,'admin','2016-10-23 20:05:33',NULL,NULL,'1','1','','1'),('bd7650b4-6f42-4daa-9326-b533bb72cc73','4f42b5ba-808b-4c26-ba39-05d3e6c4185c','上海分公司','上海分公司','cn','shanghai','shanghai','yangpu','阿什顿飞发点福','345345345','','','','','','institutions','organization','/api/attachment/download?attachmentId=1A5DA612-65C4-4363-9F95-10B84938DB01',NULL,'admin','2016-10-23 20:02:02',NULL,NULL,'1','1','阿什顿飞','0'),('c82e5680-7f16-4d40-b61b-546c933f5fe3','da903e31-94e4-4d49-9e49-8f469bc47a94','柚子派','柚子派科技','cn','yunnan','kunming','yangpu','金碧路118号','23232323','232323232','2342342342','2434234234','第三个的风格','是的根深蒂固','institutions','organization','/api/attachment/download?attachmentId=00976272-64AE-4FAB-8F31-DCA57C24F4C7',NULL,'admin','2016-10-23 20:01:05',NULL,NULL,'1','1','烦烦烦','0'),('d099bdad-6bed-4e9a-a64a-35afc458e94a','bd7650b4-6f42-4daa-9326-b533bb72cc73','开发部','开发部','cn','shanghai','shanghai','yangpu','','','','','','','','enterprise','department','/api/attachment/download?attachmentId=329729F9-1A8B-4316-908B-1ED908D21997',NULL,'admin','2016-10-23 20:02:49',NULL,NULL,'1','1','烦烦烦','0'),('da903e31-94e4-4d49-9e49-8f469bc47a94','','组织机构','机构根','cn','shanghai','shanghai','yangpu','汾州路218弄5号601','test','test','111','111','test','test','other','team','/api/attachment/download?attachmentId=86D042FC-466B-48B0-B00C-7A68964A84DC',NULL,'admin','2016-10-23 19:52:43','admin','2016-10-27 22:37:16','1','0','test','0');

/*Table structure for table `sys_position` */

DROP TABLE IF EXISTS `sys_position`;

CREATE TABLE `sys_position` (
  `position_id` varchar(50) COLLATE utf8_bin NOT NULL COMMENT '职位id',
  `position_name` varchar(100) COLLATE utf8_bin DEFAULT NULL COMMENT '职位名称',
  `position_desc` varchar(200) COLLATE utf8_bin DEFAULT NULL COMMENT '职位描述',
  `position_type` varchar(50) COLLATE utf8_bin DEFAULT NULL COMMENT '职位类型',
  `position_level` varchar(50) COLLATE utf8_bin DEFAULT NULL COMMENT '职位级别',
  `islimit` decimal(1,0) DEFAULT NULL COMMENT '是否通用',
  `ct_time` datetime DEFAULT NULL COMMENT '创建时间',
  `ct_user_id` varchar(50) COLLATE utf8_bin DEFAULT NULL COMMENT '创建人',
  `up_time` datetime DEFAULT NULL COMMENT '修改时间',
  `up_user_id` varchar(50) COLLATE utf8_bin DEFAULT NULL COMMENT '修改人',
  `allow_edit` decimal(1,0) DEFAULT NULL COMMENT '允许修改',
  `allow_del` decimal(1,0) DEFAULT NULL COMMENT '允许删除',
  `del` decimal(1,0) DEFAULT NULL COMMENT '删除状态',
  PRIMARY KEY (`position_id`)
) ENGINE=InnoDB DEFAULT CHARSET=utf8 COLLATE=utf8_bin COMMENT='职位表';

/*Data for the table `sys_position` */

insert  into `sys_position`(`position_id`,`position_name`,`position_desc`,`position_type`,`position_level`,`islimit`,`ct_time`,`ct_user_id`,`up_time`,`up_user_id`,`allow_edit`,`allow_del`,`del`) values ('1d8ca95b-ee3d-48ff-9756-539012ac8c4b','efadf','asdfasdf','management','high','0','2016-10-23 15:25:19','admin',NULL,NULL,'1','1','0'),('2025acaf-22f6-4a08-a1af-d4dd538bc47b','asdfasdf','asdfasdf','other','junior','0','2016-10-23 15:25:28','admin',NULL,NULL,'1','1','0'),('55f59011-f8bb-47b0-a18c-1f62fbf063ba','技术总裁','CTO','technology','master','0','2016-10-24 21:08:27','admin',NULL,NULL,'1','1','0'),('5d26b3de-224a-49b2-8c82-6bf3d46640aa','ddd','ddd','technology','junior','0','2016-10-23 13:45:20','admin',NULL,NULL,'1','1','0'),('7fa4321f-39c0-4bdf-a8c7-ec5e04b03601','asdf','asdf','technology','junior','0','2016-10-23 13:44:42','admin',NULL,NULL,'1','1','1'),('a6a898cf-f00f-46b0-a131-ee84a3bb2b91','总裁','CEO','management','master','0','2016-10-24 21:08:02','admin',NULL,NULL,'1','1','0'),('bcd2c595-7fee-4160-825c-75db358aadfa','ffff','fff','technology','junior','0','2016-11-07 23:23:46','admin',NULL,NULL,'0','0','0'),('d08ed016-8445-48b4-8fd0-7393a8ec8fea','test1','test','management','master','0','2016-10-23 13:42:46','admin','2016-10-23 13:43:14','admin','1','1','1'),('d4c2a95a-c97a-485b-823a-e5962bb4b9e7','test2','asdf','technology','junior','0','2016-10-23 13:43:41','admin',NULL,NULL,'0','0','0'),('e6294723-3410-4766-8c56-977a8d4ef5dc','开发工程师','开发工程师','technology','high','0','2016-10-24 21:08:48','admin','2016-10-25 21:42:47','admin','1','0','0');

/*Table structure for table `sys_position_role` */

DROP TABLE IF EXISTS `sys_position_role`;

CREATE TABLE `sys_position_role` (
  `pr_id` varchar(50) COLLATE utf8_bin NOT NULL COMMENT '记录标识',
  `position_id` varchar(50) COLLATE utf8_bin DEFAULT NULL COMMENT '职位ID',
  `role_id` varchar(50) COLLATE utf8_bin DEFAULT NULL COMMENT '角色ID',
  `create_time` datetime DEFAULT NULL COMMENT '创建时间',
  PRIMARY KEY (`pr_id`)
) ENGINE=InnoDB DEFAULT CHARSET=utf8 COLLATE=utf8_bin COMMENT='职位角色表';

/*Data for the table `sys_position_role` */

insert  into `sys_position_role`(`pr_id`,`position_id`,`role_id`,`create_time`) values ('44da4724-77df-4abf-a4a4-4df691a20ac9','5d26b3de-224a-49b2-8c82-6bf3d46640aa','6b10ecee-c693-4bdb-ae7e-51d871d64968','2016-10-29 00:15:41'),('78003fc2-d0eb-46f5-91d3-0736df16c7b8','d4c2a95a-c97a-485b-823a-e5962bb4b9e7','3d403e21-983f-4957-9eb3-ad5f8d4d9b98','2016-10-29 00:15:26'),('803a8585-6d03-417b-a57d-6f6ba1521626','e6294723-3410-4766-8c56-977a8d4ef5dc','6b10ecee-c693-4bdb-ae7e-51d871d64968','2016-10-28 21:30:04'),('8a99aaab-d230-485b-b7f7-23975a2d71b9','2025acaf-22f6-4a08-a1af-d4dd538bc47b','1','2016-10-27 22:37:42'),('a9c9975c-0a6d-457a-94a6-1abf4be9d41c','5d26b3de-224a-49b2-8c82-6bf3d46640aa','1','2016-10-29 00:15:41'),('aadb04cc-ece7-4309-96dc-08b6910a52f8','e6294723-3410-4766-8c56-977a8d4ef5dc','1','2016-10-28 21:30:04'),('ac407632-9ada-429a-ae31-3242674d79d5','2025acaf-22f6-4a08-a1af-d4dd538bc47b','628eed1f-cdeb-403e-81e1-014f30e827eb','2016-10-27 22:37:42'),('bd817f64-0c92-4d25-8d81-a647c40c187d','1d8ca95b-ee3d-48ff-9756-539012ac8c4b','1','2016-10-27 22:37:27');

/*Table structure for table `sys_position_rolegroup` */

DROP TABLE IF EXISTS `sys_position_rolegroup`;

CREATE TABLE `sys_position_rolegroup` (
  `pr_id` varchar(50) COLLATE utf8_bin NOT NULL COMMENT '记录标识',
  `position_id` varchar(50) COLLATE utf8_bin DEFAULT NULL COMMENT '职位ID',
  `rg_id` varchar(50) COLLATE utf8_bin DEFAULT NULL COMMENT '角色组ID',
  `create_time` datetime DEFAULT NULL COMMENT '创建时间',
  PRIMARY KEY (`pr_id`)
) ENGINE=InnoDB DEFAULT CHARSET=utf8 COLLATE=utf8_bin COMMENT='职位角色组表';

/*Data for the table `sys_position_rolegroup` */

insert  into `sys_position_rolegroup`(`pr_id`,`position_id`,`rg_id`,`create_time`) values ('3b6c2971-2431-4111-a0e7-a62432e49426','2025acaf-22f6-4a08-a1af-d4dd538bc47b','db961902-c018-4e0f-92be-3f712ba5b885','2016-10-27 22:37:51'),('4fdcaf32-6c61-4c84-8076-92d56ad72924','e6294723-3410-4766-8c56-977a8d4ef5dc','20ef326f-116f-40dc-baa8-d2ae82837af6','2016-10-29 16:45:12');

/*Table structure for table `sys_privilege` */

DROP TABLE IF EXISTS `sys_privilege`;

CREATE TABLE `sys_privilege` (
  `pvg_id` varchar(50) COLLATE utf8_bin NOT NULL COMMENT '权限ID',
  `pvg_pid` varchar(50) COLLATE utf8_bin DEFAULT NULL COMMENT '父权限ID',
  `pvg_name` varchar(100) COLLATE utf8_bin DEFAULT NULL COMMENT '权限名称',
  `pvg_type` varchar(50) COLLATE utf8_bin DEFAULT NULL COMMENT '权限类型',
  `pvg_desc` varchar(100) COLLATE utf8_bin DEFAULT NULL COMMENT '权限描述',
  `allow_edit` decimal(1,0) DEFAULT NULL COMMENT '允许编辑',
  `allow_del` decimal(1,0) DEFAULT NULL COMMENT '允许删除',
  `ct_user_id` varchar(50) COLLATE utf8_bin DEFAULT NULL COMMENT '创建人',
  `ct_time` datetime DEFAULT NULL COMMENT '创建时间',
  `up_user_id` varchar(50) COLLATE utf8_bin DEFAULT NULL COMMENT '修改人',
  `up_time` datetime DEFAULT NULL COMMENT '修改时间',
  `sort` varchar(50) COLLATE utf8_bin DEFAULT NULL COMMENT '排序编号',
  `note` varchar(100) COLLATE utf8_bin DEFAULT NULL COMMENT '备注',
  `del` decimal(1,0) DEFAULT NULL COMMENT '删除标记',
  PRIMARY KEY (`pvg_id`)
) ENGINE=InnoDB DEFAULT CHARSET=utf8 COLLATE=utf8_bin COMMENT='权限表';

/*Data for the table `sys_privilege` */

insert  into `sys_privilege`(`pvg_id`,`pvg_pid`,`pvg_name`,`pvg_type`,`pvg_desc`,`allow_edit`,`allow_del`,`ct_user_id`,`ct_time`,`up_user_id`,`up_time`,`sort`,`note`,`del`) values ('0','','root','url','根权限','0','0',NULL,NULL,'admin','2016-10-17 22:36:21','','','0'),('0007cd56-ee4d-40e2-bdb1-64717ba3781b','8fdf3ae7-1be6-447a-8212-af30815385c1','权限组添加','url','权限组添加','1','1','admin','2016-10-20 00:01:36','admin','2016-10-20 00:23:20','','','0'),('00131316-864e-45fa-8001-17f7998d2073','4812d740-e771-4e24-9a54-4724d5f4a43f','职位是否存在',NULL,'职位是否存在','1','1','admin','2016-10-23 13:41:11',NULL,NULL,NULL,NULL,'0'),('010cfa64-9ddd-4982-96a5-c229e0a85e54','c932634a-d74d-4be4-b8f6-7c05912f61da','用户添加',NULL,'用户添加','1','1','admin','2016-10-23 22:31:00',NULL,NULL,NULL,NULL,'0'),('031d70d7-d83c-4c61-aedf-268ad55ba7d6','b89199ee-c651-4a50-8a6c-21ecb4c716d0','菜单是否存在',NULL,'菜单是否存在','1','1','admin','2016-11-08 21:51:21',NULL,NULL,NULL,NULL,'0'),('06ac369b-065a-4b3f-a132-2bfecb18f034','dbbb028e-e75b-4897-854f-3a6954912507','asdf','button','sdf','0','1','admin','2016-10-17 23:29:42',NULL,NULL,'asdf','asdf','1'),('0ca0618d-10d2-4d76-9c7e-291a0225d6cc','bedb93fd-6f47-4ec1-b403-b1f5e7c4fdd7','附件逻辑删除',NULL,'附件逻辑删除','1','1','admin','2016-11-20 19:09:41',NULL,NULL,NULL,NULL,'0'),('0d658563-f39a-43c3-b19f-85d4a8d53785','0007cd56-ee4d-40e2-bdb1-64717ba3781b','权限组是否存在','url','权限组是否存在','1','1','admin','2016-10-22 15:08:59','admin','2016-10-22 15:10:43','','','0'),('0d7fdd3c-719b-4f59-95d4-bec300358198','8fdf3ae7-1be6-447a-8212-af30815385c1','权限组分配权限',NULL,'权限组分配权限','1','1','admin','2016-10-20 00:21:44',NULL,NULL,NULL,NULL,'0'),('0df387cb-a37c-4b93-b224-340013abec84','eedf9660-5573-4cfe-bc56-ad7476727306','定时任务列表',NULL,'定时任务列表','1','1','admin','2016-12-04 23:07:53',NULL,NULL,NULL,NULL,'0'),('1','0','后台首页访问权限','url','后台首页访问权限','1','1','admin','2016-09-08 00:00:00','admin','2016-10-22 12:09:08','1','sss','0'),('10002684-31de-45ed-947c-fada0581066a','4d18e178-b204-4eb9-bb50-8241cabb4b38','菜单树',NULL,'菜单树','1','1','admin','2016-11-08 21:51:49',NULL,NULL,NULL,NULL,'0'),('11937864-530a-4fdc-9980-6191431155ee','2513b0cc-d92e-49b4-b0e1-2c9abb3877f6','机构修改',NULL,'机构修改','1','1','admin','2016-10-23 19:45:08',NULL,NULL,NULL,NULL,'0'),('127defbc-6225-49cf-ac75-e6e3d29e4cc5','7','test','button','test','1','1','admin','2016-10-17 21:30:50','admin','2016-10-17 22:29:39','test','test','1'),('12c9903e-40f1-498d-9104-1aaf8910d2e0','f6eee9df-1f3e-4722-9246-6cf55a905a67','角色组分配角色保存',NULL,'角色组分配角色保存','1','1','admin','2016-10-23 10:49:12',NULL,NULL,NULL,NULL,'0'),('197b6dcc-6008-4988-aedf-b230ccf0beb3','8405caab-b5fa-4ea6-8238-0b773ec3c0d8','机构分配角色组保存',NULL,'机构分配角色组保存','1','1','admin','2016-10-25 22:06:55',NULL,NULL,NULL,NULL,'0'),('1b9441eb-2297-4df5-ab5e-50e030dd6dff','81c0ca58-0e0d-48cb-b3bb-e0c3e0aa8a68','参数添加',NULL,'参数添加','1','1','admin','2016-12-20 20:45:49',NULL,NULL,NULL,NULL,'0'),('2','4ffe6df4-e24d-4346-ab70-63bf7488aa88','资源管理访问权限','url','资源管理访问权限','1','1','admin','2016-09-09 00:00:00','admin','2016-11-17 23:18:13','1','','0'),('204c5e2d-396e-4a7c-9d92-bfc584abec99','74aa11d2-0a91-4dbe-8ad5-f002712d25db','日志删除',NULL,'日志删除','1','1','admin','2016-12-19 22:03:12',NULL,NULL,NULL,NULL,'0'),('219586cb-0181-4a64-921b-cb4973647c0d','c932634a-d74d-4be4-b8f6-7c05912f61da','用户分配角色组',NULL,'用户分配角色组','1','1','admin','2016-10-25 22:41:02',NULL,NULL,NULL,NULL,'0'),('23f5dd8f-8b72-4396-83b5-5dca64a4484d','dbbb028e-e75b-4897-854f-3a6954912507','asdfasdf','url','asdfasdf','1','1','admin','2016-10-17 23:10:26',NULL,NULL,'asdf','asdf','1'),('2513b0cc-d92e-49b4-b0e1-2c9abb3877f6','4ffe6df4-e24d-4346-ab70-63bf7488aa88','机构管理','url','机构管理','1','1','admin','2016-10-23 19:36:46','admin','2016-11-17 23:12:35','','','0'),('291d45be-6599-499e-8975-9b955fa371fe','ae4f8e00-0759-4689-bab8-6a5f9ebcd9c1','职位列表',NULL,'职位列表','1','1','admin','2016-10-23 13:36:04',NULL,NULL,NULL,NULL,'0'),('2bdb38d9-57fe-4cd9-a547-55cac5c5645b','c932634a-d74d-4be4-b8f6-7c05912f61da','用户详情',NULL,'用户详情','1','1','admin','2016-10-23 22:32:08',NULL,NULL,NULL,NULL,'0'),('3','2','资源列表访问权限',NULL,'资源列表访问权限','1','1','admin','2016-09-11 00:00:00',NULL,NULL,'1',NULL,'0'),('3058a96d-c83a-4963-adad-67a1424c5b0c','8fdf3ae7-1be6-447a-8212-af30815385c1','权限组列表',NULL,'权限组列表','1','1','admin','2016-10-19 22:58:50',NULL,NULL,NULL,NULL,'0'),('39f1fcc4-d134-465a-bd25-07e9375fc7d2','c932634a-d74d-4be4-b8f6-7c05912f61da','用户管理组织机构树',NULL,'用户管理组织机构树','1','1','admin','2016-10-27 21:08:40',NULL,NULL,NULL,NULL,'0'),('3b575699-f1de-4024-9659-c5b4e7795ed9','c932634a-d74d-4be4-b8f6-7c05912f61da','用户管理分配挂载部门',NULL,'用户管理分配挂载部门','1','1','admin','2016-10-27 22:52:31',NULL,NULL,NULL,NULL,'0'),('3c303ae8-ba46-43e9-a8f2-fb6367015382','c932634a-d74d-4be4-b8f6-7c05912f61da','用户分配角色',NULL,'用户分配角色','1','1','admin','2016-10-25 22:40:06',NULL,NULL,NULL,NULL,'0'),('3da369f3-f081-403b-936f-db19be898048','c932634a-d74d-4be4-b8f6-7c05912f61da','用户修改',NULL,'用户修改','1','1','admin','2016-10-23 22:31:32',NULL,NULL,NULL,NULL,'0'),('4','3','资源添加权限',NULL,'资源添加权限','1','1','admin','2016-09-18 21:47:17',NULL,NULL,'1',NULL,'0'),('470e1f26-40d7-4e09-8a1e-ad20cf1db5a2','e7ec535b-7d35-4ce5-b7b6-a6c5c428c223','权限删除','url','权限删除','1','1','admin','2016-10-17 23:32:05','admin','2016-10-17 23:32:41','','','0'),('4812d740-e771-4e24-9a54-4724d5f4a43f','ae4f8e00-0759-4689-bab8-6a5f9ebcd9c1','职位添加',NULL,'职位添加','1','1','admin','2016-10-23 13:36:48',NULL,NULL,NULL,NULL,'0'),('4af19032-7b92-4753-aa47-2a98aabcfcb6','74038f5e-5e99-40ad-a2b0-39a1295fcb14','用户分配职位保存',NULL,'用户分配职位保存','1','1','admin','2016-10-28 23:56:19',NULL,NULL,NULL,NULL,'0'),('4d18e178-b204-4eb9-bb50-8241cabb4b38','a79cc37a-06a8-49fa-a0b8-f83241079a59','菜单管理','url','菜单管理','1','1','admin','2016-11-08 21:47:22','admin','2016-11-17 23:17:06','','','0'),('4ffe6df4-e24d-4346-ab70-63bf7488aa88','0','机构权限',NULL,'机构权限','1','1','admin','2016-11-17 22:44:27',NULL,NULL,NULL,NULL,'0'),('5','3','资源树数据权限',NULL,'资源树数据权限','1','1','admin','2016-09-20 23:49:29',NULL,NULL,'1',NULL,'0'),('511bb277-e864-4ef0-89e2-67f9092ce2b9','2513b0cc-d92e-49b4-b0e1-2c9abb3877f6','机构树',NULL,'机构树','1','1','admin','2016-10-23 19:47:28',NULL,NULL,NULL,NULL,'0'),('52ae91c4-cb11-4bfd-903f-6fda6e95b70c','bedb93fd-6f47-4ec1-b403-b1f5e7c4fdd7','附件物理删除',NULL,'附件物理删除','1','1','admin','2016-11-20 19:10:06',NULL,NULL,NULL,NULL,'0'),('538baee1-096e-46d1-ae94-325b5562076b','2513b0cc-d92e-49b4-b0e1-2c9abb3877f6','机构添加',NULL,'机构添加','1','1','admin','2016-10-23 19:44:05',NULL,NULL,NULL,NULL,'0'),('5598ec75-8499-4330-8f2a-9fb3ec514cc9','0df387cb-a37c-4b93-b224-340013abec84','定时任务执行',NULL,'定时任务执行','1','1','admin','2016-12-08 00:22:53',NULL,NULL,NULL,NULL,'0'),('5695304c-a146-48e0-832e-3c666244bce3','dbbb028e-e75b-4897-854f-3a6954912507','asdf','button','asdf','0','1','admin','2016-10-17 23:17:56',NULL,NULL,'asdf','asdf','1'),('57b24278-2106-4d8c-bd4f-f62f83402ea9','a9719e24-dddd-4570-929c-2d2492660f2b','角色组管理','url','角色组管理','1','1','admin','2016-10-22 23:06:43','admin','2016-11-17 23:17:37','','','0'),('57cc8c12-b934-4a0e-8e80-7ba7d7ad411f','57b24278-2106-4d8c-bd4f-f62f83402ea9','角色组添加',NULL,'角色组添加','1','1','admin','2016-10-22 23:08:38',NULL,NULL,NULL,NULL,'0'),('57dd704d-b1b9-46d7-bc58-def418077e87','c932634a-d74d-4be4-b8f6-7c05912f61da','管理员修改用户密码',NULL,'管理员修改用户密码','1','1','admin','2016-10-29 10:26:47',NULL,NULL,NULL,NULL,'0'),('57ebac68-f3de-4027-ab5f-8cc0cc2f578d','1','afs','url','asdf','1','1','admin','2016-10-17 23:13:38',NULL,NULL,'asdf','asdf','1'),('5a1671f1-16be-4007-8118-a1c4aaf125e5','57cc8c12-b934-4a0e-8e80-7ba7d7ad411f','角色组是否存在','url','角色组是否存在','1','1','admin','2016-10-22 23:12:09','admin','2016-10-22 23:14:58','','','0'),('5d248e17-0105-47c2-8476-ef8ea302ee4b','2513b0cc-d92e-49b4-b0e1-2c9abb3877f6','机构详情',NULL,'机构详情','1','1','admin','2016-10-23 19:46:52',NULL,NULL,NULL,NULL,'0'),('5d52d8c5-584e-43ab-8f13-439b50b7cf40','dbbb028e-e75b-4897-854f-3a6954912507','asdf','url','asdf','1','1','admin','2016-10-17 23:10:53',NULL,NULL,'asdf','asdf','1'),('6','0','API','button','API','1','1','admin','2016-09-22 00:28:57','admin','2016-10-20 22:07:26','1','test','0'),('64381cb7-f044-41b9-816d-55b60e76ff2b','81c0ca58-0e0d-48cb-b3bb-e0c3e0aa8a68','参数树',NULL,'参数树','1','1','admin','2016-12-20 20:45:28',NULL,NULL,NULL,NULL,'0'),('65dd0d89-c0e0-4af5-b0ce-d09008b04f5c','c932634a-d74d-4be4-b8f6-7c05912f61da','用户删除',NULL,'用户删除','1','1','admin','2016-10-23 22:32:41',NULL,NULL,NULL,NULL,'0'),('66371996-3bf6-4c45-b277-7f3688a567f3','6','图片读取',NULL,'图片读取','1','1','admin','2016-11-20 15:58:23',NULL,NULL,NULL,NULL,'0'),('66c64371-bc77-4554-b3cc-9da7ee1325ca','219586cb-0181-4a64-921b-cb4973647c0d','用户分配角色组保存',NULL,'用户分配角色组保存','1','1','admin','2016-10-25 22:42:09',NULL,NULL,NULL,NULL,'0'),('66d7d61a-bcbd-4688-9532-784a2fb90c80','81c0ca58-0e0d-48cb-b3bb-e0c3e0aa8a68','参数详情',NULL,'参数详情','1','1','admin','2016-12-20 20:47:10',NULL,NULL,NULL,NULL,'0'),('6bfb65d5-bea7-4e7e-b55a-61e4879460ec','e7ec535b-7d35-4ce5-b7b6-a6c5c428c223','权限列表访问权限',NULL,'权限列表访问权限','1','1','admin','2016-10-09 22:45:00',NULL,NULL,NULL,NULL,'0'),('6d62b548-8bb3-43e9-a8dd-b3801e79ba1b','4d18e178-b204-4eb9-bb50-8241cabb4b38','菜单详情',NULL,'菜单详情','1','1','admin','2016-11-08 21:50:24',NULL,NULL,NULL,NULL,'0'),('6e401340-9776-47c1-996e-142bdc022139','4ffe6df4-e24d-4346-ab70-63bf7488aa88','权限相关',NULL,'权限相关','1','1','admin','2016-11-17 22:57:47',NULL,NULL,NULL,NULL,'0'),('6f505f68-bf33-4d33-a568-ca5edc0c44c6','f358077b-f47a-4db3-be44-fcf35eb6655d','角色分配权限组',NULL,'角色分配权限组','1','1','admin','2016-10-22 18:50:55',NULL,NULL,NULL,NULL,'0'),('7','6','API附件上传',NULL,'API附件上传','1','1','admin','2016-09-22 00:28:59',NULL,NULL,'1',NULL,'0'),('71ec0c9a-5b7b-481a-8913-8b25f0b2d927','6f505f68-bf33-4d33-a568-ca5edc0c44c6','角色分配权限组保存',NULL,'角色分配权限组保存','1','1','admin','2016-10-22 20:42:05',NULL,NULL,NULL,NULL,'0'),('740314fb-71e7-46a8-8a1f-1f0cdfd63771','f358077b-f47a-4db3-be44-fcf35eb6655d','角色权限分配保存',NULL,'角色权限分配持久化保存','1','1','admin','2016-10-19 00:27:30',NULL,NULL,NULL,NULL,'0'),('74038f5e-5e99-40ad-a2b0-39a1295fcb14','c932634a-d74d-4be4-b8f6-7c05912f61da','用户分配职位',NULL,'用户分配职位','1','1','admin','2016-10-28 23:55:45',NULL,NULL,NULL,NULL,'0'),('740f960a-4999-459d-9cd8-2ae251a2e7a7','2513b0cc-d92e-49b4-b0e1-2c9abb3877f6','机构列表',NULL,'机构列表','1','1','admin','2016-10-23 19:37:30',NULL,NULL,NULL,NULL,'0'),('74aa11d2-0a91-4dbe-8ad5-f002712d25db','e196cbf8-3c51-47cb-ae19-f5ceb1cb4cb9','日志列表',NULL,'日志列表','1','1','admin','2016-12-19 00:13:41',NULL,NULL,NULL,NULL,'0'),('760dcbeb-376d-403c-aea8-15cf0336d171','f358077b-f47a-4db3-be44-fcf35eb6655d','角色列表',NULL,'角色列表','1','1','admin','2016-10-18 21:46:27',NULL,NULL,NULL,NULL,'0'),('7650d4c6-021b-4921-b40d-47e6dc699811','f358077b-f47a-4db3-be44-fcf35eb6655d','角色详情',NULL,'角色详情','1','1','admin','2016-10-18 22:40:34',NULL,NULL,NULL,NULL,'0'),('76537e7d-22f0-45fb-9f81-4072378b4d21','3','资源修改权限',NULL,'资源修改权限','1','1','admin','2016-09-27 22:54:05',NULL,NULL,'1',NULL,'0'),('76537e7d-22f0-45fb-9f81-4072378b4d22','3','资源详情权限',NULL,'资源详情权限','1','1','admin','2016-09-27 22:54:07',NULL,NULL,'1',NULL,'0'),('76537e7d-22f0-45fb-9f81-4072378b4d23','3','资源删除权限',NULL,'资源删除权限','1','1','admin','2016-09-27 22:54:09',NULL,NULL,'1',NULL,'0'),('77a8e016-26ed-4d33-ac26-94279a318807','ae4f8e00-0759-4689-bab8-6a5f9ebcd9c1','职位删除',NULL,'职位删除','1','1','admin','2016-10-23 13:40:28',NULL,NULL,NULL,NULL,'0'),('7b68c6ab-29d4-48c1-a250-abe12fd92ec4','e8be5f11-73f4-4d40-8293-0b8a1463ea47','角色是否存在',NULL,'角色是否存在','1','1','admin','2016-10-18 21:48:59',NULL,NULL,NULL,NULL,'0'),('7b70a90a-5318-406d-9008-5f01ac6248ae','010cfa64-9ddd-4982-96a5-c229e0a85e54','用户是否存在',NULL,'用户是否存在','1','1','admin','2016-10-23 22:33:15',NULL,NULL,NULL,NULL,'0'),('7fecc1e8-f339-4614-a1fb-f48191d91147','0df387cb-a37c-4b93-b224-340013abec84','定时任务暂停',NULL,'定时任务暂停','1','1','admin','2016-12-08 00:22:17',NULL,NULL,NULL,NULL,'0'),('801716d0-b6af-4095-aa99-dc6ba7e945e8','bedb93fd-6f47-4ec1-b403-b1f5e7c4fdd7','附件列表',NULL,'附件列表','1','1','admin','2016-11-20 19:08:58',NULL,NULL,NULL,NULL,'0'),('81c0ca58-0e0d-48cb-b3bb-e0c3e0aa8a68','a79cc37a-06a8-49fa-a0b8-f83241079a59','参数管理',NULL,'参数管理','1','1','admin','2016-12-20 20:44:42',NULL,NULL,NULL,NULL,'0'),('8405caab-b5fa-4ea6-8238-0b773ec3c0d8','2513b0cc-d92e-49b4-b0e1-2c9abb3877f6','机构分配角色组',NULL,'机构分配角色组','1','1','admin','2016-10-25 22:05:49',NULL,NULL,NULL,NULL,'0'),('88294604-f5ab-45a4-91f3-677ced613e11','e7ec535b-7d35-4ce5-b7b6-a6c5c428c223','权限修改访问权限',NULL,'权限修改访问权限','1','1','admin','2016-10-09 22:47:09',NULL,NULL,NULL,NULL,'0'),('8a858f74-426f-4d2d-8197-71692d71d269','0df387cb-a37c-4b93-b224-340013abec84','定时任务恢复',NULL,'定时任务恢复','1','1','admin','2016-12-18 23:34:32',NULL,NULL,NULL,NULL,'0'),('8b8441d2-80a6-415a-99ae-4e253168ebe6','a1268cfa-e4d8-4b57-8cda-364567ec6fb2','职位角色组分配保存',NULL,'职位角色组分配保存','1','1','admin','2016-10-25 21:39:49',NULL,NULL,NULL,NULL,'0'),('8b95f70f-4f50-409b-bf00-faf7059d2d84','a2ef2557-6804-4023-a11a-978c06876e2f','机构分配角色保存',NULL,'机构分配角色保存','1','1','admin','2016-10-25 22:06:17',NULL,NULL,NULL,NULL,'0'),('8cb8e995-7558-42b2-bfee-e2eb7ac00ac5','8fdf3ae7-1be6-447a-8212-af30815385c1','权限组删除',NULL,'权限组删除','1','1','admin','2016-10-20 00:20:37',NULL,NULL,NULL,NULL,'0'),('8e1073a4-fa36-43df-af19-21ca55116520','4d18e178-b204-4eb9-bb50-8241cabb4b38','菜单列表',NULL,'菜单列表','1','1','admin','2016-11-08 21:47:58',NULL,NULL,NULL,NULL,'0'),('8fdf3ae7-1be6-447a-8212-af30815385c1','6e401340-9776-47c1-996e-142bdc022139','权限组管理','url','权限组管理','1','1','admin','2016-10-19 22:17:08','admin','2016-11-17 23:13:54','','','0'),('9048bdaa-8caf-4801-8392-d7a7e1389c3d','eedf9660-5573-4cfe-bc56-ad7476727306','定时任务编辑',NULL,'定时任务编辑','1','1','admin','2016-12-04 23:08:41',NULL,NULL,NULL,NULL,'0'),('93f55be3-4c5e-47ad-947e-13f13720e7dc','d0124e7b-0451-418b-8609-e59a5dc0cc3c','数据库连接池首页',NULL,'数据库连接池首页','1','1','admin','2016-10-31 22:11:04',NULL,NULL,NULL,NULL,'0'),('9626bd2f-8719-4f5a-8d1b-d31de9415ee0','4d18e178-b204-4eb9-bb50-8241cabb4b38','菜单删除',NULL,'菜单删除','1','1','admin','2016-11-08 21:50:44',NULL,NULL,NULL,NULL,'0'),('96c23912-a136-4bdd-8c66-eabc51c06a24','57b24278-2106-4d8c-bd4f-f62f83402ea9','角色组列表',NULL,'角色组列表','1','1','admin','2016-10-22 23:07:45',NULL,NULL,NULL,NULL,'0'),('98541127-1836-4bcc-8537-a2292364f43f','ae4f8e00-0759-4689-bab8-6a5f9ebcd9c1','职位修改',NULL,'职位修改','1','1','admin','2016-10-23 13:37:32',NULL,NULL,NULL,NULL,'0'),('9a138e7f-630e-4b7e-8912-90ae3e343aed','4d18e178-b204-4eb9-bb50-8241cabb4b38','菜单修改',NULL,'菜单修改','1','1','admin','2016-11-08 21:49:59',NULL,NULL,NULL,NULL,'0'),('9a29b605-307c-432b-8b82-df807770bb46','ea273d77-74fb-462a-a812-52a408d81e2c','权限是否存在',NULL,'权限是否存在','1','1','admin','2016-10-09 22:39:54',NULL,NULL,NULL,NULL,'0'),('9d65113b-db6f-4c6e-8c05-4625b82043ad','4d18e178-b204-4eb9-bb50-8241cabb4b38','菜单资源树',NULL,'菜单资源树','1','1','admin','2016-11-08 23:04:45',NULL,NULL,NULL,NULL,'0'),('a1268cfa-e4d8-4b57-8cda-364567ec6fb2','ae4f8e00-0759-4689-bab8-6a5f9ebcd9c1','职位分配角色组',NULL,'职位分配角色组','1','1','admin','2016-10-25 21:38:14',NULL,NULL,NULL,NULL,'0'),('a2ef2557-6804-4023-a11a-978c06876e2f','2513b0cc-d92e-49b4-b0e1-2c9abb3877f6','机构分配角色',NULL,'机构分配角色','1','1','admin','2016-10-25 22:05:29',NULL,NULL,NULL,NULL,'0'),('a79cc37a-06a8-49fa-a0b8-f83241079a59','0','系统管理',NULL,'系统管理','1','1','admin','2016-11-17 22:44:43',NULL,NULL,NULL,NULL,'0'),('a8961999-0d41-49a9-9570-edf8728da220','ca3d0aec-e6af-427c-8b83-436e688965a2','职位角色分配保存',NULL,'职位角色分配保存','1','1','admin','2016-10-25 21:39:06',NULL,NULL,NULL,NULL,'0'),('a8a74cfe-6140-4af7-8291-afa96d9840f0','81c0ca58-0e0d-48cb-b3bb-e0c3e0aa8a68','参数修改',NULL,'参数修改','1','1','admin','2016-12-20 20:46:15',NULL,NULL,NULL,NULL,'0'),('a9719e24-dddd-4570-929c-2d2492660f2b','4ffe6df4-e24d-4346-ab70-63bf7488aa88','角色相关',NULL,'角色相关','1','1','admin','2016-11-17 22:58:23',NULL,NULL,NULL,NULL,'0'),('ad5e1192-0e62-4fca-92e5-2afae3492d16','e7ec535b-7d35-4ce5-b7b6-a6c5c428c223','权限详情访问权限',NULL,'权限详情访问权限','1','1','admin','2016-10-09 22:47:51',NULL,NULL,NULL,NULL,'0'),('ad83ebed-9e03-4d60-ab47-d03159689fde','3b575699-f1de-4024-9659-c5b4e7795ed9','用户管理分配挂载部门保存',NULL,'用户管理分配挂载部门保存','1','1','admin','2016-10-27 22:53:20',NULL,NULL,NULL,NULL,'0'),('ada0b5ff-d94c-48d0-8f51-71adaf62e1b9','eedf9660-5573-4cfe-bc56-ad7476727306','定时任务删除',NULL,'定时任务删除','1','1','admin','2016-12-04 23:09:21',NULL,NULL,NULL,NULL,'0'),('ae4f8e00-0759-4689-bab8-6a5f9ebcd9c1','4ffe6df4-e24d-4346-ab70-63bf7488aa88','职位管理','url','职位管理','1','1','admin','2016-10-23 13:35:22','admin','2016-11-17 23:16:54','','','0'),('b1497ee8-4638-4c71-9609-eaf405819b59','f358077b-f47a-4db3-be44-fcf35eb6655d','角色权限树',NULL,'角色权限树','1','1','admin','2016-10-18 23:23:48',NULL,NULL,NULL,NULL,'0'),('b53f8503-8fa7-46b1-bcc4-62bd1d0f4d74','3c303ae8-ba46-43e9-a8f2-fb6367015382','用户分配角色保存',NULL,'用户分配角色保存','1','1','admin','2016-10-25 22:41:37',NULL,NULL,NULL,NULL,'0'),('b6dcf433-190f-4f43-a83c-07ef1632f757','8fdf3ae7-1be6-447a-8212-af30815385c1','权限组修改',NULL,'权限组修改','1','1','admin','2016-10-20 00:17:28',NULL,NULL,NULL,NULL,'0'),('b89199ee-c651-4a50-8a6c-21ecb4c716d0','4d18e178-b204-4eb9-bb50-8241cabb4b38','菜单添加',NULL,'菜单添加','1','1','admin','2016-11-08 21:49:34',NULL,NULL,NULL,NULL,'0'),('ba17826c-cb3d-4151-bcba-06fd43cf7ffb','2513b0cc-d92e-49b4-b0e1-2c9abb3877f6','组织机构分配职位',NULL,'组织机构分配职位','1','1','admin','2016-10-28 00:00:20',NULL,NULL,NULL,NULL,'0'),('bedb93fd-6f47-4ec1-b403-b1f5e7c4fdd7','a79cc37a-06a8-49fa-a0b8-f83241079a59','附件管理',NULL,'附件管理','1','1','admin','2016-11-20 19:08:14',NULL,NULL,NULL,NULL,'0'),('c340d04f-1302-4252-bed3-25a2422f5a55','57b24278-2106-4d8c-bd4f-f62f83402ea9','角色组修改',NULL,'角色组修改','1','1','admin','2016-10-22 23:09:11',NULL,NULL,NULL,NULL,'0'),('c3468490-13d3-4698-9a4f-255ce82a121a','e7ec535b-7d35-4ce5-b7b6-a6c5c428c223','权限树',NULL,'权限树','1','1','admin','2016-10-09 22:49:57',NULL,NULL,NULL,NULL,'0'),('c461cae7-ea69-415d-add4-68b79ff7d870','538baee1-096e-46d1-ae94-325b5562076b','机构是否存在',NULL,'机构是否存在','1','1','admin','2016-10-23 19:47:59',NULL,NULL,NULL,NULL,'0'),('c89bd52b-91bf-4b3f-ab3a-aa990ff27097','eedf9660-5573-4cfe-bc56-ad7476727306','定时任务详情',NULL,'定时任务详情','1','1','admin','2016-12-04 23:09:04',NULL,NULL,NULL,NULL,'0'),('c932634a-d74d-4be4-b8f6-7c05912f61da','4ffe6df4-e24d-4346-ab70-63bf7488aa88','用户管理','url','用户管理','1','1','admin','2016-10-23 22:29:37','admin','2016-11-17 23:16:38','','','0'),('ca3d0aec-e6af-427c-8b83-436e688965a2','ae4f8e00-0759-4689-bab8-6a5f9ebcd9c1','职位角色分配',NULL,'职位角色分配','1','1','admin','2016-10-25 21:37:26',NULL,NULL,NULL,NULL,'0'),('ca90d58d-90ed-4164-a6c7-0f31ad6ecfce','eedf9660-5573-4cfe-bc56-ad7476727306','定时任务添加',NULL,'定时任务添加','1','1','admin','2016-12-04 23:08:22',NULL,NULL,NULL,NULL,'0'),('cddae8f4-cf3f-45e5-8efd-7a91f13ce116','81c0ca58-0e0d-48cb-b3bb-e0c3e0aa8a68','参数删除',NULL,'参数删除','1','1','admin','2016-12-20 20:46:42',NULL,NULL,NULL,NULL,'0'),('cf603151-e25a-4e17-b0e2-28df7a10434c','f358077b-f47a-4db3-be44-fcf35eb6655d','角色删除',NULL,'角色删除','1','1','admin','2016-10-18 21:47:07',NULL,NULL,NULL,NULL,'0'),('d0124e7b-0451-418b-8609-e59a5dc0cc3c','a79cc37a-06a8-49fa-a0b8-f83241079a59','druid数据库连接池','url','druid数据库连接池','1','1','admin','2016-10-31 22:08:08','admin','2016-11-17 23:19:10','','','0'),('d04216e6-3945-4ce3-827c-cd9803e41e9d','ba17826c-cb3d-4151-bcba-06fd43cf7ffb','组织机构分配职位保存',NULL,'组织机构分配职位保存','1','1','admin','2016-10-28 00:01:18',NULL,NULL,NULL,NULL,'0'),('d21c0ab8-c7f5-4a83-b3f5-9fba1693f04d','bedb93fd-6f47-4ec1-b403-b1f5e7c4fdd7','附件详情',NULL,'附件详情','1','1','admin','2016-11-20 19:10:36',NULL,NULL,NULL,NULL,'0'),('d330b290-81d6-4069-8eda-2814c756171a','dbbb028e-e75b-4897-854f-3a6954912507','asdf','url','asdf','0','1','admin','2016-10-17 23:15:38',NULL,NULL,'asdf','asdf','1'),('d3625781-2eb5-4645-ae58-d5708ebd8546','f358077b-f47a-4db3-be44-fcf35eb6655d','角色修改',NULL,'角色修改','1','1','admin','2016-10-18 21:48:05',NULL,NULL,NULL,NULL,'0'),('db6d5283-4293-400f-9a6c-01b2d90a740d','ae4f8e00-0759-4689-bab8-6a5f9ebcd9c1','职位详情',NULL,'职位详情','1','1','admin','2016-10-23 13:39:51',NULL,NULL,NULL,NULL,'0'),('dbbb028e-e75b-4897-854f-3a6954912507','4','验证资源是否存在权限',NULL,'验证资源是否存在','1','1','admin','2016-09-25 13:46:22',NULL,NULL,'1',NULL,'0'),('de80089c-77c8-4aec-8efc-2c0b37d9fe6f','f358077b-f47a-4db3-be44-fcf35eb6655d','角色权限分配',NULL,'角色权限分配','1','1','admin','2016-10-18 23:12:02',NULL,NULL,NULL,NULL,'0'),('e196cbf8-3c51-47cb-ae19-f5ceb1cb4cb9','a79cc37a-06a8-49fa-a0b8-f83241079a59','日志管理',NULL,'日志管理','1','1','admin','2016-12-19 00:11:01',NULL,NULL,NULL,NULL,'0'),('e2e62ef0-e459-4757-91c1-b3c9a96cf76b','57b24278-2106-4d8c-bd4f-f62f83402ea9','角色组详情',NULL,'角色组详情','1','1','admin','2016-10-22 23:11:11',NULL,NULL,NULL,NULL,'0'),('e36ac3a9-d84f-4bc9-b825-06f76acfa39f','8fdf3ae7-1be6-447a-8212-af30815385c1','权限组分配权限树',NULL,'权限组分配权限树','1','1','admin','2016-10-20 00:43:02',NULL,NULL,NULL,NULL,'0'),('e727ec25-9067-409e-8d85-e63b24f1099a','0d7fdd3c-719b-4f59-95d4-bec300358198','权限组分配保存','url','权限组分配保存持久化','1','1','admin','2016-10-20 00:41:41','admin','2016-10-22 23:19:02','','','0'),('e7ec535b-7d35-4ce5-b7b6-a6c5c428c223','6e401340-9776-47c1-996e-142bdc022139','权限管理访问权限','url','权限管理访问权限','1','1','admin','2016-10-08 21:24:28','admin','2016-11-17 23:16:18','1','','0'),('e8be5f11-73f4-4d40-8293-0b8a1463ea47','f358077b-f47a-4db3-be44-fcf35eb6655d','角色添加',NULL,'角色添加','1','1','admin','2016-10-18 21:45:55',NULL,NULL,NULL,NULL,'0'),('ea273d77-74fb-462a-a812-52a408d81e2c','e7ec535b-7d35-4ce5-b7b6-a6c5c428c223','权限添加访问权限',NULL,'权限添加访问权限','1','1','admin','2016-10-09 22:46:23',NULL,NULL,NULL,NULL,'0'),('ea9eac79-0ff9-4bc8-8e1d-6e570758260a','2513b0cc-d92e-49b4-b0e1-2c9abb3877f6','机构删除',NULL,'机构删除','1','1','admin','2016-10-23 19:46:23',NULL,NULL,NULL,NULL,'0'),('eaf20d81-6da5-4913-a7cf-1af672f84653','74aa11d2-0a91-4dbe-8ad5-f002712d25db','日志清空',NULL,'日志清空','1','1','admin','2016-12-19 22:03:36',NULL,NULL,NULL,NULL,'0'),('ec86d695-342e-46bc-9e8f-b9d3548067c7','57b24278-2106-4d8c-bd4f-f62f83402ea9','角色组删除',NULL,'角色组删除','1','1','admin','2016-10-22 23:09:57',NULL,NULL,NULL,NULL,'0'),('ed3c1476-b9e4-46ef-bf0a-4b35b6c5dcef','8fdf3ae7-1be6-447a-8212-af30815385c1','权限组详情',NULL,'权限组详情','1','1','admin','2016-10-20 00:21:12',NULL,NULL,NULL,NULL,'0'),('eedf9660-5573-4cfe-bc56-ad7476727306','a79cc37a-06a8-49fa-a0b8-f83241079a59','定时任务管理',NULL,'定时任务管理','1','1','admin','2016-12-04 23:05:33',NULL,NULL,NULL,NULL,'0'),('f358077b-f47a-4db3-be44-fcf35eb6655d','a9719e24-dddd-4570-929c-2d2492660f2b','角色管理','url','角色管理','1','1','admin','2016-10-18 21:44:48','admin','2016-11-17 23:17:58','','','0'),('f526f1ba-4d97-4349-a2d1-9220f7aea6f8','c932634a-d74d-4be4-b8f6-7c05912f61da','用户列表',NULL,'用户列表','1','1','admin','2016-10-23 22:30:26',NULL,NULL,NULL,NULL,'0'),('f6eee9df-1f3e-4722-9246-6cf55a905a67','57b24278-2106-4d8c-bd4f-f62f83402ea9','角色组分配权限',NULL,'角色组分配权限','1','1','admin','2016-10-23 09:40:00',NULL,NULL,NULL,NULL,'0');

/*Table structure for table `sys_pvg_pvggroup` */

DROP TABLE IF EXISTS `sys_pvg_pvggroup`;

CREATE TABLE `sys_pvg_pvggroup` (
  `id` varchar(50) COLLATE utf8_bin NOT NULL COMMENT '记录标识',
  `pg_id` varchar(50) COLLATE utf8_bin DEFAULT NULL COMMENT '权限组ID',
  `pvg_id` varchar(50) COLLATE utf8_bin DEFAULT NULL COMMENT '权限ID',
  `create_time` datetime DEFAULT NULL COMMENT '创建时间',
  PRIMARY KEY (`id`)
) ENGINE=InnoDB DEFAULT CHARSET=utf8 COLLATE=utf8_bin;

/*Data for the table `sys_pvg_pvggroup` */

insert  into `sys_pvg_pvggroup`(`id`,`pg_id`,`pvg_id`,`create_time`) values ('07d122e4-c602-40b0-80f6-8884bea7152b','ff4d05ff-93a4-459d-bda9-8f8970802e44','2','2016-10-22 18:49:10'),('07e1afd5-a9c9-4520-961f-afb08e9b6fdd','ff4d05ff-93a4-459d-bda9-8f8970802e44','0','2016-10-22 18:49:09'),('211dd1ce-b0dc-46f8-a5a8-89cff8843995','0355520f-e820-4747-91de-d0eabb216e5c','6','2016-10-22 18:48:54'),('3b2f1011-da40-493d-8483-1061dd305adf','ff4d05ff-93a4-459d-bda9-8f8970802e44','76537e7d-22f0-45fb-9f81-4072378b4d22','2016-10-22 18:49:10'),('63f9ae9c-1dbb-412d-a771-a8dc6a4e0d1f','ff4d05ff-93a4-459d-bda9-8f8970802e44','1','2016-10-22 18:49:10'),('695238ff-4954-4693-8bbd-ffa664d68917','0355520f-e820-4747-91de-d0eabb216e5c','7','2016-10-22 18:48:54'),('6d8d4ff8-d501-428e-aeb6-1d73165b60f8','ff4d05ff-93a4-459d-bda9-8f8970802e44','5','2016-10-22 18:49:10'),('70ddc6d3-a282-4660-9a85-5d2fa695cdca','ff4d05ff-93a4-459d-bda9-8f8970802e44','76537e7d-22f0-45fb-9f81-4072378b4d21','2016-10-22 18:49:10'),('7434220a-0c2a-4b40-9bfd-d9934d13e81a','ff4d05ff-93a4-459d-bda9-8f8970802e44','4','2016-10-22 18:49:10'),('80d353a1-c64f-4abe-9505-b7fe8461bae7','ff4d05ff-93a4-459d-bda9-8f8970802e44','76537e7d-22f0-45fb-9f81-4072378b4d23','2016-10-22 18:49:10'),('9839239f-f7df-40d4-932e-bc483acf5d5b','a5fb371e-d4b0-48fb-9774-bb19dac2f676','7','2016-10-25 22:58:14'),('b2d776a7-c4a3-496b-861a-d92b0bfe71e5','a5fb371e-d4b0-48fb-9774-bb19dac2f676','6','2016-10-25 22:58:14'),('c9bc8c31-8bd2-47a1-83a5-34b09440c5fd','ff4d05ff-93a4-459d-bda9-8f8970802e44','dbbb028e-e75b-4897-854f-3a6954912507','2016-10-22 18:49:10'),('d7e2012c-3573-4be5-87b8-0e186ccf1cbf','0355520f-e820-4747-91de-d0eabb216e5c','0','2016-10-22 18:48:54'),('dbe4e416-df01-40b4-a667-40a17fe95e99','a5fb371e-d4b0-48fb-9774-bb19dac2f676','0','2016-10-25 22:58:14'),('ec98f00d-bd56-4720-83fb-f18145ea5794','ff4d05ff-93a4-459d-bda9-8f8970802e44','3','2016-10-22 18:49:10');

/*Table structure for table `sys_pvggroup` */

DROP TABLE IF EXISTS `sys_pvggroup`;

CREATE TABLE `sys_pvggroup` (
  `pg_id` varchar(50) COLLATE utf8_bin NOT NULL COMMENT '记录标识',
  `pg_name` varchar(100) COLLATE utf8_bin DEFAULT NULL COMMENT '权限组名称',
  `pg_desc` varchar(100) COLLATE utf8_bin DEFAULT NULL COMMENT '权限组描述',
  `create_time` datetime DEFAULT NULL COMMENT '创建时间',
  `note` varchar(100) COLLATE utf8_bin DEFAULT NULL COMMENT '备注',
  PRIMARY KEY (`pg_id`)
) ENGINE=InnoDB DEFAULT CHARSET=utf8 COLLATE=utf8_bin COMMENT='权限组表';

/*Data for the table `sys_pvggroup` */

insert  into `sys_pvggroup`(`pg_id`,`pg_name`,`pg_desc`,`create_time`,`note`) values ('0355520f-e820-4747-91de-d0eabb216e5c','发生地方','阿什顿飞','2016-10-22 15:00:09','阿什顿飞'),('051081e9-23c9-43ee-a0b7-1803f58fc4f3','eedd','ddd','2016-10-22 22:32:24','ddd'),('09206cd4-40ca-4f12-91dd-6c6e73c273a4','test1','test','2016-10-20 00:01:59','test'),('21cd7e93-f3f8-4b39-8c19-d9b1d8b8ea63','333','333','2016-10-22 20:07:46','333'),('284cb2b2-7c1a-4e7e-92e1-d90d2d073348','555','555','2016-10-22 20:07:58','555'),('349f3bb2-1c8e-4ef1-a464-0f200e92700a','阿什顿飞','昂的','2016-10-22 15:00:13','阿斯顿'),('57e5b629-310d-44d6-82ff-fc4ec76ae0f6','3333','333','2016-10-22 20:07:53','333'),('6a9fe080-4de6-4001-b2b6-3159c77b3eb1','ddd','ddd','2016-10-22 20:00:02','ddd'),('a14cd39f-d88a-4066-aed7-58ea6dd8d7cd','tgbghdfsgd','sfgsdgf','2016-10-22 20:09:07','sdfgsdg'),('a5fb371e-d4b0-48fb-9774-bb19dac2f676','111','111','2016-10-22 20:07:33','111'),('ab57b035-6be1-442d-8677-92719cd7e4b0','222','222','2016-10-22 20:07:40','222'),('e85a9c3b-974e-4bc0-8d05-8b9bc82714a1','忿忿地说','阿什顿飞','2016-10-22 15:00:02','删掉'),('ff4d05ff-93a4-459d-bda9-8f8970802e44','发生地方是','多大的','2016-10-22 15:13:13','得到');

/*Table structure for table `sys_res_pvg` */

DROP TABLE IF EXISTS `sys_res_pvg`;

CREATE TABLE `sys_res_pvg` (
  `res_pvg_id` varchar(50) COLLATE utf8_bin NOT NULL COMMENT '记录标识',
  `res_id` varchar(50) COLLATE utf8_bin DEFAULT NULL COMMENT '资源ID',
  `pvg_id` varchar(50) COLLATE utf8_bin DEFAULT NULL COMMENT '权限ID',
  `rp_type` varchar(50) COLLATE utf8_bin DEFAULT NULL COMMENT '关联类型',
  `allow_edit` decimal(1,0) DEFAULT NULL COMMENT '允许编辑',
  `allow_del` decimal(1,0) DEFAULT NULL COMMENT '允许删除',
  `ct_user_id` varchar(50) COLLATE utf8_bin DEFAULT NULL COMMENT '创建人',
  `ct_time` datetime DEFAULT NULL COMMENT '创建时间',
  `up_user_id` varchar(50) COLLATE utf8_bin DEFAULT NULL COMMENT '修改人',
  `up_time` datetime DEFAULT NULL COMMENT '修改时间',
  `sort` varchar(50) COLLATE utf8_bin DEFAULT NULL COMMENT '排序编号',
  `note` varchar(100) COLLATE utf8_bin DEFAULT NULL COMMENT '备注',
  `del` decimal(1,0) DEFAULT NULL COMMENT '删除标记',
  PRIMARY KEY (`res_pvg_id`)
) ENGINE=InnoDB DEFAULT CHARSET=utf8 COLLATE=utf8_bin COMMENT='访问资源权限表 (只允许一对一)';

/*Data for the table `sys_res_pvg` */

insert  into `sys_res_pvg`(`res_pvg_id`,`res_id`,`pvg_id`,`rp_type`,`allow_edit`,`allow_del`,`ct_user_id`,`ct_time`,`up_user_id`,`up_time`,`sort`,`note`,`del`) values ('0','0','0',NULL,'1','1','admin','2016-10-17 22:33:50','admin','2016-10-17 22:36:21',NULL,NULL,'0'),('0007cd56-ee4d-40e2-bdb1-64717ba3781b','0007cd56-ee4d-40e2-bdb1-64717ba3781b','0007cd56-ee4d-40e2-bdb1-64717ba3781b',NULL,'1','1','admin','2016-10-20 00:01:36','admin','2016-10-20 00:23:20',NULL,NULL,'0'),('00131316-864e-45fa-8001-17f7998d2073','00131316-864e-45fa-8001-17f7998d2073','00131316-864e-45fa-8001-17f7998d2073',NULL,'1','1','admin','2016-10-23 13:41:11',NULL,NULL,NULL,NULL,'0'),('010cfa64-9ddd-4982-96a5-c229e0a85e54','010cfa64-9ddd-4982-96a5-c229e0a85e54','010cfa64-9ddd-4982-96a5-c229e0a85e54',NULL,'1','1','admin','2016-10-23 22:31:00',NULL,NULL,NULL,NULL,'0'),('031d70d7-d83c-4c61-aedf-268ad55ba7d6','031d70d7-d83c-4c61-aedf-268ad55ba7d6','031d70d7-d83c-4c61-aedf-268ad55ba7d6',NULL,'1','1','admin','2016-11-08 21:51:21',NULL,NULL,NULL,NULL,'0'),('0ca0618d-10d2-4d76-9c7e-291a0225d6cc','0ca0618d-10d2-4d76-9c7e-291a0225d6cc','0ca0618d-10d2-4d76-9c7e-291a0225d6cc',NULL,'1','1','admin','2016-11-20 19:09:41',NULL,NULL,NULL,NULL,'0'),('0d658563-f39a-43c3-b19f-85d4a8d53785','0d658563-f39a-43c3-b19f-85d4a8d53785','0d658563-f39a-43c3-b19f-85d4a8d53785',NULL,'1','1','admin','2016-10-22 15:08:59','admin','2016-10-22 15:10:44',NULL,NULL,'0'),('0d7fdd3c-719b-4f59-95d4-bec300358198','0d7fdd3c-719b-4f59-95d4-bec300358198','0d7fdd3c-719b-4f59-95d4-bec300358198',NULL,'1','1','admin','2016-10-20 00:21:44',NULL,NULL,NULL,NULL,'0'),('0df387cb-a37c-4b93-b224-340013abec84','0df387cb-a37c-4b93-b224-340013abec84','0df387cb-a37c-4b93-b224-340013abec84',NULL,'1','1','admin','2016-12-04 23:07:53',NULL,NULL,NULL,NULL,'0'),('1','1','1',NULL,'1','1','admin','2016-09-08 00:00:00','admin','2016-10-22 12:09:09','1',NULL,'0'),('10002684-31de-45ed-947c-fada0581066a','10002684-31de-45ed-947c-fada0581066a','10002684-31de-45ed-947c-fada0581066a',NULL,'1','1','admin','2016-11-08 21:51:49',NULL,NULL,NULL,NULL,'0'),('11937864-530a-4fdc-9980-6191431155ee','11937864-530a-4fdc-9980-6191431155ee','11937864-530a-4fdc-9980-6191431155ee',NULL,'1','1','admin','2016-10-23 19:45:08',NULL,NULL,NULL,NULL,'0'),('12c9903e-40f1-498d-9104-1aaf8910d2e0','12c9903e-40f1-498d-9104-1aaf8910d2e0','12c9903e-40f1-498d-9104-1aaf8910d2e0',NULL,'1','1','admin','2016-10-23 10:49:12',NULL,NULL,NULL,NULL,'0'),('147d75ba-5144-40a6-b586-f8e9e0568070','7','127defbc-6225-49cf-ac75-e6e3d29e4cc5',NULL,'1','1','admin','2016-10-17 21:30:51','admin','2016-10-17 22:29:39',NULL,NULL,'0'),('184695dd-4b4f-4a84-aa0d-707cfed463d8','dbbb028e-e75b-4897-854f-3a6954912507','5d52d8c5-584e-43ab-8f13-439b50b7cf40',NULL,'1','1','admin','2016-10-17 23:10:53',NULL,NULL,NULL,NULL,'0'),('197b6dcc-6008-4988-aedf-b230ccf0beb3','197b6dcc-6008-4988-aedf-b230ccf0beb3','197b6dcc-6008-4988-aedf-b230ccf0beb3',NULL,'1','1','admin','2016-10-25 22:06:55',NULL,NULL,NULL,NULL,'0'),('1b9441eb-2297-4df5-ab5e-50e030dd6dff','1b9441eb-2297-4df5-ab5e-50e030dd6dff','1b9441eb-2297-4df5-ab5e-50e030dd6dff',NULL,'1','1','admin','2016-12-20 20:45:49',NULL,NULL,NULL,NULL,'0'),('2','2','2',NULL,'1','1','admin','2016-09-09 00:00:00','admin','2016-11-17 23:18:13','1',NULL,'0'),('204c5e2d-396e-4a7c-9d92-bfc584abec99','204c5e2d-396e-4a7c-9d92-bfc584abec99','204c5e2d-396e-4a7c-9d92-bfc584abec99',NULL,'1','1','admin','2016-12-19 22:03:12',NULL,NULL,NULL,NULL,'0'),('219586cb-0181-4a64-921b-cb4973647c0d','219586cb-0181-4a64-921b-cb4973647c0d','219586cb-0181-4a64-921b-cb4973647c0d',NULL,'1','1','admin','2016-10-25 22:41:02',NULL,NULL,NULL,NULL,'0'),('2513b0cc-d92e-49b4-b0e1-2c9abb3877f6','2513b0cc-d92e-49b4-b0e1-2c9abb3877f6','2513b0cc-d92e-49b4-b0e1-2c9abb3877f6',NULL,'1','1','admin','2016-10-23 19:36:46','admin','2016-11-17 23:12:35',NULL,NULL,'0'),('291d45be-6599-499e-8975-9b955fa371fe','291d45be-6599-499e-8975-9b955fa371fe','291d45be-6599-499e-8975-9b955fa371fe',NULL,'1','1','admin','2016-10-23 13:36:04',NULL,NULL,NULL,NULL,'0'),('2bdb38d9-57fe-4cd9-a547-55cac5c5645b','2bdb38d9-57fe-4cd9-a547-55cac5c5645b','2bdb38d9-57fe-4cd9-a547-55cac5c5645b',NULL,'1','1','admin','2016-10-23 22:32:08',NULL,NULL,NULL,NULL,'0'),('3','3','3',NULL,'1','1','admin','2016-09-11 00:00:00',NULL,NULL,'1',NULL,'0'),('3058a96d-c83a-4963-adad-67a1424c5b0c','3058a96d-c83a-4963-adad-67a1424c5b0c','3058a96d-c83a-4963-adad-67a1424c5b0c',NULL,'1','1','admin','2016-10-19 22:58:50',NULL,NULL,NULL,NULL,'0'),('39f1fcc4-d134-465a-bd25-07e9375fc7d2','39f1fcc4-d134-465a-bd25-07e9375fc7d2','39f1fcc4-d134-465a-bd25-07e9375fc7d2',NULL,'1','1','admin','2016-10-27 21:08:40',NULL,NULL,NULL,NULL,'0'),('3b575699-f1de-4024-9659-c5b4e7795ed9','3b575699-f1de-4024-9659-c5b4e7795ed9','3b575699-f1de-4024-9659-c5b4e7795ed9',NULL,'1','1','admin','2016-10-27 22:52:31',NULL,NULL,NULL,NULL,'0'),('3c303ae8-ba46-43e9-a8f2-fb6367015382','3c303ae8-ba46-43e9-a8f2-fb6367015382','3c303ae8-ba46-43e9-a8f2-fb6367015382',NULL,'1','1','admin','2016-10-25 22:40:06',NULL,NULL,NULL,NULL,'0'),('3da369f3-f081-403b-936f-db19be898048','3da369f3-f081-403b-936f-db19be898048','3da369f3-f081-403b-936f-db19be898048',NULL,'1','1','admin','2016-10-23 22:31:32',NULL,NULL,NULL,NULL,'0'),('4','4','4',NULL,'1','1','admin','2016-09-18 21:47:48',NULL,NULL,'1',NULL,'0'),('470e1f26-40d7-4e09-8a1e-ad20cf1db5a2','470e1f26-40d7-4e09-8a1e-ad20cf1db5a2','470e1f26-40d7-4e09-8a1e-ad20cf1db5a2',NULL,'1','1','admin','2016-10-17 23:32:05','admin','2016-10-17 23:32:41',NULL,NULL,'0'),('4812d740-e771-4e24-9a54-4724d5f4a43f','4812d740-e771-4e24-9a54-4724d5f4a43f','4812d740-e771-4e24-9a54-4724d5f4a43f',NULL,'1','1','admin','2016-10-23 13:36:48',NULL,NULL,NULL,NULL,'0'),('4af19032-7b92-4753-aa47-2a98aabcfcb6','4af19032-7b92-4753-aa47-2a98aabcfcb6','4af19032-7b92-4753-aa47-2a98aabcfcb6',NULL,'1','1','admin','2016-10-28 23:56:19',NULL,NULL,NULL,NULL,'0'),('4d18e178-b204-4eb9-bb50-8241cabb4b38','4d18e178-b204-4eb9-bb50-8241cabb4b38','4d18e178-b204-4eb9-bb50-8241cabb4b38',NULL,'1','1','admin','2016-11-08 21:47:22','admin','2016-11-17 23:17:06',NULL,NULL,'0'),('4ffe6df4-e24d-4346-ab70-63bf7488aa88','4ffe6df4-e24d-4346-ab70-63bf7488aa88','4ffe6df4-e24d-4346-ab70-63bf7488aa88',NULL,'1','1','admin','2016-11-17 22:44:27',NULL,NULL,NULL,NULL,'0'),('5','5','5',NULL,'1','1','admin','2016-09-20 23:49:55',NULL,NULL,'1',NULL,'0'),('511bb277-e864-4ef0-89e2-67f9092ce2b9','511bb277-e864-4ef0-89e2-67f9092ce2b9','511bb277-e864-4ef0-89e2-67f9092ce2b9',NULL,'1','1','admin','2016-10-23 19:47:28',NULL,NULL,NULL,NULL,'0'),('52ae91c4-cb11-4bfd-903f-6fda6e95b70c','52ae91c4-cb11-4bfd-903f-6fda6e95b70c','52ae91c4-cb11-4bfd-903f-6fda6e95b70c',NULL,'1','1','admin','2016-11-20 19:10:06',NULL,NULL,NULL,NULL,'0'),('538baee1-096e-46d1-ae94-325b5562076b','538baee1-096e-46d1-ae94-325b5562076b','538baee1-096e-46d1-ae94-325b5562076b',NULL,'1','1','admin','2016-10-23 19:44:05',NULL,NULL,NULL,NULL,'0'),('5598ec75-8499-4330-8f2a-9fb3ec514cc9','5598ec75-8499-4330-8f2a-9fb3ec514cc9','5598ec75-8499-4330-8f2a-9fb3ec514cc9',NULL,'1','1','admin','2016-12-08 00:22:53',NULL,NULL,NULL,NULL,'0'),('57b24278-2106-4d8c-bd4f-f62f83402ea9','57b24278-2106-4d8c-bd4f-f62f83402ea9','57b24278-2106-4d8c-bd4f-f62f83402ea9',NULL,'1','1','admin','2016-10-22 23:06:43','admin','2016-11-17 23:17:38',NULL,NULL,'0'),('57cc8c12-b934-4a0e-8e80-7ba7d7ad411f','57cc8c12-b934-4a0e-8e80-7ba7d7ad411f','57cc8c12-b934-4a0e-8e80-7ba7d7ad411f',NULL,'1','1','admin','2016-10-22 23:08:38',NULL,NULL,NULL,NULL,'0'),('57dd704d-b1b9-46d7-bc58-def418077e87','57dd704d-b1b9-46d7-bc58-def418077e87','57dd704d-b1b9-46d7-bc58-def418077e87',NULL,'1','1','admin','2016-10-29 10:26:47',NULL,NULL,NULL,NULL,'0'),('5a1671f1-16be-4007-8118-a1c4aaf125e5','5a1671f1-16be-4007-8118-a1c4aaf125e5','5a1671f1-16be-4007-8118-a1c4aaf125e5',NULL,'1','1','admin','2016-10-22 23:12:09','admin','2016-10-22 23:14:58',NULL,NULL,'0'),('5d248e17-0105-47c2-8476-ef8ea302ee4b','5d248e17-0105-47c2-8476-ef8ea302ee4b','5d248e17-0105-47c2-8476-ef8ea302ee4b',NULL,'1','1','admin','2016-10-23 19:46:52',NULL,NULL,NULL,NULL,'0'),('6','6','6',NULL,'1','1','admin','2016-09-22 00:29:43','admin','2016-10-20 22:07:26','1',NULL,'0'),('64381cb7-f044-41b9-816d-55b60e76ff2b','64381cb7-f044-41b9-816d-55b60e76ff2b','64381cb7-f044-41b9-816d-55b60e76ff2b',NULL,'1','1','admin','2016-12-20 20:45:28',NULL,NULL,NULL,NULL,'0'),('65dd0d89-c0e0-4af5-b0ce-d09008b04f5c','65dd0d89-c0e0-4af5-b0ce-d09008b04f5c','65dd0d89-c0e0-4af5-b0ce-d09008b04f5c',NULL,'1','1','admin','2016-10-23 22:32:41',NULL,NULL,NULL,NULL,'0'),('66371996-3bf6-4c45-b277-7f3688a567f3','66371996-3bf6-4c45-b277-7f3688a567f3','66371996-3bf6-4c45-b277-7f3688a567f3',NULL,'1','1','admin','2016-11-20 15:58:23',NULL,NULL,NULL,NULL,'0'),('66c64371-bc77-4554-b3cc-9da7ee1325ca','66c64371-bc77-4554-b3cc-9da7ee1325ca','66c64371-bc77-4554-b3cc-9da7ee1325ca',NULL,'1','1','admin','2016-10-25 22:42:09',NULL,NULL,NULL,NULL,'0'),('66d7d61a-bcbd-4688-9532-784a2fb90c80','66d7d61a-bcbd-4688-9532-784a2fb90c80','66d7d61a-bcbd-4688-9532-784a2fb90c80',NULL,'1','1','admin','2016-12-20 20:47:10',NULL,NULL,NULL,NULL,'0'),('6bfb65d5-bea7-4e7e-b55a-61e4879460ec','6bfb65d5-bea7-4e7e-b55a-61e4879460ec','6bfb65d5-bea7-4e7e-b55a-61e4879460ec',NULL,'1','1','admin','2016-10-09 23:00:31',NULL,NULL,NULL,NULL,'0'),('6d62b548-8bb3-43e9-a8dd-b3801e79ba1b','6d62b548-8bb3-43e9-a8dd-b3801e79ba1b','6d62b548-8bb3-43e9-a8dd-b3801e79ba1b',NULL,'1','1','admin','2016-11-08 21:50:24',NULL,NULL,NULL,NULL,'0'),('6e401340-9776-47c1-996e-142bdc022139','6e401340-9776-47c1-996e-142bdc022139','6e401340-9776-47c1-996e-142bdc022139',NULL,'1','1','admin','2016-11-17 22:57:47',NULL,NULL,NULL,NULL,'0'),('6f505f68-bf33-4d33-a568-ca5edc0c44c6','6f505f68-bf33-4d33-a568-ca5edc0c44c6','6f505f68-bf33-4d33-a568-ca5edc0c44c6',NULL,'1','1','admin','2016-10-22 18:50:55',NULL,NULL,NULL,NULL,'0'),('7','7','7',NULL,'1','1','admin','2016-09-22 00:29:46',NULL,NULL,'1',NULL,'0'),('71ec0c9a-5b7b-481a-8913-8b25f0b2d927','71ec0c9a-5b7b-481a-8913-8b25f0b2d927','71ec0c9a-5b7b-481a-8913-8b25f0b2d927',NULL,'1','1','admin','2016-10-22 20:42:05',NULL,NULL,NULL,NULL,'0'),('740314fb-71e7-46a8-8a1f-1f0cdfd63771','740314fb-71e7-46a8-8a1f-1f0cdfd63771','740314fb-71e7-46a8-8a1f-1f0cdfd63771',NULL,'1','1','admin','2016-10-19 00:27:31',NULL,NULL,NULL,NULL,'0'),('74038f5e-5e99-40ad-a2b0-39a1295fcb14','74038f5e-5e99-40ad-a2b0-39a1295fcb14','74038f5e-5e99-40ad-a2b0-39a1295fcb14',NULL,'1','1','admin','2016-10-28 23:55:45',NULL,NULL,NULL,NULL,'0'),('740f960a-4999-459d-9cd8-2ae251a2e7a7','740f960a-4999-459d-9cd8-2ae251a2e7a7','740f960a-4999-459d-9cd8-2ae251a2e7a7',NULL,'1','1','admin','2016-10-23 19:37:30',NULL,NULL,NULL,NULL,'0'),('74aa11d2-0a91-4dbe-8ad5-f002712d25db','74aa11d2-0a91-4dbe-8ad5-f002712d25db','74aa11d2-0a91-4dbe-8ad5-f002712d25db',NULL,'1','1','admin','2016-12-19 00:13:41',NULL,NULL,NULL,NULL,'0'),('760dcbeb-376d-403c-aea8-15cf0336d171','760dcbeb-376d-403c-aea8-15cf0336d171','760dcbeb-376d-403c-aea8-15cf0336d171',NULL,'1','1','admin','2016-10-18 21:46:27',NULL,NULL,NULL,NULL,'0'),('7650d4c6-021b-4921-b40d-47e6dc699811','7650d4c6-021b-4921-b40d-47e6dc699811','7650d4c6-021b-4921-b40d-47e6dc699811',NULL,'1','1','admin','2016-10-18 22:40:34',NULL,NULL,NULL,NULL,'0'),('76537e7d-22f0-45fb-9f81-4072378b4d21','76537e7d-22f0-45fb-9f81-4072378b4d21','76537e7d-22f0-45fb-9f81-4072378b4d21',NULL,'1','1','admin','2016-09-27 22:55:39',NULL,NULL,'1',NULL,'0'),('76537e7d-22f0-45fb-9f81-4072378b4d22','76537e7d-22f0-45fb-9f81-4072378b4d22','76537e7d-22f0-45fb-9f81-4072378b4d22',NULL,'1','1','admin','2016-09-27 22:55:41',NULL,NULL,'1',NULL,'0'),('76537e7d-22f0-45fb-9f81-4072378b4d23','76537e7d-22f0-45fb-9f81-4072378b4d23','76537e7d-22f0-45fb-9f81-4072378b4d23',NULL,'1','1','admin','2016-09-27 22:55:43',NULL,NULL,'1',NULL,'0'),('77a8e016-26ed-4d33-ac26-94279a318807','77a8e016-26ed-4d33-ac26-94279a318807','77a8e016-26ed-4d33-ac26-94279a318807',NULL,'1','1','admin','2016-10-23 13:40:28',NULL,NULL,NULL,NULL,'0'),('7b68c6ab-29d4-48c1-a250-abe12fd92ec4','7b68c6ab-29d4-48c1-a250-abe12fd92ec4','7b68c6ab-29d4-48c1-a250-abe12fd92ec4',NULL,'1','1','admin','2016-10-18 21:48:59',NULL,NULL,NULL,NULL,'0'),('7b70a90a-5318-406d-9008-5f01ac6248ae','7b70a90a-5318-406d-9008-5f01ac6248ae','7b70a90a-5318-406d-9008-5f01ac6248ae',NULL,'1','1','admin','2016-10-23 22:33:15',NULL,NULL,NULL,NULL,'0'),('7fecc1e8-f339-4614-a1fb-f48191d91147','7fecc1e8-f339-4614-a1fb-f48191d91147','7fecc1e8-f339-4614-a1fb-f48191d91147',NULL,'1','1','admin','2016-12-08 00:22:17',NULL,NULL,NULL,NULL,'0'),('801716d0-b6af-4095-aa99-dc6ba7e945e8','801716d0-b6af-4095-aa99-dc6ba7e945e8','801716d0-b6af-4095-aa99-dc6ba7e945e8',NULL,'1','1','admin','2016-11-20 19:08:58',NULL,NULL,NULL,NULL,'0'),('81c0ca58-0e0d-48cb-b3bb-e0c3e0aa8a68','81c0ca58-0e0d-48cb-b3bb-e0c3e0aa8a68','81c0ca58-0e0d-48cb-b3bb-e0c3e0aa8a68',NULL,'1','1','admin','2016-12-20 20:44:42',NULL,NULL,NULL,NULL,'0'),('8405caab-b5fa-4ea6-8238-0b773ec3c0d8','8405caab-b5fa-4ea6-8238-0b773ec3c0d8','8405caab-b5fa-4ea6-8238-0b773ec3c0d8',NULL,'1','1','admin','2016-10-25 22:05:49',NULL,NULL,NULL,NULL,'0'),('88294604-f5ab-45a4-91f3-677ced613e11','88294604-f5ab-45a4-91f3-677ced613e11','88294604-f5ab-45a4-91f3-677ced613e11',NULL,'1','1','admin','2016-10-09 23:02:15',NULL,NULL,NULL,NULL,'0'),('8a858f74-426f-4d2d-8197-71692d71d269','8a858f74-426f-4d2d-8197-71692d71d269','8a858f74-426f-4d2d-8197-71692d71d269',NULL,'1','1','admin','2016-12-18 23:34:32',NULL,NULL,NULL,NULL,'0'),('8b8441d2-80a6-415a-99ae-4e253168ebe6','8b8441d2-80a6-415a-99ae-4e253168ebe6','8b8441d2-80a6-415a-99ae-4e253168ebe6',NULL,'1','1','admin','2016-10-25 21:39:49',NULL,NULL,NULL,NULL,'0'),('8b95f70f-4f50-409b-bf00-faf7059d2d84','8b95f70f-4f50-409b-bf00-faf7059d2d84','8b95f70f-4f50-409b-bf00-faf7059d2d84',NULL,'1','1','admin','2016-10-25 22:06:17',NULL,NULL,NULL,NULL,'0'),('8cb8e995-7558-42b2-bfee-e2eb7ac00ac5','8cb8e995-7558-42b2-bfee-e2eb7ac00ac5','8cb8e995-7558-42b2-bfee-e2eb7ac00ac5',NULL,'1','1','admin','2016-10-20 00:20:37',NULL,NULL,NULL,NULL,'0'),('8e1073a4-fa36-43df-af19-21ca55116520','8e1073a4-fa36-43df-af19-21ca55116520','8e1073a4-fa36-43df-af19-21ca55116520',NULL,'1','1','admin','2016-11-08 21:47:58',NULL,NULL,NULL,NULL,'0'),('8fdf3ae7-1be6-447a-8212-af30815385c1','8fdf3ae7-1be6-447a-8212-af30815385c1','8fdf3ae7-1be6-447a-8212-af30815385c1',NULL,'1','1','admin','2016-10-19 22:17:08','admin','2016-11-17 23:13:54',NULL,NULL,'0'),('9048bdaa-8caf-4801-8392-d7a7e1389c3d','9048bdaa-8caf-4801-8392-d7a7e1389c3d','9048bdaa-8caf-4801-8392-d7a7e1389c3d',NULL,'1','1','admin','2016-12-04 23:08:41',NULL,NULL,NULL,NULL,'0'),('93f55be3-4c5e-47ad-947e-13f13720e7dc','93f55be3-4c5e-47ad-947e-13f13720e7dc','93f55be3-4c5e-47ad-947e-13f13720e7dc',NULL,'1','1','admin','2016-10-31 22:11:04',NULL,NULL,NULL,NULL,'0'),('9626bd2f-8719-4f5a-8d1b-d31de9415ee0','9626bd2f-8719-4f5a-8d1b-d31de9415ee0','9626bd2f-8719-4f5a-8d1b-d31de9415ee0',NULL,'1','1','admin','2016-11-08 21:50:45',NULL,NULL,NULL,NULL,'0'),('96c23912-a136-4bdd-8c66-eabc51c06a24','96c23912-a136-4bdd-8c66-eabc51c06a24','96c23912-a136-4bdd-8c66-eabc51c06a24',NULL,'1','1','admin','2016-10-22 23:07:45',NULL,NULL,NULL,NULL,'0'),('98541127-1836-4bcc-8537-a2292364f43f','98541127-1836-4bcc-8537-a2292364f43f','98541127-1836-4bcc-8537-a2292364f43f',NULL,'1','1','admin','2016-10-23 13:37:32',NULL,NULL,NULL,NULL,'0'),('9a138e7f-630e-4b7e-8912-90ae3e343aed','9a138e7f-630e-4b7e-8912-90ae3e343aed','9a138e7f-630e-4b7e-8912-90ae3e343aed',NULL,'1','1','admin','2016-11-08 21:49:59',NULL,NULL,NULL,NULL,'0'),('9a29b605-307c-432b-8b82-df807770bb46','9a29b605-307c-432b-8b82-df807770bb46','9a29b605-307c-432b-8b82-df807770bb46',NULL,'1','1','admin','2016-10-09 23:03:13',NULL,NULL,NULL,NULL,'0'),('9d65113b-db6f-4c6e-8c05-4625b82043ad','9d65113b-db6f-4c6e-8c05-4625b82043ad','9d65113b-db6f-4c6e-8c05-4625b82043ad',NULL,'1','1','admin','2016-11-08 23:04:45',NULL,NULL,NULL,NULL,'0'),('a1268cfa-e4d8-4b57-8cda-364567ec6fb2','a1268cfa-e4d8-4b57-8cda-364567ec6fb2','a1268cfa-e4d8-4b57-8cda-364567ec6fb2',NULL,'1','1','admin','2016-10-25 21:38:14',NULL,NULL,NULL,NULL,'0'),('a2ef2557-6804-4023-a11a-978c06876e2f','a2ef2557-6804-4023-a11a-978c06876e2f','a2ef2557-6804-4023-a11a-978c06876e2f',NULL,'1','1','admin','2016-10-25 22:05:29',NULL,NULL,NULL,NULL,'0'),('a79cc37a-06a8-49fa-a0b8-f83241079a59','a79cc37a-06a8-49fa-a0b8-f83241079a59','a79cc37a-06a8-49fa-a0b8-f83241079a59',NULL,'1','1','admin','2016-11-17 22:44:43',NULL,NULL,NULL,NULL,'0'),('a8961999-0d41-49a9-9570-edf8728da220','a8961999-0d41-49a9-9570-edf8728da220','a8961999-0d41-49a9-9570-edf8728da220',NULL,'1','1','admin','2016-10-25 21:39:06',NULL,NULL,NULL,NULL,'0'),('a8a74cfe-6140-4af7-8291-afa96d9840f0','a8a74cfe-6140-4af7-8291-afa96d9840f0','a8a74cfe-6140-4af7-8291-afa96d9840f0',NULL,'1','1','admin','2016-12-20 20:46:15',NULL,NULL,NULL,NULL,'0'),('a9719e24-dddd-4570-929c-2d2492660f2b','a9719e24-dddd-4570-929c-2d2492660f2b','a9719e24-dddd-4570-929c-2d2492660f2b',NULL,'1','1','admin','2016-11-17 22:58:23',NULL,NULL,NULL,NULL,'0'),('ad5e1192-0e62-4fca-92e5-2afae3492d16','ad5e1192-0e62-4fca-92e5-2afae3492d16','ad5e1192-0e62-4fca-92e5-2afae3492d16',NULL,'1','1','admin','2016-10-09 23:02:47',NULL,NULL,NULL,NULL,'0'),('ad83ebed-9e03-4d60-ab47-d03159689fde','ad83ebed-9e03-4d60-ab47-d03159689fde','ad83ebed-9e03-4d60-ab47-d03159689fde',NULL,'1','1','admin','2016-10-27 22:53:20',NULL,NULL,NULL,NULL,'0'),('ada0b5ff-d94c-48d0-8f51-71adaf62e1b9','ada0b5ff-d94c-48d0-8f51-71adaf62e1b9','ada0b5ff-d94c-48d0-8f51-71adaf62e1b9',NULL,'1','1','admin','2016-12-04 23:09:21',NULL,NULL,NULL,NULL,'0'),('ae4f8e00-0759-4689-bab8-6a5f9ebcd9c1','ae4f8e00-0759-4689-bab8-6a5f9ebcd9c1','ae4f8e00-0759-4689-bab8-6a5f9ebcd9c1',NULL,'1','1','admin','2016-10-23 13:35:22','admin','2016-11-17 23:16:54',NULL,NULL,'0'),('b1497ee8-4638-4c71-9609-eaf405819b59','b1497ee8-4638-4c71-9609-eaf405819b59','b1497ee8-4638-4c71-9609-eaf405819b59',NULL,'1','1','admin','2016-10-18 23:23:48',NULL,NULL,NULL,NULL,'0'),('b53f8503-8fa7-46b1-bcc4-62bd1d0f4d74','b53f8503-8fa7-46b1-bcc4-62bd1d0f4d74','b53f8503-8fa7-46b1-bcc4-62bd1d0f4d74',NULL,'1','1','admin','2016-10-25 22:41:37',NULL,NULL,NULL,NULL,'0'),('b6dcf433-190f-4f43-a83c-07ef1632f757','b6dcf433-190f-4f43-a83c-07ef1632f757','b6dcf433-190f-4f43-a83c-07ef1632f757',NULL,'1','1','admin','2016-10-20 00:17:28',NULL,NULL,NULL,NULL,'0'),('b89199ee-c651-4a50-8a6c-21ecb4c716d0','b89199ee-c651-4a50-8a6c-21ecb4c716d0','b89199ee-c651-4a50-8a6c-21ecb4c716d0',NULL,'1','1','admin','2016-11-08 21:49:34',NULL,NULL,NULL,NULL,'0'),('ba17826c-cb3d-4151-bcba-06fd43cf7ffb','ba17826c-cb3d-4151-bcba-06fd43cf7ffb','ba17826c-cb3d-4151-bcba-06fd43cf7ffb',NULL,'1','1','admin','2016-10-28 00:00:20',NULL,NULL,NULL,NULL,'0'),('bedb93fd-6f47-4ec1-b403-b1f5e7c4fdd7','bedb93fd-6f47-4ec1-b403-b1f5e7c4fdd7','bedb93fd-6f47-4ec1-b403-b1f5e7c4fdd7',NULL,'1','1','admin','2016-11-20 19:08:14',NULL,NULL,NULL,NULL,'0'),('c340d04f-1302-4252-bed3-25a2422f5a55','c340d04f-1302-4252-bed3-25a2422f5a55','c340d04f-1302-4252-bed3-25a2422f5a55',NULL,'1','1','admin','2016-10-22 23:09:12',NULL,NULL,NULL,NULL,'0'),('c3468490-13d3-4698-9a4f-255ce82a121a','c3468490-13d3-4698-9a4f-255ce82a121a','c3468490-13d3-4698-9a4f-255ce82a121a',NULL,'1','1','admin','2016-10-09 23:00:56',NULL,NULL,NULL,NULL,'0'),('c3b4549b-ee6f-4697-a60a-a4714ba172ed','dbbb028e-e75b-4897-854f-3a6954912507','23f5dd8f-8b72-4396-83b5-5dca64a4484d',NULL,'1','1','admin','2016-10-17 23:10:26',NULL,NULL,NULL,NULL,'0'),('c461cae7-ea69-415d-add4-68b79ff7d870','c461cae7-ea69-415d-add4-68b79ff7d870','c461cae7-ea69-415d-add4-68b79ff7d870',NULL,'1','1','admin','2016-10-23 19:47:59',NULL,NULL,NULL,NULL,'0'),('c89bd52b-91bf-4b3f-ab3a-aa990ff27097','c89bd52b-91bf-4b3f-ab3a-aa990ff27097','c89bd52b-91bf-4b3f-ab3a-aa990ff27097',NULL,'1','1','admin','2016-12-04 23:09:04',NULL,NULL,NULL,NULL,'0'),('c932634a-d74d-4be4-b8f6-7c05912f61da','c932634a-d74d-4be4-b8f6-7c05912f61da','c932634a-d74d-4be4-b8f6-7c05912f61da',NULL,'1','1','admin','2016-10-23 22:29:37','admin','2016-11-17 23:16:38',NULL,NULL,'0'),('ca3d0aec-e6af-427c-8b83-436e688965a2','ca3d0aec-e6af-427c-8b83-436e688965a2','ca3d0aec-e6af-427c-8b83-436e688965a2',NULL,'1','1','admin','2016-10-25 21:37:26',NULL,NULL,NULL,NULL,'0'),('ca90d58d-90ed-4164-a6c7-0f31ad6ecfce','ca90d58d-90ed-4164-a6c7-0f31ad6ecfce','ca90d58d-90ed-4164-a6c7-0f31ad6ecfce',NULL,'1','1','admin','2016-12-04 23:08:22',NULL,NULL,NULL,NULL,'0'),('cc20b3ba-7cac-4d3c-ace4-5a30ea3aa594','dbbb028e-e75b-4897-854f-3a6954912507','5695304c-a146-48e0-832e-3c666244bce3',NULL,'1','1','admin','2016-10-17 23:17:56',NULL,NULL,NULL,NULL,'0'),('cddae8f4-cf3f-45e5-8efd-7a91f13ce116','cddae8f4-cf3f-45e5-8efd-7a91f13ce116','cddae8f4-cf3f-45e5-8efd-7a91f13ce116',NULL,'1','1','admin','2016-12-20 20:46:42',NULL,NULL,NULL,NULL,'0'),('cf603151-e25a-4e17-b0e2-28df7a10434c','cf603151-e25a-4e17-b0e2-28df7a10434c','cf603151-e25a-4e17-b0e2-28df7a10434c',NULL,'1','1','admin','2016-10-18 21:47:07',NULL,NULL,NULL,NULL,'0'),('d0124e7b-0451-418b-8609-e59a5dc0cc3c','d0124e7b-0451-418b-8609-e59a5dc0cc3c','d0124e7b-0451-418b-8609-e59a5dc0cc3c',NULL,'1','1','admin','2016-10-31 22:08:08','admin','2016-11-17 23:19:10',NULL,NULL,'0'),('d04216e6-3945-4ce3-827c-cd9803e41e9d','d04216e6-3945-4ce3-827c-cd9803e41e9d','d04216e6-3945-4ce3-827c-cd9803e41e9d',NULL,'1','1','admin','2016-10-28 00:01:18',NULL,NULL,NULL,NULL,'0'),('d21c0ab8-c7f5-4a83-b3f5-9fba1693f04d','d21c0ab8-c7f5-4a83-b3f5-9fba1693f04d','d21c0ab8-c7f5-4a83-b3f5-9fba1693f04d',NULL,'1','1','admin','2016-11-20 19:10:36',NULL,NULL,NULL,NULL,'0'),('d3625781-2eb5-4645-ae58-d5708ebd8546','d3625781-2eb5-4645-ae58-d5708ebd8546','d3625781-2eb5-4645-ae58-d5708ebd8546',NULL,'1','1','admin','2016-10-18 21:48:05',NULL,NULL,NULL,NULL,'0'),('db6d5283-4293-400f-9a6c-01b2d90a740d','db6d5283-4293-400f-9a6c-01b2d90a740d','db6d5283-4293-400f-9a6c-01b2d90a740d',NULL,'1','1','admin','2016-10-23 13:39:51',NULL,NULL,NULL,NULL,'0'),('dbbb028e-e75b-4897-854f-3a6954912507','dbbb028e-e75b-4897-854f-3a6954912507','dbbb028e-e75b-4897-854f-3a6954912507',NULL,'1','1','admin','2016-09-25 13:42:22',NULL,NULL,'1',NULL,'0'),('de80089c-77c8-4aec-8efc-2c0b37d9fe6f','de80089c-77c8-4aec-8efc-2c0b37d9fe6f','de80089c-77c8-4aec-8efc-2c0b37d9fe6f',NULL,'1','1','admin','2016-10-18 23:12:02',NULL,NULL,NULL,NULL,'0'),('df7e62c3-7fcb-4555-b52a-8989826e9d9d','3dc762c8-87f8-4ee5-8ffc-28776658b6e3','06ac369b-065a-4b3f-a132-2bfecb18f034',NULL,'1','1','admin','2016-10-17 23:29:42',NULL,NULL,NULL,NULL,'0'),('e196cbf8-3c51-47cb-ae19-f5ceb1cb4cb9','e196cbf8-3c51-47cb-ae19-f5ceb1cb4cb9','e196cbf8-3c51-47cb-ae19-f5ceb1cb4cb9',NULL,'1','1','admin','2016-12-19 00:11:01',NULL,NULL,NULL,NULL,'0'),('e2e62ef0-e459-4757-91c1-b3c9a96cf76b','e2e62ef0-e459-4757-91c1-b3c9a96cf76b','e2e62ef0-e459-4757-91c1-b3c9a96cf76b',NULL,'1','1','admin','2016-10-22 23:11:11',NULL,NULL,NULL,NULL,'0'),('e36ac3a9-d84f-4bc9-b825-06f76acfa39f','e36ac3a9-d84f-4bc9-b825-06f76acfa39f','e36ac3a9-d84f-4bc9-b825-06f76acfa39f',NULL,'1','1','admin','2016-10-20 00:43:02',NULL,NULL,NULL,NULL,'0'),('e727ec25-9067-409e-8d85-e63b24f1099a','e727ec25-9067-409e-8d85-e63b24f1099a','e727ec25-9067-409e-8d85-e63b24f1099a',NULL,'1','1','admin','2016-10-20 00:41:41','admin','2016-10-22 23:19:02',NULL,NULL,'0'),('e7ec535b-7d35-4ce5-b7b6-a6c5c428c223','e7ec535b-7d35-4ce5-b7b6-a6c5c428c223','e7ec535b-7d35-4ce5-b7b6-a6c5c428c223',NULL,'1','1','admin','2016-10-08 21:33:01','admin','2016-11-17 23:16:18','1',NULL,'0'),('e8be5f11-73f4-4d40-8293-0b8a1463ea47','e8be5f11-73f4-4d40-8293-0b8a1463ea47','e8be5f11-73f4-4d40-8293-0b8a1463ea47',NULL,'1','1','admin','2016-10-18 21:45:55',NULL,NULL,NULL,NULL,'0'),('e910de5b-9def-4db5-a50f-8acfc2203872','dbbb028e-e75b-4897-854f-3a6954912507','57ebac68-f3de-4027-ab5f-8cc0cc2f578d',NULL,'1','1','admin','2016-10-17 23:13:39',NULL,NULL,NULL,NULL,'0'),('ea273d77-74fb-462a-a812-52a408d81e2c','ea273d77-74fb-462a-a812-52a408d81e2c','ea273d77-74fb-462a-a812-52a408d81e2c',NULL,'1','1','admin','2016-10-09 23:01:47',NULL,NULL,NULL,NULL,'0'),('ea9eac79-0ff9-4bc8-8e1d-6e570758260a','ea9eac79-0ff9-4bc8-8e1d-6e570758260a','ea9eac79-0ff9-4bc8-8e1d-6e570758260a',NULL,'1','1','admin','2016-10-23 19:46:23',NULL,NULL,NULL,NULL,'0'),('eaf20d81-6da5-4913-a7cf-1af672f84653','eaf20d81-6da5-4913-a7cf-1af672f84653','eaf20d81-6da5-4913-a7cf-1af672f84653',NULL,'1','1','admin','2016-12-19 22:03:36',NULL,NULL,NULL,NULL,'0'),('ec86d695-342e-46bc-9e8f-b9d3548067c7','ec86d695-342e-46bc-9e8f-b9d3548067c7','ec86d695-342e-46bc-9e8f-b9d3548067c7',NULL,'1','1','admin','2016-10-22 23:09:58',NULL,NULL,NULL,NULL,'0'),('ed3c1476-b9e4-46ef-bf0a-4b35b6c5dcef','ed3c1476-b9e4-46ef-bf0a-4b35b6c5dcef','ed3c1476-b9e4-46ef-bf0a-4b35b6c5dcef',NULL,'1','1','admin','2016-10-20 00:21:12',NULL,NULL,NULL,NULL,'0'),('eedf9660-5573-4cfe-bc56-ad7476727306','eedf9660-5573-4cfe-bc56-ad7476727306','eedf9660-5573-4cfe-bc56-ad7476727306',NULL,'1','1','admin','2016-12-04 23:05:33',NULL,NULL,NULL,NULL,'0'),('f358077b-f47a-4db3-be44-fcf35eb6655d','f358077b-f47a-4db3-be44-fcf35eb6655d','f358077b-f47a-4db3-be44-fcf35eb6655d',NULL,'1','1','admin','2016-10-18 21:44:48','admin','2016-11-17 23:17:58',NULL,NULL,'0'),('f526f1ba-4d97-4349-a2d1-9220f7aea6f8','f526f1ba-4d97-4349-a2d1-9220f7aea6f8','f526f1ba-4d97-4349-a2d1-9220f7aea6f8',NULL,'1','1','admin','2016-10-23 22:30:26',NULL,NULL,NULL,NULL,'0'),('f6eee9df-1f3e-4722-9246-6cf55a905a67','f6eee9df-1f3e-4722-9246-6cf55a905a67','f6eee9df-1f3e-4722-9246-6cf55a905a67',NULL,'1','1','admin','2016-10-23 09:40:00',NULL,NULL,NULL,NULL,'0'),('f8871fea-5ad4-4e08-aa0b-e4ee9486b2cc','dbbb028e-e75b-4897-854f-3a6954912507','d330b290-81d6-4069-8eda-2814c756171a',NULL,'1','1','admin','2016-10-17 23:15:38',NULL,NULL,NULL,NULL,'0');

/*Table structure for table `sys_resources` */

DROP TABLE IF EXISTS `sys_resources`;

CREATE TABLE `sys_resources` (
  `res_id` varchar(50) COLLATE utf8_bin NOT NULL COMMENT '资源ID',
  `res_pid` varchar(50) COLLATE utf8_bin DEFAULT NULL COMMENT '父资源ID',
  `res_name` varchar(100) COLLATE utf8_bin DEFAULT NULL COMMENT '资源名称',
  `res_desc` varchar(100) COLLATE utf8_bin DEFAULT NULL COMMENT '资源描述',
  `res_icon` varchar(100) COLLATE utf8_bin DEFAULT NULL COMMENT '资源图标',
  `res_url` varchar(200) COLLATE utf8_bin DEFAULT NULL COMMENT '资源访问地址',
  `res_type` varchar(50) COLLATE utf8_bin DEFAULT NULL COMMENT '资源类型',
  `res_target` varchar(50) COLLATE utf8_bin DEFAULT NULL COMMENT '资源目标',
  `allow_edit` decimal(1,0) DEFAULT NULL COMMENT '允许编辑',
  `allow_del` decimal(1,0) DEFAULT NULL COMMENT '允许删除',
  `ct_user_id` varchar(50) COLLATE utf8_bin DEFAULT NULL COMMENT '创建人',
  `ct_time` datetime DEFAULT NULL COMMENT '创建时间',
  `up_user_id` varchar(50) COLLATE utf8_bin DEFAULT NULL COMMENT '修改人',
  `up_time` datetime DEFAULT NULL COMMENT '修改时间',
  `sort` varchar(50) COLLATE utf8_bin DEFAULT NULL COMMENT '排序编号',
  `note` varchar(100) COLLATE utf8_bin DEFAULT NULL COMMENT '备注',
  `del` decimal(1,0) DEFAULT NULL COMMENT '删除标记',
  PRIMARY KEY (`res_id`)
) ENGINE=InnoDB DEFAULT CHARSET=utf8 COLLATE=utf8_bin COMMENT='菜单按钮表';

/*Data for the table `sys_resources` */

insert  into `sys_resources`(`res_id`,`res_pid`,`res_name`,`res_desc`,`res_icon`,`res_url`,`res_type`,`res_target`,`allow_edit`,`allow_del`,`ct_user_id`,`ct_time`,`up_user_id`,`up_time`,`sort`,`note`,`del`) values ('0','','root','根路径',NULL,NULL,NULL,NULL,'0','1',NULL,'2016-09-17 15:15:25',NULL,NULL,NULL,NULL,'0'),('0007cd56-ee4d-40e2-bdb1-64717ba3781b','8fdf3ae7-1be6-447a-8212-af30815385c1','权限组添加','权限组添加','','/security/privilegegroup/add','system','system','1','0','admin','2016-10-20 00:01:35','admin','2016-10-20 00:18:26','','','0'),('00131316-864e-45fa-8001-17f7998d2073','4812d740-e771-4e24-9a54-4724d5f4a43f','职位是否存在','职位是否存在','','/security/position/isExist','system','','1','0','admin','2016-10-23 13:41:11',NULL,NULL,'','','0'),('010cfa64-9ddd-4982-96a5-c229e0a85e54','c932634a-d74d-4be4-b8f6-7c05912f61da','用户添加','用户添加','','/security/user/add','system','system','1','0','admin','2016-10-23 22:30:59',NULL,NULL,'','','0'),('031d70d7-d83c-4c61-aedf-268ad55ba7d6','b89199ee-c651-4a50-8a6c-21ecb4c716d0','菜单是否存在','菜单是否存在','','/security/menu/isExist','system','system','1','0','admin','2016-11-08 21:51:21',NULL,NULL,'','','0'),('0ca0618d-10d2-4d76-9c7e-291a0225d6cc','bedb93fd-6f47-4ec1-b403-b1f5e7c4fdd7','附件逻辑删除','附件逻辑删除','','/api/attachment/delete','system','system','1','0','admin','2016-11-20 19:09:41',NULL,NULL,'','','0'),('0d658563-f39a-43c3-b19f-85d4a8d53785','0007cd56-ee4d-40e2-bdb1-64717ba3781b','权限组是否存在','权限组是否存在','','/security/privilegegroup/isExist','system','system','1','0','admin','2016-10-22 15:08:59','admin','2016-10-22 15:11:07','','','0'),('0d7fdd3c-719b-4f59-95d4-bec300358198','8fdf3ae7-1be6-447a-8212-af30815385c1','权限组分配权限','权限组分配权限','','/security/privilegegroup/assignation','system','','1','0','admin','2016-10-20 00:21:44',NULL,NULL,'','','0'),('0df387cb-a37c-4b93-b224-340013abec84','eedf9660-5573-4cfe-bc56-ad7476727306','定时任务列表','定时任务列表','','/system/quartz/list','system','system','1','0','admin','2016-12-04 23:07:53',NULL,NULL,'','','0'),('1','0','后台管理首页','后台管理首页','/api/attachment/download?attachmentId=F952115C-5B28-468B-BD81-626868BDCC6D','/security/manage','system','system','1','1','admin','2016-08-15 00:00:00','admin','2016-11-17 22:43:57','12','s','0'),('10002684-31de-45ed-947c-fada0581066a','4d18e178-b204-4eb9-bb50-8241cabb4b38','菜单树','菜单树','','/security/menu/menuTree','system','system','1','0','admin','2016-11-08 21:51:49',NULL,NULL,'','','0'),('11937864-530a-4fdc-9980-6191431155ee','2513b0cc-d92e-49b4-b0e1-2c9abb3877f6','机构修改','机构修改','','/security/organization/edit','system','system','1','0','admin','2016-10-23 19:45:08',NULL,NULL,'','','0'),('12c9903e-40f1-498d-9104-1aaf8910d2e0','f6eee9df-1f3e-4722-9246-6cf55a905a67','角色组分配角色保存','角色组分配角色保存','','/security/rolerolegroup/save','system','','1','0','admin','2016-10-23 10:49:12',NULL,NULL,'','','0'),('197b6dcc-6008-4988-aedf-b230ccf0beb3','8405caab-b5fa-4ea6-8238-0b773ec3c0d8','机构分配角色组保存','机构分配角色组保存','','/security/orgrolegroup/save','system','system','1','0','admin','2016-10-25 22:06:55',NULL,NULL,'','','0'),('1b9441eb-2297-4df5-ab5e-50e030dd6dff','81c0ca58-0e0d-48cb-b3bb-e0c3e0aa8a68','参数添加','参数添加','','/system/param/add','system','system','1','0','admin','2016-12-20 20:45:49',NULL,NULL,'','','0'),('2','4ffe6df4-e24d-4346-ab70-63bf7488aa88','资源管理','资源管理','','/security/resource/listPage','system','','1','1','admin','2016-09-09 00:00:00','admin','2016-11-17 22:53:17','1','','0'),('204c5e2d-396e-4a7c-9d92-bfc584abec99','74aa11d2-0a91-4dbe-8ad5-f002712d25db','日志删除','日志删除','','/system/log/delete','system','system','1','0','admin','2016-12-19 22:03:12',NULL,NULL,'','','0'),('20fe7e69-c2e3-40b6-813b-e78e7d8d97a7','0','sdgsgsdfgsdg','sdfgsdg','/api/attachment/download?attachmentId=5C6B77CF-0EAA-4403-AA6C-32A1CF1D0FAD','sdfgsdfg','sdfgsdgsdfg','sdfgsdfg','1','1','admin','2016-09-25 00:00:00',NULL,NULL,'sdfgsdg','sdfgsdfgsdg','1'),('219586cb-0181-4a64-921b-cb4973647c0d','c932634a-d74d-4be4-b8f6-7c05912f61da','用户分配角色组','用户分配角色组','','/security/user/assignationRolegroup','system','system','1','0','admin','2016-10-25 22:41:02',NULL,NULL,'','','0'),('2513b0cc-d92e-49b4-b0e1-2c9abb3877f6','4ffe6df4-e24d-4346-ab70-63bf7488aa88','机构管理','机构管理','','/security/organization/listPage','system','','1','0','admin','2016-10-23 19:36:46','admin','2016-11-17 22:54:10','','','0'),('291d45be-6599-499e-8975-9b955fa371fe','ae4f8e00-0759-4689-bab8-6a5f9ebcd9c1','职位列表','职位列表','','/security/position/list','system','','1','0','admin','2016-10-23 13:36:03',NULL,NULL,'','','0'),('2bdb38d9-57fe-4cd9-a547-55cac5c5645b','c932634a-d74d-4be4-b8f6-7c05912f61da','用户详情','用户详情','','/security/user/detail','system','system','1','0','admin','2016-10-23 22:32:08',NULL,NULL,'','','0'),('3','2','资源列表','资源列表','','/security/resource/list','system','','1','1','admin','2016-09-11 00:00:00','admin','2016-09-29 20:16:30','1','','0'),('3058a96d-c83a-4963-adad-67a1424c5b0c','8fdf3ae7-1be6-447a-8212-af30815385c1','权限组列表','权限组列表','','/security/privilegegroup/list','system','system','1','0','admin','2016-10-19 22:58:50',NULL,NULL,'','','0'),('39f1fcc4-d134-465a-bd25-07e9375fc7d2','c932634a-d74d-4be4-b8f6-7c05912f61da','用户管理组织机构树','用户管理组织机构树','','/security/user/orgTree','system','system','1','0','admin','2016-10-27 21:08:40',NULL,NULL,'','','0'),('3b575699-f1de-4024-9659-c5b4e7795ed9','c932634a-d74d-4be4-b8f6-7c05912f61da','用户管理分配挂载部门','用户管理分配挂载部门','','/security/user/assignationOrg','system','system','1','0','admin','2016-10-27 22:52:31',NULL,NULL,'','','0'),('3c303ae8-ba46-43e9-a8f2-fb6367015382','c932634a-d74d-4be4-b8f6-7c05912f61da','用户分配角色','用户分配角色','','/security/user/assignationRole','system','system','1','0','admin','2016-10-25 22:40:06',NULL,NULL,'','','0'),('3da369f3-f081-403b-936f-db19be898048','c932634a-d74d-4be4-b8f6-7c05912f61da','用户修改','用户修改','','/security/user/edit','system','system','1','0','admin','2016-10-23 22:31:32',NULL,NULL,'','','0'),('3dc762c8-87f8-4ee5-8ffc-28776658b6e3','1','test','test','/api/attachment/download?attachmentId=0216CA0F-2541-459C-9F21-6682C16EA83B','test/test/test','testtest','test','0','1','admin','2016-09-25 00:56:07','admin','2016-09-28 23:41:15','test','test','1'),('4','3','资源添加','资源添加','','/security/resource/add','system','','1','1','admin','2016-09-18 21:46:07','admin','2016-09-29 20:17:02','1','','0'),('470e1f26-40d7-4e09-8a1e-ad20cf1db5a2','e7ec535b-7d35-4ce5-b7b6-a6c5c428c223','权限删除','权限删除','/api/attachment/download?attachmentId=40F278A3-8E6A-4B46-A47D-31DDFE9699FD','/security/privilege/delete','system','system','1','0','admin','2016-10-17 23:32:05',NULL,NULL,'1','','0'),('4812d740-e771-4e24-9a54-4724d5f4a43f','ae4f8e00-0759-4689-bab8-6a5f9ebcd9c1','职位添加','职位添加','','/security/position/add','system','','1','0','admin','2016-10-23 13:36:48',NULL,NULL,'','','0'),('4af19032-7b92-4753-aa47-2a98aabcfcb6','74038f5e-5e99-40ad-a2b0-39a1295fcb14','用户分配职位保存','用户分配职位保存','','/security/userposition/save','system','system','1','0','admin','2016-10-28 23:56:19',NULL,NULL,'','','0'),('4d18e178-b204-4eb9-bb50-8241cabb4b38','a79cc37a-06a8-49fa-a0b8-f83241079a59','菜单管理','菜单管理','','/security/menu/listPage','system','system','1','0','admin','2016-11-08 21:47:22','admin','2016-11-17 22:57:02','','','0'),('4e896f03-9317-44ca-97fe-207ac7d9c0fb','0','asdfasdf','asdf','','asdfasdf','asdfasdf','asdfasdf','0','1','admin','2016-09-25 00:00:00',NULL,NULL,'asdfasdf','asdfasd','1'),('4ffe6df4-e24d-4346-ab70-63bf7488aa88','0','机构权限','机构权限','','#1','system','system','1','0','admin','2016-11-17 22:44:27',NULL,NULL,'','','0'),('5','3','资源树数据','资源树数据','','/security/resource/resourceTree','system','','1','1','admin','2016-09-20 23:48:52','admin','2016-09-29 20:16:55','1','','0'),('511bb277-e864-4ef0-89e2-67f9092ce2b9','2513b0cc-d92e-49b4-b0e1-2c9abb3877f6','机构树','机构树','','/security/organization/orgTree','system','system','1','0','admin','2016-10-23 19:47:28',NULL,NULL,'','','0'),('52ae91c4-cb11-4bfd-903f-6fda6e95b70c','bedb93fd-6f47-4ec1-b403-b1f5e7c4fdd7','附件物理删除','附件物理删除','','/api/attachment/deleteByPhysical','system','system','1','0','admin','2016-11-20 19:10:06',NULL,NULL,'','','0'),('538baee1-096e-46d1-ae94-325b5562076b','2513b0cc-d92e-49b4-b0e1-2c9abb3877f6','机构添加','机构添加','','/security/organization/add','system','','1','0','admin','2016-10-23 19:44:05',NULL,NULL,'','','0'),('5598ec75-8499-4330-8f2a-9fb3ec514cc9','0df387cb-a37c-4b93-b224-340013abec84','定时任务执行','定时任务执行','','/system/quartz/execute','system','system','1','0','admin','2016-12-08 00:22:53',NULL,NULL,'','','0'),('57b24278-2106-4d8c-bd4f-f62f83402ea9','a9719e24-dddd-4570-929c-2d2492660f2b','角色组管理','角色组管理','','/security/rolegroup/listPage','system','system','1','0','admin','2016-10-22 23:06:43','admin','2016-11-17 22:59:58','','','0'),('57cc8c12-b934-4a0e-8e80-7ba7d7ad411f','57b24278-2106-4d8c-bd4f-f62f83402ea9','角色组添加','角色组添加','','/security/rolegroup/add','system','system','1','0','admin','2016-10-22 23:08:38',NULL,NULL,'','','0'),('57dd704d-b1b9-46d7-bc58-def418077e87','c932634a-d74d-4be4-b8f6-7c05912f61da','管理员修改用户密码','管理员修改用户密码','','/security/user/resetpassword','system','system','1','0','admin','2016-10-29 10:26:46',NULL,NULL,'','','0'),('5a1671f1-16be-4007-8118-a1c4aaf125e5','57cc8c12-b934-4a0e-8e80-7ba7d7ad411f','角色组是否存在','角色组是否存在','','/security/rolegroup/isExist','system','','1','0','admin','2016-10-22 23:12:09','admin','2016-10-22 23:12:32','','','0'),('5d248e17-0105-47c2-8476-ef8ea302ee4b','2513b0cc-d92e-49b4-b0e1-2c9abb3877f6','机构详情','机构详情','','/security/organization/detail','system','system','1','0','admin','2016-10-23 19:46:52',NULL,NULL,'','','0'),('6','0','API','API',NULL,'','api',NULL,'0','1','admin','2016-09-22 00:26:41',NULL,NULL,'1',NULL,'0'),('64381cb7-f044-41b9-816d-55b60e76ff2b','81c0ca58-0e0d-48cb-b3bb-e0c3e0aa8a68','参数树','参数树','','/system/param/list','system','system','1','0','admin','2016-12-20 20:45:27',NULL,NULL,'','','0'),('65dd0d89-c0e0-4af5-b0ce-d09008b04f5c','c932634a-d74d-4be4-b8f6-7c05912f61da','用户删除','用户删除','','/security/user/delete','system','system','1','0','admin','2016-10-23 22:32:41',NULL,NULL,'','','0'),('66371996-3bf6-4c45-b277-7f3688a567f3','6','图片读取','图片读取','','/api/attachment/downloadByWidthHeight','system','system','1','0','admin','2016-11-20 15:58:23',NULL,NULL,'','','0'),('66915c8e-fcb9-44a4-8c6c-4081ba4c3dda','0','fff','tgbb','/api/attachment/download?attachmentId=0EB7D745-8279-4915-9A82-33B51B495293','123456789','gggfdgsdgsdf','sdfgsdfgdgf','0','1','admin','2016-09-27 23:28:14',NULL,NULL,'sdfgsd','sdfgdg','1'),('66c64371-bc77-4554-b3cc-9da7ee1325ca','219586cb-0181-4a64-921b-cb4973647c0d','用户分配角色组保存','用户分配角色组保存','','/security/userrolegroup/save','system','system','1','0','admin','2016-10-25 22:42:09',NULL,NULL,'','','0'),('66d7d61a-bcbd-4688-9532-784a2fb90c80','81c0ca58-0e0d-48cb-b3bb-e0c3e0aa8a68','参数详情','参数详情','','/system/param/detail','system','system','1','0','admin','2016-12-20 20:47:10',NULL,NULL,'','','0'),('6bfb65d5-bea7-4e7e-b55a-61e4879460ec','e7ec535b-7d35-4ce5-b7b6-a6c5c428c223','权限列表','权限列表','','/security/privilege/list','system','','1','1','admin','2016-10-09 22:06:52',NULL,NULL,'','','0'),('6d62b548-8bb3-43e9-a8dd-b3801e79ba1b','4d18e178-b204-4eb9-bb50-8241cabb4b38','菜单详情','菜单详情','','/security/menu/detail','system','system','1','0','admin','2016-11-08 21:50:24',NULL,NULL,'','','0'),('6e401340-9776-47c1-996e-142bdc022139','4ffe6df4-e24d-4346-ab70-63bf7488aa88','权限相关','权限相关','','#1-1','system','system','1','0','admin','2016-11-17 22:57:47',NULL,NULL,'','','0'),('6f505f68-bf33-4d33-a568-ca5edc0c44c6','f358077b-f47a-4db3-be44-fcf35eb6655d','角色分配权限组','角色分配权限组','','/security/role/assignationGroup','system','system','1','0','admin','2016-10-22 18:50:55',NULL,NULL,'','','0'),('6f84144d-df44-46eb-84e6-4d332e7d917c','1','djdkkas;lf','faslfjsdf','/api/attachment/download?attachmentId=11878EB1-2EBF-4EBB-AC8A-B13BD0361948','ttttt','sdsafasdff','afasdfasdf','1','1','admin','2016-09-28 22:00:37',NULL,NULL,'15645','fvsavasv','1'),('7','6','API附件上传','API附件上传','','/api/attachment/upload','api','','0','1','admin','2016-09-22 00:28:02','admin','2016-09-29 20:15:23','1','','0'),('71ec0c9a-5b7b-481a-8913-8b25f0b2d927','6f505f68-bf33-4d33-a568-ca5edc0c44c6','角色分配权限组保存','角色分配权限组保存','','/security/rolepvggroup/save','system','system','1','0','admin','2016-10-22 20:42:05',NULL,NULL,'','','0'),('740314fb-71e7-46a8-8a1f-1f0cdfd63771','f358077b-f47a-4db3-be44-fcf35eb6655d','角色权限分配保存','角色权限分配持久化保存','','/security/roleprivilege/save','system','system','1','0','admin','2016-10-19 00:27:30',NULL,NULL,'','','0'),('74038f5e-5e99-40ad-a2b0-39a1295fcb14','c932634a-d74d-4be4-b8f6-7c05912f61da','用户分配职位','用户分配职位','','/security/user/assignationPosition','system','system','1','0','admin','2016-10-28 23:55:45',NULL,NULL,'','','0'),('740f960a-4999-459d-9cd8-2ae251a2e7a7','2513b0cc-d92e-49b4-b0e1-2c9abb3877f6','机构列表','机构列表','','/security/organization/list','system','','1','0','admin','2016-10-23 19:37:30',NULL,NULL,'','','0'),('74aa11d2-0a91-4dbe-8ad5-f002712d25db','e196cbf8-3c51-47cb-ae19-f5ceb1cb4cb9','日志列表','日志列表','','/system/log/list','system','system','1','0','admin','2016-12-19 00:13:41',NULL,NULL,'','','0'),('760dcbeb-376d-403c-aea8-15cf0336d171','f358077b-f47a-4db3-be44-fcf35eb6655d','角色列表','角色列表','','/security/role/list','system','system','1','0','admin','2016-10-18 21:46:26',NULL,NULL,'','','0'),('7650d4c6-021b-4921-b40d-47e6dc699811','f358077b-f47a-4db3-be44-fcf35eb6655d','角色详情','角色详情','','/security/role/detail','system','system','1','0','admin','2016-10-18 22:40:34',NULL,NULL,'','','0'),('76537e7d-22f0-45fb-9f81-4072378b4d21','3','资源修改','资源修改','','/security/resource/edit','system','','1','1','admin','2016-09-27 22:52:38','admin','2016-09-29 20:16:24','','','0'),('76537e7d-22f0-45fb-9f81-4072378b4d22','3','资源详情','资源详情','/api/attachment/download?attachmentId=6FE4B94F-8040-4750-9EE7-825A3D236D55','/security/resource/detail','system','','1','1','admin','2016-09-27 22:52:41','admin','2016-09-29 23:45:22','','','0'),('76537e7d-22f0-45fb-9f81-4072378b4d23','3','资源删除','资源删除','','/security/resource/delete','system','','1','1','admin','2016-09-27 22:52:42','admin','2016-09-29 20:16:36','','','0'),('76537e7d-22f0-45fb-9f81-4072378b4d91','0','y','y','','yyyyy','yyyyyy','yyyy','0','1','admin','2016-09-25 00:00:00',NULL,NULL,'','','1'),('778b34d0-89c0-4a4a-8d0a-e9b333409759','0','tt','tt','/api/attachment/download?attachmentId=61A7CA60-BF96-499F-8DD0-6AB50C8480F4','ttttt','tttttt','','1','1','admin','2016-09-25 00:00:00',NULL,NULL,'ttt','ttt','1'),('77a8e016-26ed-4d33-ac26-94279a318807','ae4f8e00-0759-4689-bab8-6a5f9ebcd9c1','职位删除','职位删除','','/security/position/delete','system','','1','0','admin','2016-10-23 13:40:28',NULL,NULL,'','','0'),('7b68c6ab-29d4-48c1-a250-abe12fd92ec4','e8be5f11-73f4-4d40-8293-0b8a1463ea47','角色是否存在','角色是否存在','','/security/role/isExist','system','system','1','0','admin','2016-10-18 21:48:58',NULL,NULL,'','','0'),('7b70a90a-5318-406d-9008-5f01ac6248ae','010cfa64-9ddd-4982-96a5-c229e0a85e54','用户是否存在','用户是否存在','','/security/user/isExist','system','system','1','0','admin','2016-10-23 22:33:15',NULL,NULL,'','','0'),('7fecc1e8-f339-4614-a1fb-f48191d91147','0df387cb-a37c-4b93-b224-340013abec84','定时任务暂停','定时任务暂停','','/system/quartz/pause','system','system','1','0','admin','2016-12-08 00:22:17',NULL,NULL,'','','0'),('801716d0-b6af-4095-aa99-dc6ba7e945e8','bedb93fd-6f47-4ec1-b403-b1f5e7c4fdd7','附件列表','附件列表','','/api/attachment/list','system','system','1','0','admin','2016-11-20 19:08:58',NULL,NULL,'','','0'),('81c0ca58-0e0d-48cb-b3bb-e0c3e0aa8a68','a79cc37a-06a8-49fa-a0b8-f83241079a59','参数管理','参数管理','','/system/param/listPage','system','system','1','0','admin','2016-12-20 20:44:42',NULL,NULL,'','','0'),('8405caab-b5fa-4ea6-8238-0b773ec3c0d8','2513b0cc-d92e-49b4-b0e1-2c9abb3877f6','机构分配角色组','机构分配角色组','','/security/organization/assignationRolegroup','system','system','1','0','admin','2016-10-25 22:05:49',NULL,NULL,'','','0'),('88294604-f5ab-45a4-91f3-677ced613e11','e7ec535b-7d35-4ce5-b7b6-a6c5c428c223','权限修改','权限修改','','/security/privilege/edit','system','','1','1','admin','2016-10-09 22:08:33',NULL,NULL,'','','0'),('8a858f74-426f-4d2d-8197-71692d71d269','0df387cb-a37c-4b93-b224-340013abec84','定时任务恢复','定时任务恢复','','/system/quartz/resume','system','system','1','0','admin','2016-12-18 23:34:32',NULL,NULL,'','','0'),('8b8441d2-80a6-415a-99ae-4e253168ebe6','a1268cfa-e4d8-4b57-8cda-364567ec6fb2','职位角色组分配保存','职位角色组分配保存','','/security/positionrolegroup/save','system','system','1','0','admin','2016-10-25 21:39:49',NULL,NULL,'','','0'),('8b95f70f-4f50-409b-bf00-faf7059d2d84','a2ef2557-6804-4023-a11a-978c06876e2f','机构分配角色保存','机构分配角色保存','','/security/orgrole/save','system','system','1','0','admin','2016-10-25 22:06:17',NULL,NULL,'','','0'),('8cb8e995-7558-42b2-bfee-e2eb7ac00ac5','8fdf3ae7-1be6-447a-8212-af30815385c1','权限组删除','权限组删除','','/security/privilegegroup/delete','system','','1','0','admin','2016-10-20 00:20:37',NULL,NULL,'','','0'),('8e1073a4-fa36-43df-af19-21ca55116520','4d18e178-b204-4eb9-bb50-8241cabb4b38','菜单列表','菜单列表','','/security/menu/list','system','system','1','0','admin','2016-11-08 21:47:57','admin','2016-11-08 21:48:50','','','0'),('8fdf3ae7-1be6-447a-8212-af30815385c1','6e401340-9776-47c1-996e-142bdc022139','权限组管理','权限组管理','','/security/privilegegroup/listPage','system','system','1','0','admin','2016-10-19 22:17:08','admin','2016-11-17 22:59:40','','','0'),('9048bdaa-8caf-4801-8392-d7a7e1389c3d','eedf9660-5573-4cfe-bc56-ad7476727306','定时任务编辑','定时任务编辑','','/system/quartz/edit','system','system','1','0','admin','2016-12-04 23:08:41',NULL,NULL,'','','0'),('93f55be3-4c5e-47ad-947e-13f13720e7dc','d0124e7b-0451-418b-8609-e59a5dc0cc3c','数据库连接池首页','数据库连接池首页','','/druid/index.html','system','system','1','0','admin','2016-10-31 22:11:04','admin','2016-10-31 22:13:57','','','0'),('9626bd2f-8719-4f5a-8d1b-d31de9415ee0','4d18e178-b204-4eb9-bb50-8241cabb4b38','菜单删除','菜单删除','','/security/menu/delete','system','system','1','0','admin','2016-11-08 21:50:44',NULL,NULL,'','','0'),('96c23912-a136-4bdd-8c66-eabc51c06a24','57b24278-2106-4d8c-bd4f-f62f83402ea9','角色组列表','角色组列表','','/security/rolegroup/list','system','system','1','0','admin','2016-10-22 23:07:45',NULL,NULL,'','','0'),('98541127-1836-4bcc-8537-a2292364f43f','ae4f8e00-0759-4689-bab8-6a5f9ebcd9c1','职位修改','职位修改','','/security/position/edit','system','','1','0','admin','2016-10-23 13:37:32',NULL,NULL,'','','0'),('9a138e7f-630e-4b7e-8912-90ae3e343aed','4d18e178-b204-4eb9-bb50-8241cabb4b38','菜单修改','菜单修改','','/security/menu/edit','system','system','1','0','admin','2016-11-08 21:49:59',NULL,NULL,'','','0'),('9a29b605-307c-432b-8b82-df807770bb46','ea273d77-74fb-462a-a812-52a408d81e2c','权限是否存在','权限是否存在','','/security/privilege/isExist','system','','0','1','admin','2016-10-09 22:39:54',NULL,NULL,'','','0'),('9d65113b-db6f-4c6e-8c05-4625b82043ad','4d18e178-b204-4eb9-bb50-8241cabb4b38','菜单资源树','菜单资源树','','/security/menu/resourceTree','system','system','1','0','admin','2016-11-08 23:04:45',NULL,NULL,'','','0'),('a1268cfa-e4d8-4b57-8cda-364567ec6fb2','ae4f8e00-0759-4689-bab8-6a5f9ebcd9c1','职位分配角色组','职位分配角色组','','/security/position/assignationRolegroup','system','system','1','0','admin','2016-10-25 21:38:14',NULL,NULL,'','','0'),('a2ef2557-6804-4023-a11a-978c06876e2f','2513b0cc-d92e-49b4-b0e1-2c9abb3877f6','机构分配角色','机构分配角色','','/security/organization/assignationRole','system','system','1','0','admin','2016-10-25 22:05:29',NULL,NULL,'','','0'),('a79cc37a-06a8-49fa-a0b8-f83241079a59','0','系统管理','系统管理','','#2','system','system','1','0','admin','2016-11-17 22:44:43',NULL,NULL,'','','0'),('a8961999-0d41-49a9-9570-edf8728da220','ca3d0aec-e6af-427c-8b83-436e688965a2','职位角色分配保存','职位角色分配保存','','/security/positionrole/save','system','system','1','0','admin','2016-10-25 21:39:06',NULL,NULL,'','','0'),('a8a74cfe-6140-4af7-8291-afa96d9840f0','81c0ca58-0e0d-48cb-b3bb-e0c3e0aa8a68','参数修改','参数修改','','/system/param/edit','system','system','1','0','admin','2016-12-20 20:46:15',NULL,NULL,'','','0'),('a9719e24-dddd-4570-929c-2d2492660f2b','4ffe6df4-e24d-4346-ab70-63bf7488aa88','角色相关','角色相关','','#1-2','system','system','1','0','admin','2016-11-17 22:58:23',NULL,NULL,'','','0'),('ad5e1192-0e62-4fca-92e5-2afae3492d16','e7ec535b-7d35-4ce5-b7b6-a6c5c428c223','权限详情','权限详情','','/security/privilege/detail','system','','1','1','admin','2016-10-09 22:09:13',NULL,NULL,'','','0'),('ad83ebed-9e03-4d60-ab47-d03159689fde','3b575699-f1de-4024-9659-c5b4e7795ed9','用户管理分配挂载部门保存','用户管理分配挂载部门保存','','/security/userorg/save','system','system','1','0','admin','2016-10-27 22:53:20',NULL,NULL,'','','0'),('ada0b5ff-d94c-48d0-8f51-71adaf62e1b9','eedf9660-5573-4cfe-bc56-ad7476727306','定时任务删除','定时任务删除','','/system/quartz/delete','system','system','1','0','admin','2016-12-04 23:09:21',NULL,NULL,'','','0'),('ae4f8e00-0759-4689-bab8-6a5f9ebcd9c1','4ffe6df4-e24d-4346-ab70-63bf7488aa88','职位管理','职位管理','','/security/position/listPage','system','','1','0','admin','2016-10-23 13:35:21','admin','2016-11-17 22:55:34','','','0'),('b1497ee8-4638-4c71-9609-eaf405819b59','f358077b-f47a-4db3-be44-fcf35eb6655d','角色权限树','角色权限树','','/security/role/privilegeTree','system','system','1','0','admin','2016-10-18 23:23:48',NULL,NULL,'','','0'),('b53f8503-8fa7-46b1-bcc4-62bd1d0f4d74','3c303ae8-ba46-43e9-a8f2-fb6367015382','用户分配角色保存','用户分配角色保存','','/security/userrole/save','system','system','1','0','admin','2016-10-25 22:41:37',NULL,NULL,'','','0'),('b6dcf433-190f-4f43-a83c-07ef1632f757','8fdf3ae7-1be6-447a-8212-af30815385c1','权限组修改','权限组修改','','/security/privilegegroup/edit','system','system','1','0','admin','2016-10-20 00:17:28',NULL,NULL,'','','0'),('b89199ee-c651-4a50-8a6c-21ecb4c716d0','4d18e178-b204-4eb9-bb50-8241cabb4b38','菜单添加','菜单添加','','/security/menu/add','system','system','1','0','admin','2016-11-08 21:49:34',NULL,NULL,'','','0'),('ba17826c-cb3d-4151-bcba-06fd43cf7ffb','2513b0cc-d92e-49b4-b0e1-2c9abb3877f6','组织机构分配职位','组织机构分配职位','','/security/organization/assignationPosition','system','system','1','0','admin','2016-10-28 00:00:20','admin','2016-10-28 00:05:04','','','0'),('bade72e2-2c30-45f0-84cb-70ec80d41fb7','3','asdf','asdf','/api/attachment/download?attachmentId=5CDF440F-CA97-4DDF-AFAD-5C6206E35340','/security/resource/isExistd','asdfdd','asdf','0','1','admin','2016-09-25 15:11:58','admin','2016-09-29 20:15:37','fff','fff','1'),('bedb93fd-6f47-4ec1-b403-b1f5e7c4fdd7','a79cc37a-06a8-49fa-a0b8-f83241079a59','附件管理','附件管理','','/api/attachment/listPage','system','system','1','0','admin','2016-11-20 19:08:13',NULL,NULL,'','','0'),('c340d04f-1302-4252-bed3-25a2422f5a55','57b24278-2106-4d8c-bd4f-f62f83402ea9','角色组修改','角色组修改','','/security/rolegroup/edit','system','system','1','0','admin','2016-10-22 23:09:11','admin','2016-10-22 23:10:22','','','0'),('c3468490-13d3-4698-9a4f-255ce82a121a','e7ec535b-7d35-4ce5-b7b6-a6c5c428c223','权限树','权限树','','/security/privilege/privilegeTree','system','','1','1','admin','2016-10-09 22:11:37','admin','2016-10-09 22:38:46','','','0'),('c461cae7-ea69-415d-add4-68b79ff7d870','538baee1-096e-46d1-ae94-325b5562076b','机构是否存在','机构是否存在','','/security/organization/isExist','system','system','1','0','admin','2016-10-23 19:47:59',NULL,NULL,'','','0'),('c89bd52b-91bf-4b3f-ab3a-aa990ff27097','eedf9660-5573-4cfe-bc56-ad7476727306','定时任务详情','定时任务详情','','/system/quartz/detail','system','system','1','0','admin','2016-12-04 23:09:04',NULL,NULL,'','','0'),('c8ab4695-58fa-4e51-adb8-67a4ea707622','1','zsdfg','asdfasdfasdfasdf','','asdf','asdf','asdf','0','1','admin','2016-10-17 23:44:03',NULL,NULL,'asdf','asdf','1'),('c8eac244-e43f-4877-80bb-4346d8a0ed6d','0','ww','ww','','wwwwwwww','wwwwwwwwwwww','ww','0','1','admin','2016-09-25 00:00:00',NULL,NULL,'','','1'),('c932634a-d74d-4be4-b8f6-7c05912f61da','4ffe6df4-e24d-4346-ab70-63bf7488aa88','用户管理','用户管理','','/security/user/listPage','system','system','1','0','admin','2016-10-23 22:29:37','admin','2016-11-17 22:55:18','','','0'),('ca3d0aec-e6af-427c-8b83-436e688965a2','ae4f8e00-0759-4689-bab8-6a5f9ebcd9c1','职位角色分配','职位角色分配','','/security/position/assignationRole','system','system','1','0','admin','2016-10-25 21:37:26',NULL,NULL,'','','0'),('ca90d58d-90ed-4164-a6c7-0f31ad6ecfce','eedf9660-5573-4cfe-bc56-ad7476727306','定时任务添加','定时任务添加','','/system/quartz/add','system','system','1','0','admin','2016-12-04 23:08:22',NULL,NULL,'','','0'),('cddae8f4-cf3f-45e5-8efd-7a91f13ce116','81c0ca58-0e0d-48cb-b3bb-e0c3e0aa8a68','参数删除','参数删除','','/system/param/delete','system','system','1','0','admin','2016-12-20 20:46:42',NULL,NULL,'','','0'),('cf603151-e25a-4e17-b0e2-28df7a10434c','f358077b-f47a-4db3-be44-fcf35eb6655d','角色删除','角色删除','','/security/role/delete','system','system','1','0','admin','2016-10-18 21:47:07',NULL,NULL,'','','0'),('d0124e7b-0451-418b-8609-e59a5dc0cc3c','a79cc37a-06a8-49fa-a0b8-f83241079a59','druid数据库连接池','druid数据库连接池','','/druid','system','system','1','0','admin','2016-10-31 22:08:08','admin','2016-11-17 23:10:57','','','0'),('d04216e6-3945-4ce3-827c-cd9803e41e9d','ba17826c-cb3d-4151-bcba-06fd43cf7ffb','组织机构分配职位保存','组织机构分配职位保存','','/security/orgposition/save','system','system','1','0','admin','2016-10-28 00:01:18',NULL,NULL,'','','0'),('d21c0ab8-c7f5-4a83-b3f5-9fba1693f04d','bedb93fd-6f47-4ec1-b403-b1f5e7c4fdd7','附件详情','附件详情','','/api/attachment/detail','system','system','1','0','admin','2016-11-20 19:10:36',NULL,NULL,'','','0'),('d3625781-2eb5-4645-ae58-d5708ebd8546','f358077b-f47a-4db3-be44-fcf35eb6655d','角色修改','角色修改','','/security/role/edit','system','system','1','0','admin','2016-10-18 21:48:05',NULL,NULL,'','','0'),('db6d5283-4293-400f-9a6c-01b2d90a740d','ae4f8e00-0759-4689-bab8-6a5f9ebcd9c1','职位详情','职位详情','','/security/position/detail','system','','1','0','admin','2016-10-23 13:39:50',NULL,NULL,'','','0'),('dbbb028e-e75b-4897-854f-3a6954912507','4','资源是否存在','验证资源是否存在','','/security/resource/isExist','system','','1','1','admin','2016-09-25 13:40:09','admin','2016-09-29 20:16:41','','','0'),('de80089c-77c8-4aec-8efc-2c0b37d9fe6f','f358077b-f47a-4db3-be44-fcf35eb6655d','角色权限分配','角色权限分配','','/security/role/assignation','system','system','1','0','admin','2016-10-18 23:12:02',NULL,NULL,'','','0'),('e196cbf8-3c51-47cb-ae19-f5ceb1cb4cb9','a79cc37a-06a8-49fa-a0b8-f83241079a59','日志管理','日志管理','','/system/log/listPage','system','system','1','0','admin','2016-12-19 00:11:01','admin','2016-12-19 00:14:02','','','0'),('e2e62ef0-e459-4757-91c1-b3c9a96cf76b','57b24278-2106-4d8c-bd4f-f62f83402ea9','角色组详情','角色组详情','','/security/rolegroup/detail','system','','1','0','admin','2016-10-22 23:11:11',NULL,NULL,'','','0'),('e36ac3a9-d84f-4bc9-b825-06f76acfa39f','8fdf3ae7-1be6-447a-8212-af30815385c1','权限组分配权限树','权限组分配权限树','','/security/privilegegroup/privilegeTree','system','','1','0','admin','2016-10-20 00:43:02',NULL,NULL,'','','0'),('e727ec25-9067-409e-8d85-e63b24f1099a','e36ac3a9-d84f-4bc9-b825-06f76acfa39f','权限组分配保存','权限组分配保存持久化','','/security/pvgpvggroup/save','system','','1','0','admin','2016-10-20 00:41:41','admin','2016-10-22 20:44:17','','','0'),('e7ec535b-7d35-4ce5-b7b6-a6c5c428c223','6e401340-9776-47c1-996e-142bdc022139','权限管理','权限管理','/api/attachment/download?attachmentId=3E474E2B-EC22-4F84-AEE5-5B62DA2D6684','/security/privilege/listPage','system','','1','1','admin','2016-10-08 21:23:09','admin','2016-11-17 22:59:02','','','0'),('e8be5f11-73f4-4d40-8293-0b8a1463ea47','f358077b-f47a-4db3-be44-fcf35eb6655d','角色添加','角色添加','','/security/role/add','system','system','1','0','admin','2016-10-18 21:45:55',NULL,NULL,'','','0'),('ea273d77-74fb-462a-a812-52a408d81e2c','e7ec535b-7d35-4ce5-b7b6-a6c5c428c223','权限添加','权限添加','','/security/privilege/add','system','','1','1','admin','2016-10-09 22:07:54',NULL,NULL,'','','0'),('ea9eac79-0ff9-4bc8-8e1d-6e570758260a','2513b0cc-d92e-49b4-b0e1-2c9abb3877f6','机构删除','机构删除','','/security/organization/delete','system','system','1','0','admin','2016-10-23 19:46:23',NULL,NULL,'','','0'),('eaf20d81-6da5-4913-a7cf-1af672f84653','74aa11d2-0a91-4dbe-8ad5-f002712d25db','日志清空','日志清空','','/system/log/clean','system','system','1','0','admin','2016-12-19 22:03:36',NULL,NULL,'','','0'),('ec86d695-342e-46bc-9e8f-b9d3548067c7','57b24278-2106-4d8c-bd4f-f62f83402ea9','角色组删除','角色组删除','','/security/rolegroup/delete','system','','1','0','admin','2016-10-22 23:09:57',NULL,NULL,'','','0'),('ed3c1476-b9e4-46ef-bf0a-4b35b6c5dcef','8fdf3ae7-1be6-447a-8212-af30815385c1','权限组详情','权限组详情','','/security/privilegegroup/detail','system','','1','0','admin','2016-10-20 00:21:12',NULL,NULL,'','','0'),('eedf9660-5573-4cfe-bc56-ad7476727306','a79cc37a-06a8-49fa-a0b8-f83241079a59','定时任务管理','定时任务管理','','/system/quartz/listPage','system','system','1','0','admin','2016-12-04 23:05:33',NULL,NULL,'','','0'),('f358077b-f47a-4db3-be44-fcf35eb6655d','a9719e24-dddd-4570-929c-2d2492660f2b','角色管理','角色管理','','/security/role/listPage','system','system','1','0','admin','2016-10-18 21:44:48','admin','2016-11-17 23:00:25','','','0'),('f526f1ba-4d97-4349-a2d1-9220f7aea6f8','c932634a-d74d-4be4-b8f6-7c05912f61da','用户列表','用户列表','','/security/user/list','system','system','1','0','admin','2016-10-23 22:30:26',NULL,NULL,'','','0'),('f6eee9df-1f3e-4722-9246-6cf55a905a67','57b24278-2106-4d8c-bd4f-f62f83402ea9','角色组分配权限','角色组分配权限','','/security/rolegroup/assignation','system','','1','0','admin','2016-10-23 09:40:00',NULL,NULL,'','','0');

/*Table structure for table `sys_role` */

DROP TABLE IF EXISTS `sys_role`;

CREATE TABLE `sys_role` (
  `role_id` varchar(50) COLLATE utf8_bin NOT NULL COMMENT '角色ID',
  `role_pid` varchar(50) COLLATE utf8_bin DEFAULT NULL COMMENT '父级角色ID',
  `role_name` varchar(100) COLLATE utf8_bin DEFAULT NULL COMMENT '角色名称',
  `role_desc` varchar(100) COLLATE utf8_bin DEFAULT NULL COMMENT '角色描述',
  `role_type` varchar(50) COLLATE utf8_bin DEFAULT NULL COMMENT '角色类型',
  `allow_edit` decimal(1,0) DEFAULT NULL COMMENT '允许编辑',
  `allow_del` decimal(1,0) DEFAULT NULL COMMENT '允许删除',
  `ct_user_id` varchar(50) COLLATE utf8_bin DEFAULT NULL COMMENT '创建人',
  `ct_time` datetime DEFAULT NULL COMMENT '创建时间',
  `up_user_id` varchar(50) COLLATE utf8_bin DEFAULT NULL COMMENT '修改人',
  `up_time` datetime DEFAULT NULL COMMENT '修改时间',
  `sort` varchar(50) COLLATE utf8_bin DEFAULT NULL COMMENT '排序编号',
  `note` varchar(100) COLLATE utf8_bin DEFAULT NULL COMMENT '备注',
  `del` decimal(1,0) DEFAULT NULL COMMENT '删除标记',
  PRIMARY KEY (`role_id`)
) ENGINE=InnoDB DEFAULT CHARSET=utf8 COLLATE=utf8_bin COMMENT='角色表';

/*Data for the table `sys_role` */

insert  into `sys_role`(`role_id`,`role_pid`,`role_name`,`role_desc`,`role_type`,`allow_edit`,`allow_del`,`ct_user_id`,`ct_time`,`up_user_id`,`up_time`,`sort`,`note`,`del`) values ('1',NULL,'管理员开发角色','管理员开发角色','dev','1','1','admin','2016-09-08 01:00:00',NULL,NULL,'1',NULL,'0'),('2822b1af-2db9-4365-980e-8037e47b6064',NULL,'rgasdf','asdf','dev','1','1','admin','2016-10-23 09:42:11',NULL,NULL,'asdf','asdf','0'),('3b2541f2-114f-429a-a6fd-a59344f4d991',NULL,'tjyuftuty','tyutyut','dev','1','1','admin','2016-10-23 09:42:27',NULL,NULL,'tyu','tyu','0'),('3b3f4261-ce66-417e-8831-82cbd235700e',NULL,'asafaf','zsdfasdf','dev','1','0','admin','2016-10-23 09:42:03','admin','2016-10-23 23:39:12','asdf','asdf','0'),('3d403e21-983f-4957-9eb3-ad5f8d4d9b98',NULL,'test','test','dev','1','1','admin','2016-10-26 20:18:34',NULL,NULL,'test','test','0'),('628eed1f-cdeb-403e-81e1-014f30e827eb',NULL,'asdfasdfasdf','asdfasdf','dev','1','1','admin','2016-10-23 09:42:19',NULL,NULL,'asdf','asdf','0'),('6b10ecee-c693-4bdb-ae7e-51d871d64968',NULL,'阿什顿飞','阿什顿飞','system','1','1','admin','2016-10-18 00:00:00','admin','2016-10-20 23:32:46','1','1','0'),('a25fb340-2253-4c44-a892-4a062f65d329',NULL,'test','testddd','system','1','1','admin','2016-10-18 00:00:00','admin','2016-10-18 22:46:23','','','1'),('ad232cee-ffb4-4c09-ab9d-df916842854c',NULL,'testf','testsdf','dev','1','1','admin','2016-10-18 22:46:08','admin','2016-10-18 22:49:01','','','1');

/*Table structure for table `sys_role_privilege` */

DROP TABLE IF EXISTS `sys_role_privilege`;

CREATE TABLE `sys_role_privilege` (
  `rp_id` varchar(50) COLLATE utf8_bin NOT NULL COMMENT '记录标识',
  `role_id` varchar(50) COLLATE utf8_bin DEFAULT NULL COMMENT '角色ID',
  `pvg_id` varchar(50) COLLATE utf8_bin DEFAULT NULL COMMENT '权限ID',
  `create_time` datetime DEFAULT NULL COMMENT '创建时间',
  `note` varchar(100) COLLATE utf8_bin DEFAULT NULL COMMENT '备注',
  PRIMARY KEY (`rp_id`)
) ENGINE=InnoDB DEFAULT CHARSET=utf8 COLLATE=utf8_bin COMMENT='角色权限表';

/*Data for the table `sys_role_privilege` */

insert  into `sys_role_privilege`(`rp_id`,`role_id`,`pvg_id`,`create_time`,`note`) values ('000002a7-091a-4812-aa84-59e052c17d76','1','c340d04f-1302-4252-bed3-25a2422f5a55','2016-12-20 20:47:28',NULL),('006cedd1-e41a-42bf-b157-b7d0710af695','6b10ecee-c693-4bdb-ae7e-51d871d64968','7650d4c6-021b-4921-b40d-47e6dc699811','2016-11-20 23:12:41',NULL),('009a9945-4a25-4e9c-b813-8c275e97516f','6b10ecee-c693-4bdb-ae7e-51d871d64968','de80089c-77c8-4aec-8efc-2c0b37d9fe6f','2016-11-20 23:12:41',NULL),('00a5d459-ecd3-4f00-a501-aa00a289feec','6b10ecee-c693-4bdb-ae7e-51d871d64968','dbbb028e-e75b-4897-854f-3a6954912507','2016-11-20 23:12:39',NULL),('016cba01-5ff1-4928-82ac-12236384f305','1','98541127-1836-4bcc-8537-a2292364f43f','2016-12-20 20:47:29',NULL),('01ff9095-a5fc-4618-bb09-63a6ef963d13','1','291d45be-6599-499e-8975-9b955fa371fe','2016-12-20 20:47:29',NULL),('05845468-279f-4b94-982c-a5a142ede21e','3d403e21-983f-4957-9eb3-ad5f8d4d9b98','4ffe6df4-e24d-4346-ab70-63bf7488aa88','2016-11-20 15:59:00',NULL),('058ff70e-89cc-495a-b341-dc911c183fbd','1','b1497ee8-4638-4c71-9609-eaf405819b59','2016-12-20 20:47:29',NULL),('05f57286-0e6c-4c6e-be20-bed6ff72ede4','1','ae4f8e00-0759-4689-bab8-6a5f9ebcd9c1','2016-12-20 20:47:29',NULL),('063df397-4552-4347-b4b3-c8feffdea0c4','6b10ecee-c693-4bdb-ae7e-51d871d64968','4','2016-11-20 23:12:39',NULL),('073550f6-38a3-4d52-aa60-420f83055781','1','9a138e7f-630e-4b7e-8912-90ae3e343aed','2016-12-20 20:47:30',NULL),('087c87d5-4c1d-4f5c-9e3f-247d67421968','6b10ecee-c693-4bdb-ae7e-51d871d64968','11937864-530a-4fdc-9980-6191431155ee','2016-11-20 23:12:39',NULL),('08c9a3e2-0664-451c-afbf-310c00d2e393','1','74aa11d2-0a91-4dbe-8ad5-f002712d25db','2016-12-20 20:47:30',NULL),('0bf9c6d0-9d13-43c9-bea6-7ddaf44ea7a3','6b10ecee-c693-4bdb-ae7e-51d871d64968','801716d0-b6af-4095-aa99-dc6ba7e945e8','2016-11-20 23:12:42',NULL),('0dd370f5-ef5b-484c-b6ff-e8daaf67a2f3','1','10002684-31de-45ed-947c-fada0581066a','2016-12-20 20:47:30',NULL),('0e84204f-2243-40a2-a6d6-72536c71323a','3d403e21-983f-4957-9eb3-ad5f8d4d9b98','74038f5e-5e99-40ad-a2b0-39a1295fcb14','2016-11-20 15:59:02',NULL),('0ee464fa-51c8-43a5-b69a-6c3f05312712','3d403e21-983f-4957-9eb3-ad5f8d4d9b98','d3625781-2eb5-4645-ae58-d5708ebd8546','2016-11-20 15:59:01',NULL),('0f112e06-f783-41ff-8f7a-0fdb04abeba1','6b10ecee-c693-4bdb-ae7e-51d871d64968','b89199ee-c651-4a50-8a6c-21ecb4c716d0','2016-11-20 23:12:42',NULL),('0f78d870-2f63-43e7-866a-3be5955970f5','6b10ecee-c693-4bdb-ae7e-51d871d64968','8fdf3ae7-1be6-447a-8212-af30815385c1','2016-11-20 23:12:40',NULL),('10b97a60-b45c-4710-9d6b-f2b0f24c9440','3d403e21-983f-4957-9eb3-ad5f8d4d9b98','a8961999-0d41-49a9-9570-edf8728da220','2016-11-20 15:59:01',NULL),('116326f8-4e7e-48fb-b0db-e9d9c81fdaf5','3d403e21-983f-4957-9eb3-ad5f8d4d9b98','00131316-864e-45fa-8001-17f7998d2073','2016-11-20 15:59:01',NULL),('123b86ff-2e5d-437d-9e71-b15e86c69d16','3d403e21-983f-4957-9eb3-ad5f8d4d9b98','f358077b-f47a-4db3-be44-fcf35eb6655d','2016-11-20 15:59:01',NULL),('134e6942-191d-4fd7-8c7b-2c1796486d5e','6b10ecee-c693-4bdb-ae7e-51d871d64968','0007cd56-ee4d-40e2-bdb1-64717ba3781b','2016-11-20 23:12:40',NULL),('14ae375e-6294-4dbb-8499-8fc63b3783dc','6b10ecee-c693-4bdb-ae7e-51d871d64968','ad83ebed-9e03-4d60-ab47-d03159689fde','2016-11-20 23:12:42',NULL),('14c313ff-3944-4e22-b0ef-bc7f6543ac2e','1','ad5e1192-0e62-4fca-92e5-2afae3492d16','2016-12-20 20:47:28',NULL),('150fdb9a-ca98-423e-9e05-35e8acf4dec0','6b10ecee-c693-4bdb-ae7e-51d871d64968','e8be5f11-73f4-4d40-8293-0b8a1463ea47','2016-11-20 23:12:41',NULL),('153c3312-3226-4c0d-a58b-5e7dac59fd0b','6b10ecee-c693-4bdb-ae7e-51d871d64968','8405caab-b5fa-4ea6-8238-0b773ec3c0d8','2016-11-20 23:12:40',NULL),('154db3d9-f73e-4e63-80d7-584d08ae96a2','3d403e21-983f-4957-9eb3-ad5f8d4d9b98','96c23912-a136-4bdd-8c66-eabc51c06a24','2016-11-20 15:59:00',NULL),('15a599d0-68ab-4ef7-a53b-8a17a944565a','1','e36ac3a9-d84f-4bc9-b825-06f76acfa39f','2016-12-20 20:47:28',NULL),('16890668-0b93-4876-b2a4-a0eaac956162','1','7fecc1e8-f339-4614-a1fb-f48191d91147','2016-12-20 20:47:30',NULL),('1a9fe364-9945-4a50-8898-a8c05371f634','1','57dd704d-b1b9-46d7-bc58-def418077e87','2016-12-20 20:47:29',NULL),('1b3304af-12cb-4d2d-8625-2e43be316b02','3d403e21-983f-4957-9eb3-ad5f8d4d9b98','5d248e17-0105-47c2-8476-ef8ea302ee4b','2016-11-20 15:59:00',NULL),('1b6d6488-f9db-44f2-9056-a6b1d6b1f7fa','1','de80089c-77c8-4aec-8efc-2c0b37d9fe6f','2016-12-20 20:47:29',NULL),('1b7c4305-e68a-4c47-a5e5-09498593a88a','6b10ecee-c693-4bdb-ae7e-51d871d64968','9a138e7f-630e-4b7e-8912-90ae3e343aed','2016-11-20 23:12:42',NULL),('1c06299e-a58b-43e8-bc2e-0c49eef7a110','6b10ecee-c693-4bdb-ae7e-51d871d64968','4d18e178-b204-4eb9-bb50-8241cabb4b38','2016-11-20 23:12:42',NULL),('1d27c3da-cf96-48bc-9c81-c46101cbd2d6','6b10ecee-c693-4bdb-ae7e-51d871d64968','e727ec25-9067-409e-8d85-e63b24f1099a','2016-11-20 23:12:40',NULL),('1d34cf75-c87f-43f2-a6f6-b947c6fcda90','1','740f960a-4999-459d-9cd8-2ae251a2e7a7','2016-12-20 20:47:28',NULL),('1dd4cdd4-e766-4aa5-a725-4831257499d4','3d403e21-983f-4957-9eb3-ad5f8d4d9b98','b53f8503-8fa7-46b1-bcc4-62bd1d0f4d74','2016-11-20 15:59:01',NULL),('1de5a57f-bd3d-45a2-b0e4-46cd4ee5c116','1','65dd0d89-c0e0-4af5-b0ce-d09008b04f5c','2016-12-20 20:47:29',NULL),('1e6c9a1a-b6fb-4d1f-9f81-a85ae3883652','1','e727ec25-9067-409e-8d85-e63b24f1099a','2016-12-20 20:47:28',NULL),('1e7a158b-7c0e-4976-b718-4d0f52554845','1','ea9eac79-0ff9-4bc8-8e1d-6e570758260a','2016-12-20 20:47:28',NULL),('21d086b7-b3ea-4e99-881f-c6f5c85cdcf4','6b10ecee-c693-4bdb-ae7e-51d871d64968','ea9eac79-0ff9-4bc8-8e1d-6e570758260a','2016-11-20 23:12:40',NULL),('227511ed-45fb-4530-a900-9da3a5601d9f','1','5598ec75-8499-4330-8f2a-9fb3ec514cc9','2016-12-20 20:47:30',NULL),('22981147-ad99-42db-b997-93f6c81889b5','1','52ae91c4-cb11-4bfd-903f-6fda6e95b70c','2016-12-20 20:47:30',NULL),('22c0adb9-3a03-4ece-9b3e-55aecedea990','1','5d248e17-0105-47c2-8476-ef8ea302ee4b','2016-12-20 20:47:28',NULL),('23c2cfe5-9eeb-46be-9b3e-a76424f58b2e','1','2bdb38d9-57fe-4cd9-a547-55cac5c5645b','2016-12-20 20:47:29',NULL),('23f8380a-970e-495c-a02e-0b226155f719','1','39f1fcc4-d134-465a-bd25-07e9375fc7d2','2016-12-20 20:47:29',NULL),('25eda8db-b9bc-45ed-b1e3-398a9b59d316','1','c932634a-d74d-4be4-b8f6-7c05912f61da','2016-12-20 20:47:29',NULL),('261902a1-9a44-4e30-8cf2-0ea189a7172f','6b10ecee-c693-4bdb-ae7e-51d871d64968','c3468490-13d3-4698-9a4f-255ce82a121a','2016-11-20 23:12:40',NULL),('2728def6-81e7-4336-921c-93240ccc0849','6b10ecee-c693-4bdb-ae7e-51d871d64968','db6d5283-4293-400f-9a6c-01b2d90a740d','2016-11-20 23:12:41',NULL),('28422ff9-d096-45a2-8e94-559b9c390874','6b10ecee-c693-4bdb-ae7e-51d871d64968','cf603151-e25a-4e17-b0e2-28df7a10434c','2016-11-20 23:12:41',NULL),('2888fc98-e063-4b66-abec-0d97f99d5e68','6b10ecee-c693-4bdb-ae7e-51d871d64968','5','2016-11-20 23:12:39',NULL),('28c366cf-3ae3-4119-af33-5f5e80c87505','6b10ecee-c693-4bdb-ae7e-51d871d64968','ed3c1476-b9e4-46ef-bf0a-4b35b6c5dcef','2016-11-20 23:12:40',NULL),('28cfed78-76c6-435a-a5fd-5a7189e7b495','6b10ecee-c693-4bdb-ae7e-51d871d64968','93f55be3-4c5e-47ad-947e-13f13720e7dc','2016-11-20 23:12:42',NULL),('2ad09db4-2403-471d-82e2-42c6c17443d4','6b10ecee-c693-4bdb-ae7e-51d871d64968','5a1671f1-16be-4007-8118-a1c4aaf125e5','2016-11-20 23:12:41',NULL),('2c2c231d-733f-472d-b6b5-e82dc2107a69','1','ca3d0aec-e6af-427c-8b83-436e688965a2','2016-12-20 20:47:29',NULL),('2d58ee78-69ed-497c-9d85-28ec9f13c946','6b10ecee-c693-4bdb-ae7e-51d871d64968','9a29b605-307c-432b-8b82-df807770bb46','2016-11-20 23:12:40',NULL),('2dd7a5c9-68f7-4390-b999-3689519a7dda','6b10ecee-c693-4bdb-ae7e-51d871d64968','7b68c6ab-29d4-48c1-a250-abe12fd92ec4','2016-11-20 23:12:41',NULL),('2e5394f5-1c16-44f5-bf56-fea6f54ed9b8','3d403e21-983f-4957-9eb3-ad5f8d4d9b98','a9719e24-dddd-4570-929c-2d2492660f2b','2016-11-20 15:59:00',NULL),('2fcbd878-0f9c-4024-8b15-89ec9e08a3bc','1','00131316-864e-45fa-8001-17f7998d2073','2016-12-20 20:47:29',NULL),('30ebd27b-66f4-4f35-88f5-d2d620474270','6b10ecee-c693-4bdb-ae7e-51d871d64968','760dcbeb-376d-403c-aea8-15cf0336d171','2016-11-20 23:12:41',NULL),('322db4c6-89f7-4637-adc2-b73415a1221a','1','eaf20d81-6da5-4913-a7cf-1af672f84653','2016-12-20 20:47:30',NULL),('34c0fb98-b74c-4cb1-8cfc-f9da17e91c38','1','2','2016-12-20 20:47:27',NULL),('35d53ac5-26ce-43a4-85dc-69e80d79623b','3d403e21-983f-4957-9eb3-ad5f8d4d9b98','4af19032-7b92-4753-aa47-2a98aabcfcb6','2016-11-20 15:59:02',NULL),('36665c1a-4abc-4ee2-bbd4-fa7718b0253a','1','470e1f26-40d7-4e09-8a1e-ad20cf1db5a2','2016-12-20 20:47:28',NULL),('3686741a-aaf2-423c-b322-0b4c0f740283','3d403e21-983f-4957-9eb3-ad5f8d4d9b98','a1268cfa-e4d8-4b57-8cda-364567ec6fb2','2016-11-20 15:59:01',NULL),('3782d26b-52d0-41f6-9911-4109dad8cf46','3d403e21-983f-4957-9eb3-ad5f8d4d9b98','2513b0cc-d92e-49b4-b0e1-2c9abb3877f6','2016-11-20 15:59:00',NULL),('3811ae49-7719-47f0-bd75-b006afd07d09','6b10ecee-c693-4bdb-ae7e-51d871d64968','8cb8e995-7558-42b2-bfee-e2eb7ac00ac5','2016-11-20 23:12:40',NULL),('38afef59-972f-4a5f-ac79-62644d40dc0c','3d403e21-983f-4957-9eb3-ad5f8d4d9b98','b1497ee8-4638-4c71-9609-eaf405819b59','2016-11-20 15:59:01',NULL),('38f3b846-510e-4dfd-baae-3777c9a1301b','6b10ecee-c693-4bdb-ae7e-51d871d64968','66c64371-bc77-4554-b3cc-9da7ee1325ca','2016-11-20 23:12:41',NULL),('3ae13e8b-728b-4734-a814-8ebf6b5812b3','6b10ecee-c693-4bdb-ae7e-51d871d64968','96c23912-a136-4bdd-8c66-eabc51c06a24','2016-11-20 23:12:41',NULL),('3ae7cede-57f7-4350-b0de-cdbbfb90fc95','6b10ecee-c693-4bdb-ae7e-51d871d64968','8e1073a4-fa36-43df-af19-21ca55116520','2016-11-20 23:12:42',NULL),('3c2cce5f-1c31-4a31-8b06-24e1628dc07e','1','8cb8e995-7558-42b2-bfee-e2eb7ac00ac5','2016-12-20 20:47:28',NULL),('3d73938f-36bc-4a7c-927d-41183eb3345e','6b10ecee-c693-4bdb-ae7e-51d871d64968','d21c0ab8-c7f5-4a83-b3f5-9fba1693f04d','2016-11-20 23:12:42',NULL),('3e4c5d27-612b-4d61-b84a-9997f3f7c834','1','ca90d58d-90ed-4164-a6c7-0f31ad6ecfce','2016-12-20 20:47:30',NULL),('3ff43fa8-f546-4d08-8674-27d190c1ff48','3d403e21-983f-4957-9eb3-ad5f8d4d9b98','ad83ebed-9e03-4d60-ab47-d03159689fde','2016-11-20 15:59:01',NULL),('420c4907-7f64-45ce-b9de-854e58137b3f','6b10ecee-c693-4bdb-ae7e-51d871d64968','538baee1-096e-46d1-ae94-325b5562076b','2016-11-20 23:12:39',NULL),('424c511e-2a6b-4068-ac73-ec54b96e7e6c','6b10ecee-c693-4bdb-ae7e-51d871d64968','52ae91c4-cb11-4bfd-903f-6fda6e95b70c','2016-11-20 23:12:42',NULL),('42dbedbf-5e63-4ee3-a96b-bad009c83243','1','d21c0ab8-c7f5-4a83-b3f5-9fba1693f04d','2016-12-20 20:47:30',NULL),('44732dff-4eb6-42a8-8148-8db01421913b','3d403e21-983f-4957-9eb3-ad5f8d4d9b98','197b6dcc-6008-4988-aedf-b230ccf0beb3','2016-11-20 15:59:00',NULL),('44baecce-0a9d-4403-a5ac-e5df9ba1343d','6b10ecee-c693-4bdb-ae7e-51d871d64968','3','2016-11-20 23:12:39',NULL),('458bbdee-c300-4925-b785-35634f9907b2','6b10ecee-c693-4bdb-ae7e-51d871d64968','12c9903e-40f1-498d-9104-1aaf8910d2e0','2016-11-20 23:12:41',NULL),('47c6f435-5d68-4642-b64c-ff76a5f43c65','6b10ecee-c693-4bdb-ae7e-51d871d64968','98541127-1836-4bcc-8537-a2292364f43f','2016-11-20 23:12:41',NULL),('4a213ca9-3b5f-4e18-aa86-421d0c4b4f79','1','b89199ee-c651-4a50-8a6c-21ecb4c716d0','2016-12-20 20:47:30',NULL),('4c2258ff-d0ed-48a9-a929-422635df5d1c','1','3da369f3-f081-403b-936f-db19be898048','2016-12-20 20:47:29',NULL),('4d432ed1-c5d1-442a-ad8a-9b13179b2f35','6b10ecee-c693-4bdb-ae7e-51d871d64968','ec86d695-342e-46bc-9e8f-b9d3548067c7','2016-11-20 23:12:41',NULL),('4d577407-61e0-4145-8d61-64d31e366b59','1','8b95f70f-4f50-409b-bf00-faf7059d2d84','2016-12-20 20:47:28',NULL),('4d9d38ac-c798-443d-907b-e5aea6828f7b','6b10ecee-c693-4bdb-ae7e-51d871d64968','e36ac3a9-d84f-4bc9-b825-06f76acfa39f','2016-11-20 23:12:40',NULL),('4d9edd86-0228-40b9-b6ad-51ebf73d533f','1','0ca0618d-10d2-4d76-9c7e-291a0225d6cc','2016-12-20 20:47:30',NULL),('4e6f8e3e-c01e-447c-94c9-dc8f97a67d42','3d403e21-983f-4957-9eb3-ad5f8d4d9b98','cf603151-e25a-4e17-b0e2-28df7a10434c','2016-11-20 15:59:01',NULL),('4f0cd353-4f07-492d-bd65-db9862513a48','1','5a1671f1-16be-4007-8118-a1c4aaf125e5','2016-12-20 20:47:28',NULL),('4fcbe775-4dcf-451e-beb1-2439f7e23711','1','7b68c6ab-29d4-48c1-a250-abe12fd92ec4','2016-12-20 20:47:29',NULL),('50c2c21b-6753-40df-8f8c-cf97061b59d1','1','9a29b605-307c-432b-8b82-df807770bb46','2016-12-20 20:47:28',NULL),('517f949d-619f-4913-8373-6e83e49a74f5','1','9d65113b-db6f-4c6e-8c05-4625b82043ad','2016-12-20 20:47:30',NULL),('552e1ebe-4f1e-43a7-aa0d-ab926f8d2fd2','6b10ecee-c693-4bdb-ae7e-51d871d64968','f526f1ba-4d97-4349-a2d1-9220f7aea6f8','2016-11-20 23:12:42',NULL),('57810891-26ba-40ff-b76f-f1602d247e55','6b10ecee-c693-4bdb-ae7e-51d871d64968','740f960a-4999-459d-9cd8-2ae251a2e7a7','2016-11-20 23:12:39',NULL),('58c0a5c2-f3f7-4077-8867-25f499044e7a','1','9048bdaa-8caf-4801-8392-d7a7e1389c3d','2016-12-20 20:47:30',NULL),('58dd5923-6ca5-4669-aa81-8781579dc577','3d403e21-983f-4957-9eb3-ad5f8d4d9b98','c340d04f-1302-4252-bed3-25a2422f5a55','2016-11-20 15:59:00',NULL),('59748f35-766d-4a19-8e1c-d02d4949ab95','1','740314fb-71e7-46a8-8a1f-1f0cdfd63771','2016-12-20 20:47:29',NULL),('5b4c7320-da48-4d4a-bea0-268eaf446911','6b10ecee-c693-4bdb-ae7e-51d871d64968','57dd704d-b1b9-46d7-bc58-def418077e87','2016-11-20 23:12:42',NULL),('5ba97584-f53c-41c6-8500-c05de610132f','6b10ecee-c693-4bdb-ae7e-51d871d64968','66371996-3bf6-4c45-b277-7f3688a567f3','2016-11-20 23:12:42',NULL),('5bbf5d43-4b56-4f9d-8448-da0afc2b9a2d','3d403e21-983f-4957-9eb3-ad5f8d4d9b98','291d45be-6599-499e-8975-9b955fa371fe','2016-11-20 15:59:01',NULL),('5c00cf15-b555-4b67-bfb3-7e18b6254727','1','538baee1-096e-46d1-ae94-325b5562076b','2016-12-20 20:47:28',NULL),('5efb24a9-ad28-4855-84ab-fa3b68d16262','1','0007cd56-ee4d-40e2-bdb1-64717ba3781b','2016-12-20 20:47:28',NULL),('5ff805b3-4e7d-469c-b09e-0108247337b6','1','760dcbeb-376d-403c-aea8-15cf0336d171','2016-12-20 20:47:29',NULL),('60513c65-d5ac-4b8c-9e39-e79a47440f7f','6b10ecee-c693-4bdb-ae7e-51d871d64968','10002684-31de-45ed-947c-fada0581066a','2016-11-20 23:12:42',NULL),('61a0b61f-c44f-44ad-ab8b-46484ab776a3','6b10ecee-c693-4bdb-ae7e-51d871d64968','f358077b-f47a-4db3-be44-fcf35eb6655d','2016-11-20 23:12:41',NULL),('61b45ce9-8417-4f6c-b404-3cfee97015fb','6b10ecee-c693-4bdb-ae7e-51d871d64968','4af19032-7b92-4753-aa47-2a98aabcfcb6','2016-11-20 23:12:42',NULL),('621fbab1-ba60-4992-aad1-b3ec86ddbb7f','6b10ecee-c693-4bdb-ae7e-51d871d64968','b53f8503-8fa7-46b1-bcc4-62bd1d0f4d74','2016-11-20 23:12:42',NULL),('64c68191-8a2b-4b3e-9348-8761529dd59d','3d403e21-983f-4957-9eb3-ad5f8d4d9b98','7b68c6ab-29d4-48c1-a250-abe12fd92ec4','2016-11-20 15:59:01',NULL),('6559ba6e-e7a2-4bb2-8bc6-f886650c52fd','1','197b6dcc-6008-4988-aedf-b230ccf0beb3','2016-12-20 20:47:28',NULL),('666740c1-ffa2-4a79-bfb7-138f6913f58f','1','11937864-530a-4fdc-9980-6191431155ee','2016-12-20 20:47:28',NULL),('68330661-9b92-46e6-9856-8a2a02a89d20','6b10ecee-c693-4bdb-ae7e-51d871d64968','3058a96d-c83a-4963-adad-67a1424c5b0c','2016-11-20 23:12:40',NULL),('685bb3ce-6702-4e9e-b562-177a32e127ff','1','8a858f74-426f-4d2d-8197-71692d71d269','2016-12-20 20:47:30',NULL),('6a65b223-2ffc-4b51-84f0-af34001a8dad','1','88294604-f5ab-45a4-91f3-677ced613e11','2016-12-20 20:47:28',NULL),('6b8e5689-5763-41f3-9e9a-8cadf9caf54f','6b10ecee-c693-4bdb-ae7e-51d871d64968','57cc8c12-b934-4a0e-8e80-7ba7d7ad411f','2016-11-20 23:12:41',NULL),('6bb7d183-81df-42e2-9c09-c0664312844e','1','511bb277-e864-4ef0-89e2-67f9092ce2b9','2016-12-20 20:47:28',NULL),('6bd4a94f-cab5-4d06-a508-759dd50a8ad8','6b10ecee-c693-4bdb-ae7e-51d871d64968','6e401340-9776-47c1-996e-142bdc022139','2016-11-20 23:12:40',NULL),('6cd20587-0993-4c93-9137-553e03dcb28b','6b10ecee-c693-4bdb-ae7e-51d871d64968','a8961999-0d41-49a9-9570-edf8728da220','2016-11-20 23:12:41',NULL),('6d8bb72b-2a7f-468a-9065-9cb379fe7a65','6b10ecee-c693-4bdb-ae7e-51d871d64968','7b70a90a-5318-406d-9008-5f01ac6248ae','2016-11-20 23:12:41',NULL),('6da9122e-49a5-42eb-9ef9-c7d30574cc12','6b10ecee-c693-4bdb-ae7e-51d871d64968','57b24278-2106-4d8c-bd4f-f62f83402ea9','2016-11-20 23:12:40',NULL),('6e7fa8cb-62cf-4ad1-8af9-add2b05c1a48','1','4af19032-7b92-4753-aa47-2a98aabcfcb6','2016-12-20 20:47:29',NULL),('6f0a7334-c873-431d-818e-daf95eab3e7c','1','f6eee9df-1f3e-4722-9246-6cf55a905a67','2016-12-20 20:47:29',NULL),('701768e3-c2b8-4100-a455-740275c73004','1','db6d5283-4293-400f-9a6c-01b2d90a740d','2016-12-20 20:47:29',NULL),('70bda720-1226-4cf5-8438-cd2c5e9e3662','1','0','2016-12-20 20:47:27',NULL),('71a20e33-e04a-4b57-b90c-5ec9ac1a32ef','3d403e21-983f-4957-9eb3-ad5f8d4d9b98','98541127-1836-4bcc-8537-a2292364f43f','2016-11-20 15:59:01',NULL),('71b465cb-dba5-4fe9-892d-65c90bfed902','3d403e21-983f-4957-9eb3-ad5f8d4d9b98','5a1671f1-16be-4007-8118-a1c4aaf125e5','2016-11-20 15:59:00',NULL),('71f2720c-0527-4567-b123-b5989ab5578b','3d403e21-983f-4957-9eb3-ad5f8d4d9b98','e2e62ef0-e459-4757-91c1-b3c9a96cf76b','2016-11-20 15:59:00',NULL),('72609fc5-bfc1-472b-872d-e8887ff4570c','1','3c303ae8-ba46-43e9-a8f2-fb6367015382','2016-12-20 20:47:29',NULL),('75c23dd8-fdf8-4c9a-b3c2-285ac086d7e4','3d403e21-983f-4957-9eb3-ad5f8d4d9b98','3b575699-f1de-4024-9659-c5b4e7795ed9','2016-11-20 15:59:01',NULL),('75d1ae01-9973-4ed8-8f67-adf15aa3ccfb','1','66d7d61a-bcbd-4688-9532-784a2fb90c80','2016-12-20 20:47:30',NULL),('75ee9e53-6d1a-49e8-b14a-aafa28afeddb','6b10ecee-c693-4bdb-ae7e-51d871d64968','71ec0c9a-5b7b-481a-8913-8b25f0b2d927','2016-11-20 23:12:41',NULL),('75ef9c7d-aa7a-4c17-ad82-d4ce69d0e68f','3d403e21-983f-4957-9eb3-ad5f8d4d9b98','219586cb-0181-4a64-921b-cb4973647c0d','2016-11-20 15:59:01',NULL),('76a27aee-91e2-4f6a-bef6-28f37c64978b','1','76537e7d-22f0-45fb-9f81-4072378b4d21','2016-12-20 20:47:27',NULL),('7731a1f9-ce3d-4647-a87c-8bde776b11c8','1','7650d4c6-021b-4921-b40d-47e6dc699811','2016-12-20 20:47:29',NULL),('777ce3eb-9fb1-4e97-aedc-9b8fec7b9092','1','3b575699-f1de-4024-9659-c5b4e7795ed9','2016-12-20 20:47:29',NULL),('77e08c8c-cd05-43c4-9920-d553f80a4d3b','3d403e21-983f-4957-9eb3-ad5f8d4d9b98','f6eee9df-1f3e-4722-9246-6cf55a905a67','2016-11-20 15:59:01',NULL),('7884667d-1ea6-45b6-bfc8-1852eb589995','6b10ecee-c693-4bdb-ae7e-51d871d64968','b6dcf433-190f-4f43-a83c-07ef1632f757','2016-11-20 23:12:40',NULL),('789d56b0-0503-45ea-9ee5-eef6ef213833','6b10ecee-c693-4bdb-ae7e-51d871d64968','ba17826c-cb3d-4151-bcba-06fd43cf7ffb','2016-11-20 23:12:40',NULL),('78dad9b2-fa2b-445f-9086-2c2637383235','1','71ec0c9a-5b7b-481a-8913-8b25f0b2d927','2016-12-20 20:47:29',NULL),('7a7d753e-774b-4a32-b283-59878fb71624','6b10ecee-c693-4bdb-ae7e-51d871d64968','740314fb-71e7-46a8-8a1f-1f0cdfd63771','2016-11-20 23:12:41',NULL),('7aa2c2f9-ff2a-4d3d-afbd-8b25bea24ed4','1','c461cae7-ea69-415d-add4-68b79ff7d870','2016-12-20 20:47:28',NULL),('7addb73c-57d2-4967-9dd6-916bfb15a689','1','4d18e178-b204-4eb9-bb50-8241cabb4b38','2016-12-20 20:47:30',NULL),('7ae8a5d5-fe25-4211-92e5-b929e4eb22fa','6b10ecee-c693-4bdb-ae7e-51d871d64968','77a8e016-26ed-4d33-ac26-94279a318807','2016-11-20 23:12:41',NULL),('7aee118e-648a-4afa-8968-d0b9dd7e6557','6b10ecee-c693-4bdb-ae7e-51d871d64968','2bdb38d9-57fe-4cd9-a547-55cac5c5645b','2016-11-20 23:12:41',NULL),('7b868546-1497-4386-85a8-c040236fa9d2','3d403e21-983f-4957-9eb3-ad5f8d4d9b98','f526f1ba-4d97-4349-a2d1-9220f7aea6f8','2016-11-20 15:59:02',NULL),('7b9c1109-5d8e-4f79-af20-1169a1a3ddb3','6b10ecee-c693-4bdb-ae7e-51d871d64968','470e1f26-40d7-4e09-8a1e-ad20cf1db5a2','2016-11-20 23:12:40',NULL),('7bf5366d-a084-4c1c-a737-b75ac89eb638','1','c3468490-13d3-4698-9a4f-255ce82a121a','2016-12-20 20:47:28',NULL),('7c8898d4-6c40-47d5-bb7d-ce405b6e5952','1','a1268cfa-e4d8-4b57-8cda-364567ec6fb2','2016-12-20 20:47:29',NULL),('7f17817f-f08c-491b-ba14-4e27b6538cc4','6b10ecee-c693-4bdb-ae7e-51d871d64968','7','2016-11-20 23:12:42',NULL),('7f88c48e-57bb-4a12-beea-17ed7eafb549','3d403e21-983f-4957-9eb3-ad5f8d4d9b98','511bb277-e864-4ef0-89e2-67f9092ce2b9','2016-11-20 15:59:00',NULL),('7fa455d1-1db7-4cec-bf25-2e222e5105ab','1','c89bd52b-91bf-4b3f-ab3a-aa990ff27097','2016-12-20 20:47:30',NULL),('80179bd3-ff2d-48b4-8f20-d1649d31b07c','1','66c64371-bc77-4554-b3cc-9da7ee1325ca','2016-12-20 20:47:29',NULL),('8105c97d-19c4-4988-a968-9dd9bd48ee3c','6b10ecee-c693-4bdb-ae7e-51d871d64968','d0124e7b-0451-418b-8609-e59a5dc0cc3c','2016-11-20 23:12:42',NULL),('82657e99-69aa-4cb9-b196-a42199e86fd2','1','2513b0cc-d92e-49b4-b0e1-2c9abb3877f6','2016-12-20 20:47:28',NULL),('82ac7ccf-5611-43c9-a25f-32d556615f4d','3d403e21-983f-4957-9eb3-ad5f8d4d9b98','66371996-3bf6-4c45-b277-7f3688a567f3','2016-11-20 15:59:02',NULL),('82fadec6-1610-4188-b925-8e63921b2ddc','1','77a8e016-26ed-4d33-ac26-94279a318807','2016-12-20 20:47:29',NULL),('83649a25-e430-40aa-821d-7dce93ad8185','6b10ecee-c693-4bdb-ae7e-51d871d64968','76537e7d-22f0-45fb-9f81-4072378b4d23','2016-11-20 23:12:39',NULL),('838b5969-df48-491b-b353-f2549e2e4678','1','ada0b5ff-d94c-48d0-8f51-71adaf62e1b9','2016-12-20 20:47:30',NULL),('8390d4e3-a83a-40e2-82cb-037c1e31cc52','6b10ecee-c693-4bdb-ae7e-51d871d64968','a1268cfa-e4d8-4b57-8cda-364567ec6fb2','2016-11-20 23:12:41',NULL),('846624b4-c411-41d7-a4ca-8b48078aa8af','6b10ecee-c693-4bdb-ae7e-51d871d64968','2','2016-11-20 23:12:39',NULL),('850d27aa-6f2a-41e5-a64d-bff01ed5b47b','3d403e21-983f-4957-9eb3-ad5f8d4d9b98','7b70a90a-5318-406d-9008-5f01ac6248ae','2016-11-20 15:59:01',NULL),('863748b7-bcd2-49ab-bd5a-31deb5788057','1','b6dcf433-190f-4f43-a83c-07ef1632f757','2016-12-20 20:47:28',NULL),('868decde-fe51-4743-bdc7-253f2af91a62','6b10ecee-c693-4bdb-ae7e-51d871d64968','bedb93fd-6f47-4ec1-b403-b1f5e7c4fdd7','2016-11-20 23:12:42',NULL),('86a41634-dd6e-49db-929d-16cf8da828cb','3d403e21-983f-4957-9eb3-ad5f8d4d9b98','39f1fcc4-d134-465a-bd25-07e9375fc7d2','2016-11-20 15:59:01',NULL),('8895f103-97a6-411c-94bc-baf48cf60c3f','1','66371996-3bf6-4c45-b277-7f3688a567f3','2016-12-20 20:47:29',NULL),('8962f61b-4c65-4777-b161-2cbab7da6da8','1','93f55be3-4c5e-47ad-947e-13f13720e7dc','2016-12-20 20:47:30',NULL),('8a4b6708-50ea-484e-b287-a5e6f8a53bd9','1','0d7fdd3c-719b-4f59-95d4-bec300358198','2016-12-20 20:47:28',NULL),('8c4c4e38-6e49-4b9e-83d9-dfc5d614c378','1','bedb93fd-6f47-4ec1-b403-b1f5e7c4fdd7','2016-12-20 20:47:30',NULL),('8caa8f26-1c73-4f7f-a665-61b14f63ef11','3d403e21-983f-4957-9eb3-ad5f8d4d9b98','740314fb-71e7-46a8-8a1f-1f0cdfd63771','2016-11-20 15:59:01',NULL),('8d6fd356-356c-477f-ac0e-e6c1cfab742d','6b10ecee-c693-4bdb-ae7e-51d871d64968','f6eee9df-1f3e-4722-9246-6cf55a905a67','2016-11-20 23:12:41',NULL),('8e120516-8549-4149-b675-09563108c08d','1','204c5e2d-396e-4a7c-9d92-bfc584abec99','2016-12-20 20:47:30',NULL),('8e2b525f-b5b1-406e-b660-990027748e73','1','5','2016-12-20 20:47:27',NULL),('9002a887-1a91-4958-8b77-30ce359434bd','3d403e21-983f-4957-9eb3-ad5f8d4d9b98','538baee1-096e-46d1-ae94-325b5562076b','2016-11-20 15:59:00',NULL),('9002aee7-923c-49bc-91f1-c0738d8bb91f','1','eedf9660-5573-4cfe-bc56-ad7476727306','2016-12-20 20:47:30',NULL),('90d7db64-b470-47e0-a167-8e777984551e','1','ec86d695-342e-46bc-9e8f-b9d3548067c7','2016-12-20 20:47:28',NULL),('90fcc972-d5d5-4c9b-af00-dc18a0d46118','1','6','2016-12-20 20:47:29',NULL),('918fe00d-63e0-4f30-88db-e3be959a576e','1','74038f5e-5e99-40ad-a2b0-39a1295fcb14','2016-12-20 20:47:29',NULL),('9243f806-86c9-40a9-bbbf-f4704d821220','3d403e21-983f-4957-9eb3-ad5f8d4d9b98','ca3d0aec-e6af-427c-8b83-436e688965a2','2016-11-20 15:59:01',NULL),('92c0e8fa-acbc-4f8f-9121-8faf1d47df49','6b10ecee-c693-4bdb-ae7e-51d871d64968','3b575699-f1de-4024-9659-c5b4e7795ed9','2016-11-20 23:12:41',NULL),('92fba112-61b5-450e-b39a-db29542e5f76','6b10ecee-c693-4bdb-ae7e-51d871d64968','197b6dcc-6008-4988-aedf-b230ccf0beb3','2016-11-20 23:12:40',NULL),('93187092-e771-4e3e-bf1b-efaa0553cc64','6b10ecee-c693-4bdb-ae7e-51d871d64968','ad5e1192-0e62-4fca-92e5-2afae3492d16','2016-11-20 23:12:40',NULL),('9352e8a5-f0fe-4b22-b9f8-0baa7982744f','1','d04216e6-3945-4ce3-827c-cd9803e41e9d','2016-12-20 20:47:28',NULL),('9372e5fe-764b-4b78-afb6-b1be50b2734a','1','ea273d77-74fb-462a-a812-52a408d81e2c','2016-12-20 20:47:28',NULL),('93fc80e9-5a05-45ab-88cf-8249f3ff930e','3d403e21-983f-4957-9eb3-ad5f8d4d9b98','ea9eac79-0ff9-4bc8-8e1d-6e570758260a','2016-11-20 15:59:00',NULL),('940ca7ff-91c2-4b28-a470-62f46509c6c7','6b10ecee-c693-4bdb-ae7e-51d871d64968','5d248e17-0105-47c2-8476-ef8ea302ee4b','2016-11-20 23:12:39',NULL),('945bdf5b-fc01-4939-a7ed-3353ce71cc22','6b10ecee-c693-4bdb-ae7e-51d871d64968','010cfa64-9ddd-4982-96a5-c229e0a85e54','2016-11-20 23:12:41',NULL),('94b71851-dc58-4dc0-ace1-a5f2dedb9446','6b10ecee-c693-4bdb-ae7e-51d871d64968','ca3d0aec-e6af-427c-8b83-436e688965a2','2016-11-20 23:12:41',NULL),('9664d76a-68fa-4047-82f2-059e18803c68','1','ed3c1476-b9e4-46ef-bf0a-4b35b6c5dcef','2016-12-20 20:47:28',NULL),('967f2110-51f6-4c8e-86e8-424e989ee1c0','3d403e21-983f-4957-9eb3-ad5f8d4d9b98','3da369f3-f081-403b-936f-db19be898048','2016-11-20 15:59:02',NULL),('96bc7f47-a5ae-47b8-b58a-beadb92ed8e7','6b10ecee-c693-4bdb-ae7e-51d871d64968','76537e7d-22f0-45fb-9f81-4072378b4d21','2016-11-20 23:12:39',NULL),('982d8958-e634-46d5-8fdb-ed2b872ed66e','1','219586cb-0181-4a64-921b-cb4973647c0d','2016-12-20 20:47:29',NULL),('98c0b110-1769-4997-912c-1f2c969ec8ee','1','4','2016-12-20 20:47:27',NULL),('9914feaf-8821-4c66-8fc5-9247b4e4af13','1','4812d740-e771-4e24-9a54-4724d5f4a43f','2016-12-20 20:47:29',NULL),('999f8605-8761-4732-ac53-fc4d134c36a3','3d403e21-983f-4957-9eb3-ad5f8d4d9b98','71ec0c9a-5b7b-481a-8913-8b25f0b2d927','2016-11-20 15:59:01',NULL),('99bfb5ff-cda8-44f2-9537-282c96850ae0','3d403e21-983f-4957-9eb3-ad5f8d4d9b98','3c303ae8-ba46-43e9-a8f2-fb6367015382','2016-11-20 15:59:01',NULL),('9a7f12fe-75c9-43b6-8a25-8346e58d3777','1','d0124e7b-0451-418b-8609-e59a5dc0cc3c','2016-12-20 20:47:30',NULL),('9b2fb798-da66-446f-9279-3615da806ffd','6b10ecee-c693-4bdb-ae7e-51d871d64968','9d65113b-db6f-4c6e-8c05-4625b82043ad','2016-11-20 23:12:42',NULL),('9b69b19c-abd0-4063-93a4-e88ab58ed2fe','6b10ecee-c693-4bdb-ae7e-51d871d64968','6','2016-11-20 23:12:42',NULL),('9b7a06b9-d848-4ccc-9282-f2e3d837ce65','1','12c9903e-40f1-498d-9104-1aaf8910d2e0','2016-12-20 20:47:29',NULL),('9c205408-f1a9-4f4e-b824-ec85de279a39','1','e196cbf8-3c51-47cb-ae19-f5ceb1cb4cb9','2016-12-20 20:47:30',NULL),('9dae9a18-71a5-4ec7-b18f-2d9c7c5ed38f','3d403e21-983f-4957-9eb3-ad5f8d4d9b98','d04216e6-3945-4ce3-827c-cd9803e41e9d','2016-11-20 15:59:00',NULL),('9df63957-97fa-4440-a35b-c8fba18da253','3d403e21-983f-4957-9eb3-ad5f8d4d9b98','ba17826c-cb3d-4151-bcba-06fd43cf7ffb','2016-11-20 15:59:00',NULL),('9ed0fc22-2634-48a8-85e4-0fc641651919','6b10ecee-c693-4bdb-ae7e-51d871d64968','e7ec535b-7d35-4ce5-b7b6-a6c5c428c223','2016-11-20 23:12:40',NULL),('a0ea48d4-62c3-4783-925b-2670122a66b4','1','cf603151-e25a-4e17-b0e2-28df7a10434c','2016-12-20 20:47:29',NULL),('a592ec3b-c24e-4044-8855-2f37a899c179','1','dbbb028e-e75b-4897-854f-3a6954912507','2016-12-20 20:47:27',NULL),('a7d538e3-cab5-4c98-85db-7237c635044e','1','031d70d7-d83c-4c61-aedf-268ad55ba7d6','2016-12-20 20:47:30',NULL),('a7df2ed0-5f05-4724-a2e6-91d4b01ca244','6b10ecee-c693-4bdb-ae7e-51d871d64968','9626bd2f-8719-4f5a-8d1b-d31de9415ee0','2016-11-20 23:12:42',NULL),('a8676f60-9526-4a3f-9dca-3ea116bd97cf','1','a9719e24-dddd-4570-929c-2d2492660f2b','2016-12-20 20:47:28',NULL),('a8ec3061-b74a-44e8-ba6f-cf94b3b15219','6b10ecee-c693-4bdb-ae7e-51d871d64968','511bb277-e864-4ef0-89e2-67f9092ce2b9','2016-11-20 23:12:39',NULL),('a93ce1ae-47aa-4ee5-8cbb-3887eb7f91de','3d403e21-983f-4957-9eb3-ad5f8d4d9b98','8b8441d2-80a6-415a-99ae-4e253168ebe6','2016-11-20 15:59:01',NULL),('aa022681-d340-4a73-badc-bc0f3dbabe27','1','8405caab-b5fa-4ea6-8238-0b773ec3c0d8','2016-12-20 20:47:28',NULL),('ab8ad751-2bc5-49a7-b508-2bdffb737f12','3d403e21-983f-4957-9eb3-ad5f8d4d9b98','8405caab-b5fa-4ea6-8238-0b773ec3c0d8','2016-11-20 15:59:00',NULL),('acb18a49-ac39-4d78-906f-2afda3bf2602','3d403e21-983f-4957-9eb3-ad5f8d4d9b98','760dcbeb-376d-403c-aea8-15cf0336d171','2016-11-20 15:59:01',NULL),('ad07229c-bddf-4238-8c34-84669dbb35e3','1','57cc8c12-b934-4a0e-8e80-7ba7d7ad411f','2016-12-20 20:47:28',NULL),('ad7f8319-a680-41cd-824e-66d056f89ac9','6b10ecee-c693-4bdb-ae7e-51d871d64968','0','2016-11-20 23:12:39',NULL),('aef2e5d9-448e-40fa-bece-7c238ef32d7b','1','3','2016-12-20 20:47:27',NULL),('b06a1084-526e-4a67-9785-fbc2be1c467a','6b10ecee-c693-4bdb-ae7e-51d871d64968','39f1fcc4-d134-465a-bd25-07e9375fc7d2','2016-11-20 23:12:41',NULL),('b3b1d049-d0ea-48bd-b8d0-97f2240bfd97','1','d3625781-2eb5-4645-ae58-d5708ebd8546','2016-12-20 20:47:29',NULL),('b4f4c77d-97ba-4ce2-bfe2-8f07aea0f1f5','6b10ecee-c693-4bdb-ae7e-51d871d64968','88294604-f5ab-45a4-91f3-677ced613e11','2016-11-20 23:12:40',NULL),('b5575c9a-000b-4e3a-8798-d9ab5f62cdf2','6b10ecee-c693-4bdb-ae7e-51d871d64968','031d70d7-d83c-4c61-aedf-268ad55ba7d6','2016-11-20 23:12:42',NULL),('b5a6e165-90ab-4cd3-9957-5e1783376a14','3d403e21-983f-4957-9eb3-ad5f8d4d9b98','7','2016-11-20 15:59:02',NULL),('b67fbcdf-f510-445c-9235-e70c1ac2611d','3d403e21-983f-4957-9eb3-ad5f8d4d9b98','57b24278-2106-4d8c-bd4f-f62f83402ea9','2016-11-20 15:59:00',NULL),('b888dfc3-11ae-4fee-be69-4f8d4c3eecbe','1','57b24278-2106-4d8c-bd4f-f62f83402ea9','2016-12-20 20:47:28',NULL),('b889d967-e6f4-4de1-9e0b-58e98b2c21be','6b10ecee-c693-4bdb-ae7e-51d871d64968','8b95f70f-4f50-409b-bf00-faf7059d2d84','2016-11-20 23:12:40',NULL),('bad0160a-d2a5-4c19-be3a-82482531a3cc','3d403e21-983f-4957-9eb3-ad5f8d4d9b98','1','2016-11-20 15:59:00',NULL),('bb4b5cc7-45d8-41f1-9d7d-97835c9150d2','6b10ecee-c693-4bdb-ae7e-51d871d64968','e2e62ef0-e459-4757-91c1-b3c9a96cf76b','2016-11-20 23:12:41',NULL),('bc978fd6-d4bd-4eed-a493-ba25944fc74d','1','0d658563-f39a-43c3-b19f-85d4a8d53785','2016-12-20 20:47:28',NULL),('bd354a0b-ec1a-4fc6-a1de-f01ab39f9041','6b10ecee-c693-4bdb-ae7e-51d871d64968','76537e7d-22f0-45fb-9f81-4072378b4d22','2016-11-20 23:12:39',NULL),('bd919b08-4408-4d0b-b6a0-7019e4677e23','1','801716d0-b6af-4095-aa99-dc6ba7e945e8','2016-12-20 20:47:30',NULL),('be410812-5cd0-4389-a962-9e28f17b6dbc','3d403e21-983f-4957-9eb3-ad5f8d4d9b98','010cfa64-9ddd-4982-96a5-c229e0a85e54','2016-11-20 15:59:01',NULL),('be8c7823-28d6-49a7-876e-2f62852a9fad','1','a79cc37a-06a8-49fa-a0b8-f83241079a59','2016-12-20 20:47:30',NULL),('beb6e1f5-db57-462e-af07-9e66b68c5039','6b10ecee-c693-4bdb-ae7e-51d871d64968','0d7fdd3c-719b-4f59-95d4-bec300358198','2016-11-20 23:12:40',NULL),('bf005148-ac65-40ec-ad4b-77f875ffbc56','1','1','2016-12-20 20:47:27',NULL),('bf5d4a06-a9ff-437d-97b9-b36ebd82084e','3d403e21-983f-4957-9eb3-ad5f8d4d9b98','4812d740-e771-4e24-9a54-4724d5f4a43f','2016-11-20 15:59:01',NULL),('bf6e6997-1313-4054-aba6-e3c3cd764cc7','3d403e21-983f-4957-9eb3-ad5f8d4d9b98','a2ef2557-6804-4023-a11a-978c06876e2f','2016-11-20 15:59:00',NULL),('bf85776f-3198-496c-a8d8-9ee92dcfcb8a','6b10ecee-c693-4bdb-ae7e-51d871d64968','3da369f3-f081-403b-936f-db19be898048','2016-11-20 23:12:42',NULL),('c0b8a7de-7cfd-4345-b96f-0081248ccf25','1','a2ef2557-6804-4023-a11a-978c06876e2f','2016-12-20 20:47:28',NULL),('c250a55f-52af-43b5-8fb3-ec0fb7cf2f97','3d403e21-983f-4957-9eb3-ad5f8d4d9b98','6f505f68-bf33-4d33-a568-ca5edc0c44c6','2016-11-20 15:59:01',NULL),('c2c2f27d-043e-444d-a1f5-bbe71a3d0208','1','f526f1ba-4d97-4349-a2d1-9220f7aea6f8','2016-12-20 20:47:29',NULL),('c30db047-ab9e-4dd4-95c2-7025f6c8f101','3d403e21-983f-4957-9eb3-ad5f8d4d9b98','57cc8c12-b934-4a0e-8e80-7ba7d7ad411f','2016-11-20 15:59:00',NULL),('c32f7d06-4923-4f9a-a108-968d22d580fe','1','3058a96d-c83a-4963-adad-67a1424c5b0c','2016-12-20 20:47:28',NULL),('c5ebeec2-57ba-4481-82fa-e959a1327c9f','1','76537e7d-22f0-45fb-9f81-4072378b4d22','2016-12-20 20:47:27',NULL),('c773553b-5c8b-464b-b461-6850e194acba','6b10ecee-c693-4bdb-ae7e-51d871d64968','6d62b548-8bb3-43e9-a8dd-b3801e79ba1b','2016-11-20 23:12:42',NULL),('c7b871d8-b774-47f9-b651-263225765eb7','6b10ecee-c693-4bdb-ae7e-51d871d64968','4812d740-e771-4e24-9a54-4724d5f4a43f','2016-11-20 23:12:41',NULL),('c93dbf1b-de0d-4e0b-a6db-d443eeb48d09','3d403e21-983f-4957-9eb3-ad5f8d4d9b98','740f960a-4999-459d-9cd8-2ae251a2e7a7','2016-11-20 15:59:00',NULL),('ca697099-be4a-49eb-a70d-1c5d7991dc78','6b10ecee-c693-4bdb-ae7e-51d871d64968','291d45be-6599-499e-8975-9b955fa371fe','2016-11-20 23:12:41',NULL),('cbd1e4f7-2273-4b85-9b59-eb8f8e84c205','1','f358077b-f47a-4db3-be44-fcf35eb6655d','2016-12-20 20:47:29',NULL),('cc5cd7a2-60d4-4a43-9af7-850ef260d463','1','76537e7d-22f0-45fb-9f81-4072378b4d23','2016-12-20 20:47:27',NULL),('cc858b9e-48b2-423b-babd-ea49982de575','1','81c0ca58-0e0d-48cb-b3bb-e0c3e0aa8a68','2016-12-20 20:47:30',NULL),('cc9771d1-3bad-4353-8d19-55c65e37fc3e','3d403e21-983f-4957-9eb3-ad5f8d4d9b98','57dd704d-b1b9-46d7-bc58-def418077e87','2016-11-20 15:59:02',NULL),('cce7e78b-fc8d-4b3a-8a11-a9ad53f6f1d2','1','a8a74cfe-6140-4af7-8291-afa96d9840f0','2016-12-20 20:47:30',NULL),('cd8bc154-8a62-40a0-bdd8-6d109662c906','1','0df387cb-a37c-4b93-b224-340013abec84','2016-12-20 20:47:30',NULL),('ce9dd3a1-b677-4a66-b964-fccb8304275b','6b10ecee-c693-4bdb-ae7e-51d871d64968','a9719e24-dddd-4570-929c-2d2492660f2b','2016-11-20 23:12:40',NULL),('cedc3392-df70-4432-9ac5-be791f0f3900','1','8b8441d2-80a6-415a-99ae-4e253168ebe6','2016-12-20 20:47:29',NULL),('cf2693a4-7ccd-4839-b887-dc79ea19871b','3d403e21-983f-4957-9eb3-ad5f8d4d9b98','7650d4c6-021b-4921-b40d-47e6dc699811','2016-11-20 15:59:01',NULL),('cf4051a7-9b68-439a-befd-d91d2d83dfac','3d403e21-983f-4957-9eb3-ad5f8d4d9b98','65dd0d89-c0e0-4af5-b0ce-d09008b04f5c','2016-11-20 15:59:02',NULL),('d0061135-d694-4407-b3d7-a5925f0e7174','6b10ecee-c693-4bdb-ae7e-51d871d64968','c461cae7-ea69-415d-add4-68b79ff7d870','2016-11-20 23:12:39',NULL),('d07af9e5-603a-4f4f-82bf-f307f3c2e6aa','3d403e21-983f-4957-9eb3-ad5f8d4d9b98','c461cae7-ea69-415d-add4-68b79ff7d870','2016-11-20 15:59:00',NULL),('d10409bc-44ed-43c8-821e-d674cbd6da5b','1','8fdf3ae7-1be6-447a-8212-af30815385c1','2016-12-20 20:47:28',NULL),('d1457807-b01c-4ffc-bb02-949737fe6dc5','6b10ecee-c693-4bdb-ae7e-51d871d64968','219586cb-0181-4a64-921b-cb4973647c0d','2016-11-20 23:12:41',NULL),('d1f41cbe-9ba0-4267-8e33-b52f9d68a7f2','3d403e21-983f-4957-9eb3-ad5f8d4d9b98','66c64371-bc77-4554-b3cc-9da7ee1325ca','2016-11-20 15:59:01',NULL),('d46f59ae-5290-48f5-854d-f35ccca34070','3d403e21-983f-4957-9eb3-ad5f8d4d9b98','db6d5283-4293-400f-9a6c-01b2d90a740d','2016-11-20 15:59:01',NULL),('d58928eb-7b3c-4da5-ba05-ac27b8d9eb7b','6b10ecee-c693-4bdb-ae7e-51d871d64968','74038f5e-5e99-40ad-a2b0-39a1295fcb14','2016-11-20 23:12:42',NULL),('d5c15965-f58e-47c7-8b26-c6c9de6076a4','1','7','2016-12-20 20:47:30',NULL),('d64029c4-dd46-4ea6-adf6-e8fe526d376b','1','b53f8503-8fa7-46b1-bcc4-62bd1d0f4d74','2016-12-20 20:47:29',NULL),('d705e99a-650f-4eb2-9306-811af1af563d','1','8e1073a4-fa36-43df-af19-21ca55116520','2016-12-20 20:47:30',NULL),('d73c67b4-c443-4b78-819f-bfc4e52d362f','6b10ecee-c693-4bdb-ae7e-51d871d64968','c932634a-d74d-4be4-b8f6-7c05912f61da','2016-11-20 23:12:41',NULL),('da011f42-3201-4c19-9ec7-3aa42902295a','3d403e21-983f-4957-9eb3-ad5f8d4d9b98','12c9903e-40f1-498d-9104-1aaf8910d2e0','2016-11-20 15:59:01',NULL),('db2690f6-e252-4eb7-be28-a4faf331aa3b','6b10ecee-c693-4bdb-ae7e-51d871d64968','0ca0618d-10d2-4d76-9c7e-291a0225d6cc','2016-11-20 23:12:42',NULL),('db7eaecf-932f-4419-aef6-a82a29f28022','3d403e21-983f-4957-9eb3-ad5f8d4d9b98','2bdb38d9-57fe-4cd9-a547-55cac5c5645b','2016-11-20 15:59:01',NULL),('dc096750-2c74-4416-b8cb-ab1d8b8f6982','1','96c23912-a136-4bdd-8c66-eabc51c06a24','2016-12-20 20:47:28',NULL),('dc1fb1a5-d622-4082-a8fa-c7a925f9ff4f','6b10ecee-c693-4bdb-ae7e-51d871d64968','a79cc37a-06a8-49fa-a0b8-f83241079a59','2016-11-20 23:12:42',NULL),('dc703484-5fd0-4d55-8025-5198e3060b39','6b10ecee-c693-4bdb-ae7e-51d871d64968','4ffe6df4-e24d-4346-ab70-63bf7488aa88','2016-11-20 23:12:39',NULL),('de1fcac8-fdb4-4592-9ce0-1eaec1ea85c9','6b10ecee-c693-4bdb-ae7e-51d871d64968','a2ef2557-6804-4023-a11a-978c06876e2f','2016-11-20 23:12:40',NULL),('e0198a43-c302-4480-a624-c08715bf3e28','6b10ecee-c693-4bdb-ae7e-51d871d64968','0d658563-f39a-43c3-b19f-85d4a8d53785','2016-11-20 23:12:40',NULL),('e05a6358-e20d-48d7-83a4-2743b09565a7','3d403e21-983f-4957-9eb3-ad5f8d4d9b98','de80089c-77c8-4aec-8efc-2c0b37d9fe6f','2016-11-20 15:59:01',NULL),('e196af11-05c8-4c87-8b5f-331e8d092352','1','4ffe6df4-e24d-4346-ab70-63bf7488aa88','2016-12-20 20:47:27',NULL),('e254f344-39c2-41ee-96b7-444487f8a8c8','6b10ecee-c693-4bdb-ae7e-51d871d64968','6f505f68-bf33-4d33-a568-ca5edc0c44c6','2016-11-20 23:12:41',NULL),('e34f9138-c115-422e-89a2-8fd2c21626db','1','010cfa64-9ddd-4982-96a5-c229e0a85e54','2016-12-20 20:47:29',NULL),('e3941c35-5243-4901-b7e6-bfb5ad7e019d','6b10ecee-c693-4bdb-ae7e-51d871d64968','3c303ae8-ba46-43e9-a8f2-fb6367015382','2016-11-20 23:12:42',NULL),('e51b840f-6e1f-4782-ac7b-513fdbc73df4','1','cddae8f4-cf3f-45e5-8efd-7a91f13ce116','2016-12-20 20:47:30',NULL),('e51f3a99-d918-4a5d-bdd3-262b818948ad','3d403e21-983f-4957-9eb3-ad5f8d4d9b98','c932634a-d74d-4be4-b8f6-7c05912f61da','2016-11-20 15:59:01',NULL),('e5448114-e1af-4391-9086-e9231d188304','1','6e401340-9776-47c1-996e-142bdc022139','2016-12-20 20:47:28',NULL),('e58532e9-51e8-4ea8-acc1-5a8ea1408e9e','3d403e21-983f-4957-9eb3-ad5f8d4d9b98','8b95f70f-4f50-409b-bf00-faf7059d2d84','2016-11-20 15:59:00',NULL),('e5a4ba3a-fea0-49fe-ac87-52072a0629ec','1','9626bd2f-8719-4f5a-8d1b-d31de9415ee0','2016-12-20 20:47:30',NULL),('e6a8ebf7-749d-4ad6-a96f-301751b17ce0','3d403e21-983f-4957-9eb3-ad5f8d4d9b98','6','2016-11-20 15:59:02',NULL),('e6c5ecc8-21e6-485e-a9f3-ac692bf03723','1','6bfb65d5-bea7-4e7e-b55a-61e4879460ec','2016-12-20 20:47:28',NULL),('e6f71093-d678-42b3-81e5-c6aeedcd6c26','6b10ecee-c693-4bdb-ae7e-51d871d64968','d04216e6-3945-4ce3-827c-cd9803e41e9d','2016-11-20 23:12:40',NULL),('e7960ab3-0a6c-4ac3-b2c3-3098451cf71f','1','a8961999-0d41-49a9-9570-edf8728da220','2016-12-20 20:47:29',NULL),('e8afe530-06a2-4e73-bdfa-c55b679094f5','6b10ecee-c693-4bdb-ae7e-51d871d64968','ae4f8e00-0759-4689-bab8-6a5f9ebcd9c1','2016-11-20 23:12:41',NULL),('e8dbcbdf-5cf8-40e6-9e0a-0f7f34fcde33','6b10ecee-c693-4bdb-ae7e-51d871d64968','00131316-864e-45fa-8001-17f7998d2073','2016-11-20 23:12:41',NULL),('e9b4e27f-66a2-4887-a8ff-3dd41656898b','3d403e21-983f-4957-9eb3-ad5f8d4d9b98','ae4f8e00-0759-4689-bab8-6a5f9ebcd9c1','2016-11-20 15:59:01',NULL),('ea93776b-25c9-40a5-b4fc-88202f037d9a','1','64381cb7-f044-41b9-816d-55b60e76ff2b','2016-12-20 20:47:30',NULL),('eac92197-103b-48e1-a2cd-4a07156528d7','3d403e21-983f-4957-9eb3-ad5f8d4d9b98','0','2016-11-20 15:59:00',NULL),('eadb83ab-a4c2-45cb-9cfd-1ea21aee86ea','3d403e21-983f-4957-9eb3-ad5f8d4d9b98','ec86d695-342e-46bc-9e8f-b9d3548067c7','2016-11-20 15:59:01',NULL),('eb534228-80e0-46d2-86b0-ec96e2744317','1','ba17826c-cb3d-4151-bcba-06fd43cf7ffb','2016-12-20 20:47:28',NULL),('ecc40e17-9ccf-40b8-a1a7-92fcedee28c5','6b10ecee-c693-4bdb-ae7e-51d871d64968','6bfb65d5-bea7-4e7e-b55a-61e4879460ec','2016-11-20 23:12:40',NULL),('ece0aae5-fd24-4aa8-8c97-7c8dc0161ace','6b10ecee-c693-4bdb-ae7e-51d871d64968','8b8441d2-80a6-415a-99ae-4e253168ebe6','2016-11-20 23:12:41',NULL),('ee4aab32-acd8-4ab8-936f-4865ebcda8d7','3d403e21-983f-4957-9eb3-ad5f8d4d9b98','77a8e016-26ed-4d33-ac26-94279a318807','2016-11-20 15:59:01',NULL),('f226de04-d816-419d-be48-649c14f925e9','6b10ecee-c693-4bdb-ae7e-51d871d64968','ea273d77-74fb-462a-a812-52a408d81e2c','2016-11-20 23:12:40',NULL),('f23b119a-d8f1-4446-872a-c8630d78e465','6b10ecee-c693-4bdb-ae7e-51d871d64968','1','2016-11-20 23:12:39',NULL),('f35c69b8-5547-49a1-9951-bc9b50744cd5','1','e8be5f11-73f4-4d40-8293-0b8a1463ea47','2016-12-20 20:47:29',NULL),('f401e62e-39c5-4817-b7ee-184c64aeac3a','3d403e21-983f-4957-9eb3-ad5f8d4d9b98','e8be5f11-73f4-4d40-8293-0b8a1463ea47','2016-11-20 15:59:01',NULL),('f47289ab-9d7d-4ce7-891f-7c90a1c1f794','1','e7ec535b-7d35-4ce5-b7b6-a6c5c428c223','2016-12-20 20:47:28',NULL),('f5df1f07-5729-425b-94b9-a5a24ac4e39e','1','ad83ebed-9e03-4d60-ab47-d03159689fde','2016-12-20 20:47:29',NULL),('f6916e36-deec-4138-8c07-2220a1b6d067','6b10ecee-c693-4bdb-ae7e-51d871d64968','b1497ee8-4638-4c71-9609-eaf405819b59','2016-11-20 23:12:41',NULL),('f77057d3-7381-422e-b0e6-8bc098c0d834','1','6d62b548-8bb3-43e9-a8dd-b3801e79ba1b','2016-12-20 20:47:30',NULL),('f817732c-b7b8-4183-b5c3-0255789fe7ad','6b10ecee-c693-4bdb-ae7e-51d871d64968','2513b0cc-d92e-49b4-b0e1-2c9abb3877f6','2016-11-20 23:12:39',NULL),('f88e0b1a-0ef8-4393-ba4b-313188bbbab3','6b10ecee-c693-4bdb-ae7e-51d871d64968','65dd0d89-c0e0-4af5-b0ce-d09008b04f5c','2016-11-20 23:12:42',NULL),('f8b3c580-608f-4fdb-ad92-805821b66159','6b10ecee-c693-4bdb-ae7e-51d871d64968','c340d04f-1302-4252-bed3-25a2422f5a55','2016-11-20 23:12:41',NULL),('f941d267-015b-430e-8202-c33ce05a19fb','1','6f505f68-bf33-4d33-a568-ca5edc0c44c6','2016-12-20 20:47:29',NULL),('fbae3725-46e9-4bb6-af1d-d593d9f8699b','1','1b9441eb-2297-4df5-ab5e-50e030dd6dff','2016-12-20 20:47:30',NULL),('fd86923c-7140-4646-9acf-61ee0273db4c','6b10ecee-c693-4bdb-ae7e-51d871d64968','d3625781-2eb5-4645-ae58-d5708ebd8546','2016-11-20 23:12:41',NULL),('fdeb4074-f54b-4b6e-9119-e0b42732a109','1','7b70a90a-5318-406d-9008-5f01ac6248ae','2016-12-20 20:47:29',NULL),('fe3fa0fe-390d-421c-8ecd-d525ea047e5e','1','e2e62ef0-e459-4757-91c1-b3c9a96cf76b','2016-12-20 20:47:28',NULL),('ff153580-8f69-47c7-8d92-d572fb03ba9c','3d403e21-983f-4957-9eb3-ad5f8d4d9b98','11937864-530a-4fdc-9980-6191431155ee','2016-11-20 15:59:00',NULL);

/*Table structure for table `sys_role_pvggroup` */

DROP TABLE IF EXISTS `sys_role_pvggroup`;

CREATE TABLE `sys_role_pvggroup` (
  `id` varchar(50) COLLATE utf8_bin NOT NULL COMMENT '记录标识',
  `role_id` varchar(50) COLLATE utf8_bin DEFAULT NULL COMMENT '角色ID',
  `pvggroup_id` varchar(50) COLLATE utf8_bin DEFAULT NULL COMMENT '权限组ID',
  `create_time` datetime DEFAULT NULL COMMENT '创建时间',
  PRIMARY KEY (`id`)
) ENGINE=InnoDB DEFAULT CHARSET=utf8 COLLATE=utf8_bin COMMENT='角色权限组表';

/*Data for the table `sys_role_pvggroup` */

insert  into `sys_role_pvggroup`(`id`,`role_id`,`pvggroup_id`,`create_time`) values ('0174690e-9896-4e2e-b74f-1dbf8348271f','628eed1f-cdeb-403e-81e1-014f30e827eb','349f3bb2-1c8e-4ef1-a464-0f200e92700a','2016-10-25 20:38:09'),('43b110de-79db-4fc7-82ba-c07ea22228d8','3d403e21-983f-4957-9eb3-ad5f8d4d9b98','09206cd4-40ca-4f12-91dd-6c6e73c273a4','2016-10-29 16:55:04'),('87822ca4-2cba-4ca5-8fe7-cd5af6ebb4aa','3b3f4261-ce66-417e-8831-82cbd235700e','ff4d05ff-93a4-459d-bda9-8f8970802e44','2016-10-26 22:52:42'),('b4a52ef1-79b0-4626-9d09-514a14e13f43','6b10ecee-c693-4bdb-ae7e-51d871d64968','e85a9c3b-974e-4bc0-8d05-8b9bc82714a1','2016-10-25 22:57:14');

/*Table structure for table `sys_role_rolegroup` */

DROP TABLE IF EXISTS `sys_role_rolegroup`;

CREATE TABLE `sys_role_rolegroup` (
  `id` varchar(50) COLLATE utf8_bin NOT NULL COMMENT '记录标识',
  `rg_id` varchar(50) COLLATE utf8_bin DEFAULT NULL COMMENT '角色组ID',
  `role_id` varchar(50) COLLATE utf8_bin DEFAULT NULL COMMENT '角色ID',
  `create_time` datetime DEFAULT NULL COMMENT '创建时间',
  PRIMARY KEY (`id`)
) ENGINE=InnoDB DEFAULT CHARSET=utf8 COLLATE=utf8_bin COMMENT='角色角色组表';

/*Data for the table `sys_role_rolegroup` */

insert  into `sys_role_rolegroup`(`id`,`rg_id`,`role_id`,`create_time`) values ('05cd772a-5e4d-41de-b66b-01958b60bc22','20ef326f-116f-40dc-baa8-d2ae82837af6','3d403e21-983f-4957-9eb3-ad5f8d4d9b98','2016-10-29 15:56:16'),('24fd567a-bc13-4dd2-9965-94aee269d49d','c6f6811e-a731-43b8-b137-5e91cc1a36cf','3b2541f2-114f-429a-a6fd-a59344f4d991','2016-10-29 00:14:52'),('2cec2cc1-fb4f-47dc-b893-2fb3cead6762','a61fcc58-4171-487e-85cf-b0d457de2cf6','2822b1af-2db9-4365-980e-8037e47b6064','2016-10-25 21:41:04'),('6694c206-8b34-4269-a5cd-b1d5cd8960b5','db961902-c018-4e0f-92be-3f712ba5b885','628eed1f-cdeb-403e-81e1-014f30e827eb','2016-10-23 10:51:36'),('db751888-0c23-4f5a-98b5-63bd17910629','a61fcc58-4171-487e-85cf-b0d457de2cf6','6b10ecee-c693-4bdb-ae7e-51d871d64968','2016-10-25 21:41:04'),('ec35d0f4-2f9d-4587-b67b-a4594c9db15b','db961902-c018-4e0f-92be-3f712ba5b885','3b2541f2-114f-429a-a6fd-a59344f4d991','2016-10-23 10:51:36');

/*Table structure for table `sys_rolegroup` */

DROP TABLE IF EXISTS `sys_rolegroup`;

CREATE TABLE `sys_rolegroup` (
  `rg_id` varchar(50) COLLATE utf8_bin NOT NULL COMMENT '记录标识',
  `rg_name` varchar(100) COLLATE utf8_bin DEFAULT NULL COMMENT '角色组名称',
  `rg_desc` varchar(100) COLLATE utf8_bin DEFAULT NULL COMMENT '角色组描述',
  `create_time` datetime DEFAULT NULL COMMENT '创建时间',
  `note` varchar(100) COLLATE utf8_bin DEFAULT NULL COMMENT '备注',
  PRIMARY KEY (`rg_id`)
) ENGINE=InnoDB DEFAULT CHARSET=utf8 COLLATE=utf8_bin COMMENT='角色组表';

/*Data for the table `sys_rolegroup` */

insert  into `sys_rolegroup`(`rg_id`,`rg_name`,`rg_desc`,`create_time`,`note`) values ('20ef326f-116f-40dc-baa8-d2ae82837af6','test','test','2016-10-29 15:54:13','test'),('a61fcc58-4171-487e-85cf-b0d457de2cf6','柔柔弱弱','柔柔弱弱','2016-10-25 21:40:57','日日日日'),('c6f6811e-a731-43b8-b137-5e91cc1a36cf','多大的','多大的','2016-10-22 23:44:00','多大的'),('db961902-c018-4e0f-92be-3f712ba5b885','水电费1','水电费2','2016-10-22 23:36:38','水电费');

/*Table structure for table `sys_user` */

DROP TABLE IF EXISTS `sys_user`;

CREATE TABLE `sys_user` (
  `user_id` varchar(50) COLLATE utf8_bin NOT NULL COMMENT '用户ID',
  `org_sid` varchar(50) COLLATE utf8_bin DEFAULT NULL COMMENT '组织ID',
  `login_account` varchar(100) COLLATE utf8_bin DEFAULT NULL COMMENT '登录帐号',
  `username` varchar(100) COLLATE utf8_bin DEFAULT NULL COMMENT '用户姓名',
  `passwd` varchar(100) COLLATE utf8_bin DEFAULT NULL COMMENT '用户密码',
  `sex` decimal(1,0) DEFAULT NULL COMMENT '用户性别',
  `theme` varchar(50) COLLATE utf8_bin DEFAULT NULL COMMENT '系统主题',
  `office` varchar(50) COLLATE utf8_bin DEFAULT NULL COMMENT '职位',
  `tel` varchar(20) COLLATE utf8_bin DEFAULT NULL COMMENT '手机号',
  `email` varchar(100) COLLATE utf8_bin DEFAULT NULL COMMENT '电子邮箱',
  `login_count` decimal(8,0) DEFAULT NULL COMMENT '登录次数',
  `photo` varchar(200) COLLATE utf8_bin DEFAULT NULL COMMENT '头像',
  `birthday` date DEFAULT NULL COMMENT '出生日期',
  `ct_user_id` varchar(50) COLLATE utf8_bin DEFAULT NULL COMMENT '创建用户',
  `create_time` datetime DEFAULT NULL COMMENT '创建时间',
  `up_user_id` varchar(50) COLLATE utf8_bin DEFAULT NULL COMMENT '修改用户',
  `up_time` datetime DEFAULT NULL COMMENT '修改时间',
  `login_time` datetime DEFAULT NULL COMMENT '登录时间',
  `last_login_time` datetime DEFAULT NULL COMMENT '上次登录时间',
  `que_answer` varchar(100) COLLATE utf8_bin DEFAULT NULL COMMENT '密码提示答案',
  `enable_position` decimal(1,0) DEFAULT NULL COMMENT '是否启用职位',
  `role_enable_type` decimal(1,0) DEFAULT NULL COMMENT '角色启用类型',
  `question` varchar(200) COLLATE utf8_bin DEFAULT NULL COMMENT '密码提示问题',
  `ismanage` decimal(1,0) DEFAULT NULL COMMENT '是否管理',
  `note` varchar(100) COLLATE utf8_bin DEFAULT NULL COMMENT '备注',
  `allow_edit` decimal(1,0) DEFAULT NULL COMMENT '允许编辑',
  `allow_del` decimal(1,0) DEFAULT NULL COMMENT '允许删除',
  `del` decimal(1,0) DEFAULT NULL COMMENT '删除状态 2-冻结',
  PRIMARY KEY (`user_id`)
) ENGINE=InnoDB DEFAULT CHARSET=utf8 COLLATE=utf8_bin COMMENT='系统用户表';

/*Data for the table `sys_user` */

insert  into `sys_user`(`user_id`,`org_sid`,`login_account`,`username`,`passwd`,`sex`,`theme`,`office`,`tel`,`email`,`login_count`,`photo`,`birthday`,`ct_user_id`,`create_time`,`up_user_id`,`up_time`,`login_time`,`last_login_time`,`que_answer`,`enable_position`,`role_enable_type`,`question`,`ismanage`,`note`,`allow_edit`,`allow_del`,`del`) values ('1',NULL,'admin','管理员','zeCYM1JZtTEvok4O/4yOtKQn/0aSpDCq9JFrt1Ym9xU=','1',NULL,NULL,'111','11',NULL,'/api/attachment/download?attachmentId=E85EB18C-81DA-4FB5-8FFC-CBA57D6B320B','1992-05-29','admin','2016-10-23 15:33:26','admin','2016-11-20 16:24:24','2017-01-22 22:20:41','2017-01-22 22:19:31','11111111','0','0','1111111','1','11111111111111','1','0','0'),('3c76c64e-3746-489a-9b03-68ee0eeae817',NULL,'agou','阿狗','wYuIg3SrhnDRtAYcNXtWIFDT/kDILAEIY2NTV/E79Z4=','1',NULL,NULL,'','',NULL,'',NULL,'admin','2016-11-05 00:05:09',NULL,NULL,NULL,NULL,'','1','0','',NULL,'','1','0','0'),('78b16b39-6895-480a-8e88-24c223469fc6',NULL,'amao','阿毛','jQD/b8SY8Sw6WlRbrKxV1yerL1OlMKZ+PJqOa7YB3y4=','1',NULL,NULL,'','',NULL,'',NULL,'admin','2016-11-04 23:50:51','admin','2016-11-04 23:51:04',NULL,NULL,'','1','1','',NULL,'','1','0','0'),('82a79583-25a9-4cb9-ad79-a515cfbd0dfd',NULL,'tests','test','6tMJhWJjHiticUcwnDB7PcloBt09jztsQ1DFEP43dbo=','1',NULL,NULL,'test','test',NULL,'/api/attachment/download?attachmentId=6C300A41-52F4-4ADE-8F7E-8867415CDAE6','2016-10-23','admin','2016-10-23 22:58:18',NULL,NULL,NULL,NULL,'test','1',NULL,'test',NULL,'test','1','1','1'),('8923eddd-4db2-4050-8a50-be30f16b7ecb',NULL,'luozhixiang','罗志祥','hDAaBc+I5d3xOr4mpRDUCSygi1ZBtfjDa/6gaUtOO80=','1',NULL,NULL,'','',NULL,'/api/attachment/download?attachmentId=88933548-C206-485D-B15B-BD482DA11387',NULL,'admin','2016-10-27 22:33:17','luozhixiang','2016-11-20 16:30:59',NULL,NULL,'','1','2','',NULL,'','1','0','0'),('f6b1d3fd-b343-4fa6-b420-9a548130524a',NULL,'nima','尼玛','GXezjY4I7WJEwsJNvAKSlaza/RnZXil+Ygxm0vMCv1o=','1',NULL,NULL,'','',NULL,'',NULL,'admin','2016-11-04 22:02:54',NULL,NULL,NULL,NULL,'','1','0','',NULL,'','1','0','0'),('fbd94dc8-9701-4376-9b4e-32daa946eb27',NULL,'test','测试','fR3wAPyZD/ZN8Ipo+Dded61K4Mo6Bt0VVLw9O2FfMh0=','1',NULL,NULL,'test','test@test.com',NULL,'/api/attachment/download?attachmentId=F109F346-F61C-4BD2-8914-74EE3BCEC1CF','2016-10-23','admin','2016-10-23 23:05:17','admin','2016-11-20 15:42:13',NULL,NULL,'test','1','0','test',NULL,'测试','1','1','0');

/*Table structure for table `sys_user_org` */

DROP TABLE IF EXISTS `sys_user_org`;

CREATE TABLE `sys_user_org` (
  `uo_id` varchar(50) COLLATE utf8_bin NOT NULL COMMENT '记录标识',
  `user_id` varchar(50) COLLATE utf8_bin DEFAULT NULL COMMENT '用户id',
  `org_id` varchar(50) COLLATE utf8_bin DEFAULT NULL COMMENT '组织机构id',
  `create_time` datetime DEFAULT NULL COMMENT '创建时间',
  PRIMARY KEY (`uo_id`)
) ENGINE=InnoDB DEFAULT CHARSET=utf8 COLLATE=utf8_bin COMMENT='用户组织机构关系表';

/*Data for the table `sys_user_org` */

insert  into `sys_user_org`(`uo_id`,`user_id`,`org_id`,`create_time`) values ('58af3301-c175-4804-a396-b86ba944f0e0','3c76c64e-3746-489a-9b03-68ee0eeae817','c82e5680-7f16-4d40-b61b-546c933f5fe3','2016-11-05 00:05:09'),('8cdc4ef9-78b1-4eda-8140-5709278c5740','fbd94dc8-9701-4376-9b4e-32daa946eb27','d099bdad-6bed-4e9a-a64a-35afc458e94a','2016-10-29 00:28:27'),('9677f327-de5c-4cb4-a63c-e68f3354c090','8923eddd-4db2-4050-8a50-be30f16b7ecb','c82e5680-7f16-4d40-b61b-546c933f5fe3','2016-10-27 23:08:22'),('b1f9d049-382b-434a-accf-f4cc5a879345','78b16b39-6895-480a-8e88-24c223469fc6','d099bdad-6bed-4e9a-a64a-35afc458e94a','2016-11-04 23:50:51'),('de12a7f3-5bb6-4f87-bece-5a404f4d9a9b','1','4f42b5ba-808b-4c26-ba39-05d3e6c4185c','2016-11-19 21:46:51');

/*Table structure for table `sys_user_position` */

DROP TABLE IF EXISTS `sys_user_position`;

CREATE TABLE `sys_user_position` (
  `up_id` varchar(50) COLLATE utf8_bin NOT NULL COMMENT '记录标识',
  `user_id` varchar(50) COLLATE utf8_bin DEFAULT NULL COMMENT '用户id',
  `position_id` varchar(50) COLLATE utf8_bin DEFAULT NULL COMMENT '职位id',
  `create_time` datetime DEFAULT NULL COMMENT '创建时间',
  PRIMARY KEY (`up_id`)
) ENGINE=InnoDB DEFAULT CHARSET=utf8 COLLATE=utf8_bin COMMENT='用户职位关系表';

/*Data for the table `sys_user_position` */

insert  into `sys_user_position`(`up_id`,`user_id`,`position_id`,`create_time`) values ('0002a73b-d0dc-4d94-8bed-e7c5f0503fe3',NULL,'55f59011-f8bb-47b0-a18c-1f62fbf063ba','2016-10-29 00:04:14'),('009e7e42-d487-41f8-b9f1-b8c76ee5c22a','8923eddd-4db2-4050-8a50-be30f16b7ecb','a6a898cf-f00f-46b0-a131-ee84a3bb2b91','2016-10-29 00:28:46'),('04a355c6-e300-408e-8b55-134d5c61dcfe','8923eddd-4db2-4050-8a50-be30f16b7ecb','e6294723-3410-4766-8c56-977a8d4ef5dc','2016-10-29 00:28:46'),('21cd5692-3b72-4131-968a-e7b05b03af55','fbd94dc8-9701-4376-9b4e-32daa946eb27','55f59011-f8bb-47b0-a18c-1f62fbf063ba','2016-10-29 00:24:15'),('3eab2298-095b-4b32-9b0b-e2d92d8b7df2','fbd94dc8-9701-4376-9b4e-32daa946eb27','e6294723-3410-4766-8c56-977a8d4ef5dc','2016-10-29 00:24:15'),('5800731b-c8ed-49b8-bd33-8fbea761696d',NULL,'e6294723-3410-4766-8c56-977a8d4ef5dc','2016-10-29 00:04:30'),('67138286-b5c0-452e-8d85-8f112679fd69',NULL,'e6294723-3410-4766-8c56-977a8d4ef5dc','2016-10-29 00:04:14'),('6d61e2be-5224-495c-bb5e-030aea41ce5f',NULL,'a6a898cf-f00f-46b0-a131-ee84a3bb2b91','2016-10-28 23:58:59'),('a2817a1c-b054-4bc7-8215-26e09d077ac4','8923eddd-4db2-4050-8a50-be30f16b7ecb','55f59011-f8bb-47b0-a18c-1f62fbf063ba','2016-10-29 00:28:46'),('a61bf91f-23bd-4418-9990-cd89f199ff8e',NULL,'55f59011-f8bb-47b0-a18c-1f62fbf063ba','2016-10-29 00:20:37'),('b32e20ae-6f4c-47a8-8d7d-6cdf98b63198',NULL,'e6294723-3410-4766-8c56-977a8d4ef5dc','2016-10-28 23:58:59'),('b50ec2e2-83dc-4143-b4bf-8dd6538b4e3e',NULL,'55f59011-f8bb-47b0-a18c-1f62fbf063ba','2016-10-29 00:04:30'),('d9668892-41b2-414f-b13a-66239241e6cb',NULL,'a6a898cf-f00f-46b0-a131-ee84a3bb2b91','2016-10-29 00:04:14'),('df445d20-ec48-4314-ab13-fe7e0143f1c2',NULL,'55f59011-f8bb-47b0-a18c-1f62fbf063ba','2016-10-28 23:58:59'),('e162c4c7-8585-4d4d-a630-2b6361981386',NULL,'e6294723-3410-4766-8c56-977a8d4ef5dc','2016-10-29 00:17:57'),('f2ffacf6-7ec6-4c32-acdd-805336af77de',NULL,'e6294723-3410-4766-8c56-977a8d4ef5dc','2016-10-29 00:05:33');

/*Table structure for table `sys_user_role` */

DROP TABLE IF EXISTS `sys_user_role`;

CREATE TABLE `sys_user_role` (
  `ur_id` varchar(50) COLLATE utf8_bin NOT NULL COMMENT '记录标识',
  `user_id` varchar(50) COLLATE utf8_bin DEFAULT NULL COMMENT '用户ID',
  `role_id` varchar(50) COLLATE utf8_bin DEFAULT NULL COMMENT '角色ID',
  `create_time` datetime DEFAULT NULL COMMENT '创建时间',
  PRIMARY KEY (`ur_id`)
) ENGINE=InnoDB DEFAULT CHARSET=utf8 COLLATE=utf8_bin COMMENT='用户角色表';

/*Data for the table `sys_user_role` */

insert  into `sys_user_role`(`ur_id`,`user_id`,`role_id`,`create_time`) values ('2fba9519-5795-4ee6-954c-71aa364934a0','8923eddd-4db2-4050-8a50-be30f16b7ecb','3d403e21-983f-4957-9eb3-ad5f8d4d9b98','2016-10-29 15:55:54'),('406f49a5-cd8b-41e9-9cd0-e74442cb2cb2','1','1','2016-10-28 22:31:11'),('c30c0b4a-9ad2-49b1-9d4a-2ad8e45bc42b','fbd94dc8-9701-4376-9b4e-32daa946eb27','3d403e21-983f-4957-9eb3-ad5f8d4d9b98','2016-10-29 10:37:04');

/*Table structure for table `sys_user_rolegroup` */

DROP TABLE IF EXISTS `sys_user_rolegroup`;

CREATE TABLE `sys_user_rolegroup` (
  `ur_id` varchar(50) COLLATE utf8_bin NOT NULL COMMENT '记录标识',
  `user_id` varchar(50) COLLATE utf8_bin DEFAULT NULL COMMENT '用户ID',
  `rg_id` varchar(50) COLLATE utf8_bin DEFAULT NULL COMMENT '角色组ID',
  `create_time` datetime DEFAULT NULL COMMENT '创建时间',
  PRIMARY KEY (`ur_id`)
) ENGINE=InnoDB DEFAULT CHARSET=utf8 COLLATE=utf8_bin COMMENT=' 用户角色组表';

/*Data for the table `sys_user_rolegroup` */

insert  into `sys_user_rolegroup`(`ur_id`,`user_id`,`rg_id`,`create_time`) values ('b1446bcd-61be-4236-a15b-7efd4a55caf7','8923eddd-4db2-4050-8a50-be30f16b7ecb','20ef326f-116f-40dc-baa8-d2ae82837af6','2016-10-29 15:56:00');

/* Function  structure for function  `getChilds` */

/*!50003 DROP FUNCTION IF EXISTS `getChilds` */;
DELIMITER $$

/*!50003 CREATE DEFINER=`smertbox`@`%` FUNCTION `getChilds`(rootId VARCHAR(200)) RETURNS varchar(1000) CHARSET utf8 COLLATE utf8_bin
BEGIN
      DECLARE sTemp VARCHAR(1000);
      DECLARE sTempChild VARCHAR(1000);
    
       SET sTemp = '$';
       SET sTempChild = rootId;
    
       WHILE sTempChild is not null DO
         SET sTemp = concat(sTemp,',',sTempChild);
         SELECT group_concat(menu_id) INTO sTempChild FROM sys_menu where FIND_IN_SET(menu_pid,sTempChild)>0;
       END WHILE;
       
       RETURN sTemp;
     END */$$
DELIMITER ;

/* Function  structure for function  `queryChildrenParam` */

/*!50003 DROP FUNCTION IF EXISTS `queryChildrenParam` */;
DELIMITER $$

/*!50003 CREATE DEFINER=`smertbox`@`%` FUNCTION `queryChildrenParam`(parId VARCHAR(200)) RETURNS varchar(4000) CHARSET utf8 COLLATE utf8_bin
BEGIN
	DECLARE sTemp VARCHAR(1000);
	DECLARE sTempChild VARCHAR(1000);
    
	SET sTemp = '$';
	SET sTempChild = parId;
    
	WHILE sTempChild IS NOT NULL DO
         SET sTemp = CONCAT(sTemp,',',sTempChild);
         SELECT GROUP_CONCAT(par_id) INTO sTempChild FROM cm_parameter WHERE FIND_IN_SET(par_pid,sTempChild)>0;
	END WHILE;
       
	return sTemp;
    END */$$
DELIMITER ;

/* Procedure structure for procedure `getChildsProcs` */

/*!50003 DROP PROCEDURE IF EXISTS  `getChildsProcs` */;

DELIMITER $$

/*!50003 CREATE DEFINER=`smertbox`@`%` PROCEDURE `getChildsProcs`()
BEGIN
    END */$$
DELIMITER ;

/*!40101 SET SQL_MODE=@OLD_SQL_MODE */;
/*!40014 SET FOREIGN_KEY_CHECKS=@OLD_FOREIGN_KEY_CHECKS */;
/*!40014 SET UNIQUE_CHECKS=@OLD_UNIQUE_CHECKS */;
/*!40111 SET SQL_NOTES=@OLD_SQL_NOTES */;
